# Blender v2.92.0 OBJ File: ''
# www.blender.org
mtllib fork.mtl
o stank_Cylinder.009
v 1.481173 0.679090 -0.149578
v 2.337471 0.657223 -0.023652
v 2.337471 0.651030 -0.011989
v 1.481173 0.669614 -0.131729
v 2.337471 0.647232 0.000658
v 1.481173 0.663802 -0.112375
v 2.337471 0.645975 0.013803
v 1.481173 0.661877 -0.092259
v 2.337471 0.647305 0.026941
v 1.481173 0.663915 -0.072154
v 2.337471 0.651175 0.039566
v 1.481173 0.669835 -0.052833
v 2.337471 0.657431 0.051195
v 1.481173 0.679410 -0.035038
v 2.337471 0.665838 0.061378
v 1.481173 0.692273 -0.019452
v 2.337471 0.676069 0.069727
v 1.481173 0.707930 -0.006676
v 2.337471 0.687732 0.075919
v 1.481173 0.725778 0.002800
v 2.337471 0.700379 0.079717
v 1.481173 0.745133 0.008612
v 2.337471 0.713523 0.080975
v 1.481173 0.765249 0.010536
v 2.337471 0.726661 0.079643
v 1.481173 0.785355 0.008499
v 2.337471 0.739286 0.075775
v 1.481173 0.804675 0.002579
v 2.337471 0.750915 0.069518
v 1.481173 0.822471 -0.006997
v 2.337471 0.761099 0.061112
v 1.481173 0.838057 -0.019861
v 2.337471 0.769447 0.050881
v 1.481173 0.850832 -0.035517
v 2.337471 0.775640 0.039218
v 1.481173 0.860308 -0.053366
v 2.337471 0.779438 0.026571
v 1.481173 0.866120 -0.072720
v 2.337471 0.780695 0.013426
v 1.481173 0.868045 -0.092836
v 2.337471 0.779364 0.000289
v 1.481173 0.866007 -0.112941
v 2.337471 0.775495 -0.012337
v 1.481173 0.860087 -0.132262
v 2.337471 0.769239 -0.023966
v 1.481173 0.850511 -0.150058
v 2.337471 0.760832 -0.034150
v 1.481173 0.837649 -0.165643
v 2.337471 0.750602 -0.042498
v 1.481173 0.821991 -0.178419
v 2.337471 0.738939 -0.048691
v 1.481173 0.804143 -0.187895
v 2.337471 0.726291 -0.052488
v 1.481173 0.784788 -0.193706
v 2.337471 0.713147 -0.053746
v 1.481173 0.764672 -0.195631
v 2.337471 0.700009 -0.052415
v 1.481173 0.744567 -0.193594
v 2.337471 0.687383 -0.048547
v 1.481173 0.725247 -0.187674
v 2.337471 0.675755 -0.042289
v 1.481173 0.707451 -0.178098
v 2.337471 0.665571 -0.033883
v 1.481173 0.691865 -0.165234
v 0.004322 0.692163 -0.000447
v 1.309889 0.684143 -0.178678
v 1.309889 0.673908 -0.159399
v 0.004322 0.680301 0.021896
v 1.309889 0.667630 -0.138496
v 0.004322 0.673026 0.046122
v 1.309889 0.665553 -0.116768
v 0.004322 0.670617 0.071303
v 1.309889 0.667753 -0.095053
v 0.004322 0.673167 0.096469
v 1.309889 0.674147 -0.074184
v 0.004322 0.680578 0.120656
v 1.309889 0.684490 -0.054964
v 0.004322 0.692564 0.142931
v 1.309889 0.698383 -0.038131
v 0.004322 0.708666 0.162439
v 1.309889 0.715292 -0.024332
v 0.004322 0.728265 0.178432
v 1.309889 0.734571 -0.014097
v 0.004322 0.750607 0.190293
v 1.309889 0.755475 -0.007820
v 0.004322 0.774834 0.197569
v 1.309889 0.777202 -0.005741
v 0.004322 0.800015 0.199978
v 1.309889 0.798917 -0.007941
v 0.004322 0.825182 0.197428
v 1.309889 0.819785 -0.014336
v 0.004322 0.849367 0.190018
v 1.309889 0.839006 -0.024678
v 0.004322 0.871642 0.178031
v 1.309889 0.855839 -0.038572
v 0.004322 0.891151 0.161929
v 1.309889 0.869639 -0.055482
v 0.004322 0.907143 0.142330
v 1.309889 0.879873 -0.074760
v 0.004322 0.919005 0.119988
v 1.309889 0.886150 -0.095664
v 0.004322 0.926280 0.095761
v 1.309889 0.888229 -0.117392
v 0.004322 0.928689 0.070581
v 1.309889 0.886029 -0.139107
v 0.004322 0.926139 0.045414
v 1.309889 0.879635 -0.159975
v 0.004322 0.918729 0.021229
v 1.309889 0.869292 -0.179195
v 0.004322 0.906742 -0.001047
v 1.309889 0.855398 -0.196029
v 0.004322 0.890640 -0.020556
v 1.309889 0.838488 -0.209828
v 0.004322 0.871041 -0.036548
v 1.309889 0.819210 -0.220063
v 0.004322 0.848700 -0.048410
v 1.309889 0.798306 -0.226340
v 0.004322 0.824474 -0.055685
v 1.309889 0.776579 -0.228419
v 0.004322 0.799293 -0.058094
v 1.309889 0.754864 -0.226219
v 0.004322 0.774125 -0.055545
v 1.309889 0.733995 -0.219823
v 0.004322 0.749940 -0.048133
v 1.309889 0.714775 -0.209481
v 0.004322 0.727665 -0.036147
v 1.309889 0.697942 -0.195588
v 0.004322 0.708155 -0.020044
v 1.370224 0.657819 -0.310882
v 1.370224 0.668947 -0.316787
v 1.393964 0.607627 -0.432344
v 1.393964 0.596499 -0.426439
v 1.471142 0.704765 -0.335794
v 1.471142 0.697286 -0.331825
v 1.447401 0.676094 -0.371760
v 1.447401 0.683574 -0.375729
v 1.370224 0.711461 -0.339347
v 1.370224 0.719540 -0.343634
v 1.393964 0.658220 -0.459191
v 1.393964 0.650142 -0.454904
v 1.471142 0.637927 -0.300326
v 1.471142 0.629216 -0.295704
v 1.447401 0.608025 -0.335640
v 1.447401 0.616735 -0.340262
v 1.471142 0.657923 -0.310937
v 1.471142 0.647621 -0.305470
v 1.447401 0.626429 -0.345406
v 1.447401 0.636731 -0.350873
v 1.370224 0.647350 -0.305326
v 1.393964 0.586030 -0.420884
v 1.370224 0.701980 -0.334315
v 1.393964 0.640661 -0.449873
v 1.471142 0.668440 -0.316518
v 1.447401 0.647249 -0.356454
v 1.370224 0.680306 -0.322814
v 1.370224 0.691460 -0.328733
v 1.370224 0.637941 -0.300334
v 1.471142 0.678767 -0.321998
v 1.471142 0.688507 -0.327166
v 1.524791 0.683486 -0.375894
v 1.524791 0.658132 -0.459357
v 1.393964 0.630140 -0.444290
v 1.524791 0.640573 -0.450039
v 1.524791 0.630052 -0.444457
v 1.447401 0.657576 -0.361934
v 1.524791 0.647161 -0.356619
v 1.524791 0.657488 -0.362099
v 1.447401 0.667315 -0.367102
v 1.524791 0.667228 -0.367267
v 1.393964 0.576621 -0.415891
v 1.524791 0.576533 -0.416057
v 1.524791 0.607937 -0.335805
v 1.393964 0.618986 -0.438372
v 1.524791 0.618898 -0.438538
v 1.524791 0.607539 -0.432510
v 1.524791 0.676006 -0.371925
v 1.524791 0.650054 -0.455070
v 1.557570 0.650030 -0.439803
v 1.557570 0.644494 -0.436865
v 1.524791 0.636644 -0.351038
v 1.524791 0.626341 -0.345571
v 1.557570 0.628245 -0.361836
v 1.557570 0.635307 -0.365582
v 1.524791 0.585942 -0.421050
v 1.524791 0.596411 -0.426605
v 1.557570 0.607738 -0.417361
v 1.557570 0.600564 -0.413554
v 1.524791 0.616648 -0.340427
v 1.557570 0.615635 -0.355144
v 1.557570 0.621604 -0.358311
v 1.557570 0.637997 -0.433418
v 1.557570 0.642513 -0.369406
v 1.557570 0.667403 -0.382613
v 1.557570 0.630789 -0.429593
v 1.557570 0.662277 -0.379895
v 1.557570 0.594117 -0.410133
v 1.557570 0.615363 -0.421407
v 1.557570 0.656263 -0.376702
v 1.557570 0.623147 -0.425537
v 1.557570 0.649589 -0.373160
v -1.472530 0.679090 -0.149578
v -1.472530 0.669614 -0.131729
v -2.328828 0.651029 -0.011989
v -2.328828 0.657222 -0.023652
v -1.472530 0.663802 -0.112375
v -2.328828 0.647232 0.000658
v -1.472530 0.661877 -0.092259
v -2.328828 0.645974 0.013803
v -1.472530 0.663914 -0.072154
v -2.328828 0.647305 0.026941
v -1.472530 0.669834 -0.052833
v -2.328828 0.651174 0.039566
v -1.472530 0.679409 -0.035037
v -2.328828 0.657431 0.051195
v -1.472530 0.692273 -0.019452
v -2.328828 0.665837 0.061379
v -1.472530 0.707930 -0.006676
v -2.328828 0.676068 0.069727
v -1.472530 0.725778 0.002800
v -2.328828 0.687731 0.075920
v -1.472530 0.745133 0.008612
v -2.328828 0.700379 0.079717
v -1.472530 0.765249 0.010536
v -2.328828 0.713523 0.080975
v -1.472530 0.785355 0.008499
v -2.328828 0.726661 0.079643
v -1.472530 0.804675 0.002579
v -2.328828 0.739286 0.075775
v -1.472530 0.822471 -0.006997
v -2.328828 0.750914 0.069518
v -1.472530 0.838056 -0.019860
v -2.328828 0.761098 0.061112
v -1.472530 0.850832 -0.035517
v -2.328828 0.769447 0.050881
v -1.472530 0.860307 -0.053365
v -2.328828 0.775640 0.039218
v -1.472530 0.866119 -0.072719
v -2.328828 0.779437 0.026571
v -1.472530 0.868045 -0.092836
v -2.328828 0.780695 0.013426
v -1.472530 0.866007 -0.112941
v -2.328828 0.779364 0.000289
v -1.472530 0.860087 -0.132262
v -2.328828 0.775495 -0.012337
v -1.472530 0.850511 -0.150058
v -2.328828 0.769238 -0.023966
v -1.472530 0.837647 -0.165642
v -2.328828 0.760832 -0.034150
v -1.472530 0.821991 -0.178419
v -2.328828 0.750602 -0.042498
v -1.472530 0.804142 -0.187895
v -2.328828 0.738939 -0.048691
v -1.472530 0.784788 -0.193706
v -2.328828 0.726291 -0.052488
v -1.472530 0.764672 -0.195631
v -2.328828 0.713146 -0.053745
v -1.472530 0.744567 -0.193594
v -2.328828 0.700008 -0.052415
v -1.472530 0.725246 -0.187673
v -2.328828 0.687383 -0.048546
v -1.472530 0.707451 -0.178098
v -2.328828 0.675755 -0.042289
v -2.328828 0.665570 -0.033883
v -1.472530 0.691865 -0.165234
v -1.301245 0.673908 -0.159399
v -1.301245 0.684143 -0.178678
v -1.301245 0.667630 -0.138496
v -1.301245 0.665553 -0.116768
v -1.301245 0.667752 -0.095053
v -1.301245 0.674146 -0.074184
v -1.301245 0.684489 -0.054964
v -1.301245 0.698383 -0.038131
v -1.301245 0.715292 -0.024332
v -1.301245 0.734571 -0.014097
v -1.301245 0.755475 -0.007820
v -1.301245 0.777202 -0.005741
v -1.301245 0.798917 -0.007941
v -1.301245 0.819786 -0.014335
v -1.301245 0.839006 -0.024678
v -1.301245 0.855839 -0.038572
v -1.301245 0.869638 -0.055482
v -1.301245 0.879873 -0.074760
v -1.301245 0.886150 -0.095663
v -1.301245 0.888230 -0.117391
v -1.301245 0.886029 -0.139107
v -1.301245 0.879635 -0.159975
v -1.301245 0.869292 -0.179195
v -1.301245 0.855398 -0.196029
v -1.301245 0.838488 -0.209828
v -1.301245 0.819209 -0.220062
v -1.301245 0.798306 -0.226339
v -1.301245 0.776578 -0.228418
v -1.301245 0.754864 -0.226218
v -1.301245 0.733995 -0.219823
v -1.301245 0.714775 -0.209481
v -1.301245 0.697942 -0.195588
v -1.361580 0.657819 -0.310882
v -1.385321 0.596499 -0.426439
v -1.385320 0.607627 -0.432344
v -1.361580 0.668946 -0.316786
v -1.462498 0.704765 -0.335794
v -1.438758 0.683574 -0.375729
v -1.438758 0.676094 -0.371760
v -1.462498 0.697286 -0.331825
v -1.361580 0.711462 -0.339346
v -1.385320 0.650142 -0.454904
v -1.385320 0.658220 -0.459191
v -1.361580 0.719540 -0.343634
v -1.462498 0.637927 -0.300326
v -1.438758 0.616735 -0.340262
v -1.438758 0.608025 -0.335640
v -1.462498 0.629216 -0.295704
v -1.462498 0.657923 -0.310937
v -1.438758 0.636731 -0.350873
v -1.438758 0.626428 -0.345405
v -1.462498 0.647620 -0.305470
v -1.361580 0.647350 -0.305326
v -1.385321 0.586030 -0.420884
v -1.361580 0.701980 -0.334315
v -1.385321 0.640660 -0.449873
v -1.462498 0.668440 -0.316518
v -1.438758 0.647249 -0.356454
v -1.361580 0.680306 -0.322814
v -1.361580 0.691460 -0.328733
v -1.361580 0.637941 -0.300334
v -1.462498 0.688507 -0.327166
v -1.462498 0.678767 -0.321998
v -1.516148 0.658132 -0.459357
v -1.516148 0.683486 -0.375894
v -1.385320 0.630140 -0.444290
v -1.516148 0.630052 -0.444457
v -1.516148 0.640572 -0.450039
v -1.438758 0.657576 -0.361934
v -1.516148 0.657488 -0.362099
v -1.516148 0.647161 -0.356619
v -1.438758 0.667315 -0.367102
v -1.516148 0.667228 -0.367267
v -1.516148 0.607937 -0.335805
v -1.516148 0.576533 -0.416057
v -1.385320 0.576621 -0.415891
v -1.385321 0.618986 -0.438372
v -1.516148 0.618898 -0.438538
v -1.516148 0.607539 -0.432510
v -1.516148 0.676006 -0.371925
v -1.516148 0.650054 -0.455070
v -1.548926 0.644494 -0.436865
v -1.548926 0.650030 -0.439803
v -1.516148 0.636644 -0.351038
v -1.548926 0.635306 -0.365581
v -1.548926 0.628246 -0.361835
v -1.516148 0.626341 -0.345570
v -1.516148 0.585942 -0.421050
v -1.548926 0.600564 -0.413554
v -1.548926 0.607738 -0.417361
v -1.516148 0.596411 -0.426605
v -1.516148 0.616648 -0.340427
v -1.548926 0.621604 -0.358311
v -1.548926 0.615636 -0.355144
v -1.548926 0.637997 -0.433418
v -1.548926 0.642512 -0.369405
v -1.548926 0.667403 -0.382613
v -1.548926 0.630789 -0.429593
v -1.548926 0.662277 -0.379894
v -1.548926 0.594117 -0.410133
v -1.548926 0.615363 -0.421407
v -1.548926 0.656263 -0.376702
v -1.548926 0.623147 -0.425537
v -1.548926 0.649589 -0.373160
v 0.080781 0.745600 -0.064983
v 0.080781 0.762712 -0.072011
v 0.119662 0.765031 -0.076790
v 0.120284 0.747860 -0.069800
v -0.075767 0.705557 -0.034108
v -0.168761 0.711309 -0.045677
v -0.171443 0.734171 -0.068571
v -0.170762 0.726453 -0.060858
v -0.075767 0.720398 -0.048861
v -0.076827 0.691078 -0.013359
v -0.166349 0.696785 -0.024665
v -0.167978 0.709159 -0.043114
v -0.076827 0.703213 -0.031402
v -0.076953 0.681067 0.009738
v -0.164076 0.686750 -0.001457
v -0.165908 0.695453 -0.022238
v -0.076953 0.689560 -0.010590
v -0.076059 0.675776 0.034199
v -0.162803 0.681523 0.022840
v -0.164721 0.685999 0.001066
v -0.076059 0.680077 0.012907
v -0.074316 0.675247 0.059075
v -0.162444 0.681132 0.047305
v -0.164328 0.681322 0.025913
v -0.074316 0.675310 0.038173
v -0.072074 0.679391 0.083490
v -0.162711 0.685446 0.071144
v -0.164459 0.681718 0.051270
v -0.072074 0.675595 0.064094
v -0.069724 0.688030 0.106619
v -0.163250 0.694229 0.093636
v -0.164796 0.687197 0.076048
v -0.069724 0.680991 0.089479
v -0.067597 0.700888 0.127671
v -0.163767 0.707166 0.114084
v -0.165074 0.697490 0.099194
v -0.067597 0.691270 0.113181
v -0.065924 0.717580 0.145884
v -0.164064 0.723841 0.131802
v -0.165119 0.712099 0.119770
v -0.065924 0.705956 0.134190
v -0.064846 0.737573 0.160549
v -0.164038 0.743715 0.146130
v -0.164569 0.734863 0.140077
v -0.164718 0.730343 0.137009
v -0.064846 0.724378 0.151676
v -0.064433 0.760195 0.171047
v -0.164454 0.766169 0.156358
v -0.164596 0.751467 0.150192
v -0.064433 0.745730 0.165004
v -0.064709 0.784637 0.176880
v -0.164321 0.790342 0.162150
v -0.164164 0.774561 0.158986
v -0.064709 0.769124 0.173745
v -0.065660 0.809975 0.177719
v -0.163901 0.815346 0.163140
v -0.163437 0.798717 0.163159
v -0.065660 0.793632 0.177670
v -0.067223 0.835201 0.173433
v -0.163248 0.840196 0.159181
v -0.162461 0.823036 0.162649
v -0.067223 0.818331 0.176736
v -0.069275 0.859261 0.164119
v -0.162467 0.863865 0.150336
v -0.161345 0.846665 0.157542
v -0.069275 0.842343 0.171068
v -0.071604 0.881108 0.150137
v -0.161426 0.885324 0.136942
v -0.160449 0.868820 0.148011
v -0.071604 0.864846 0.160932
v -0.073898 0.899767 0.132113
v -0.160364 0.903635 0.119539
v -0.159241 0.888747 0.134450
v -0.073898 0.885090 0.146702
v -0.075771 0.914425 0.110920
v -0.159896 0.918030 0.098843
v -0.158521 0.905796 0.117142
v -0.075771 0.902375 0.128839
v -0.076855 0.924513 0.087584
v -0.160433 0.927970 0.075770
v -0.158876 0.919335 0.096507
v -0.076854 0.916026 0.107899
v -0.076933 0.929743 0.063158
v -0.162136 0.933180 0.051324
v -0.160495 0.928743 0.073184
v -0.076933 0.925416 0.084573
v -0.076040 0.930086 0.038595
v -0.164905 0.933625 0.026484
v -0.163287 0.933495 0.048060
v -0.076040 0.930023 0.059719
v -0.074443 0.925687 0.014706
v -0.168401 0.929427 0.002150
v -0.166896 0.933260 0.022233
v -0.074443 0.929534 0.034347
v -0.072524 0.916789 -0.007798
v -0.172161 0.920807 -0.020854
v -0.170832 0.927975 -0.003096
v -0.072524 0.923913 0.009544
v -0.070654 0.903714 -0.028245
v -0.175734 0.908056 -0.041754
v -0.174613 0.917867 -0.026763
v -0.070654 0.913418 -0.013628
v -0.069119 0.886874 -0.045963
v -0.178757 0.891566 -0.059817
v -0.177855 0.903412 -0.047745
v -0.069119 0.898556 -0.034211
v -0.068104 0.866803 -0.060304
v -0.180972 0.871844 -0.074353
v -0.180291 0.885280 -0.065211
v -0.068104 0.880022 -0.051413
v -0.067711 0.844168 -0.070671
v -0.182218 0.849535 -0.084753
v -0.181756 0.864266 -0.078534
v -0.067711 0.858641 -0.064625
v -0.067975 0.819773 -0.076571
v -0.182413 0.825417 -0.090528
v -0.182176 0.841240 -0.087301
v -0.067975 0.835310 -0.073433
v -0.068871 0.794536 -0.077661
v -0.181550 0.800388 -0.091344
v -0.181552 0.817102 -0.091294
v -0.068871 0.810951 -0.077612
v -0.070315 0.769464 -0.073779
v -0.179707 0.775434 -0.087062
v -0.179968 0.792740 -0.090480
v -0.070315 0.786469 -0.077108
v -0.074074 0.723985 -0.051576
v -0.172750 0.729871 -0.063707
v -0.174222 0.746649 -0.074968
v -0.074074 0.740454 -0.062508
v 0.084411 0.705557 -0.034108
v 0.084411 0.720398 -0.048861
v 0.118465 0.722569 -0.053161
v 0.119760 0.707743 -0.038506
v 0.085471 0.691078 -0.013359
v 0.085471 0.703213 -0.031402
v 0.119094 0.705407 -0.035722
v 0.120676 0.693323 -0.017805
v 0.085597 0.681067 0.009738
v 0.085597 0.689560 -0.010590
v 0.120874 0.691898 -0.015210
v 0.122654 0.683485 0.004977
v 0.084703 0.675776 0.034199
v 0.084703 0.680077 0.012907
v 0.123809 0.682689 0.007684
v 0.125672 0.678490 0.028834
v 0.082960 0.675247 0.059075
v 0.082960 0.675310 0.038173
v 0.127645 0.678295 0.032087
v 0.129474 0.678354 0.052863
v 0.080718 0.679391 0.083490
v 0.080718 0.675595 0.064094
v 0.131958 0.678991 0.056982
v 0.133655 0.682928 0.076279
v 0.078368 0.688030 0.106619
v 0.078368 0.680991 0.089479
v 0.136284 0.684771 0.081297
v 0.137784 0.691969 0.098370
v 0.076241 0.700889 0.127670
v 0.076241 0.691270 0.113181
v 0.140227 0.695353 0.104000
v 0.141495 0.705148 0.118452
v 0.074568 0.717580 0.145884
v 0.074568 0.705956 0.134190
v 0.143499 0.710225 0.124169
v 0.144523 0.722042 0.135846
v 0.073489 0.737573 0.160549
v 0.073489 0.724378 0.151676
v 0.145915 0.728703 0.141040
v 0.146308 0.735487 0.145527
v 0.146691 0.742105 0.149908
v 0.073076 0.760195 0.171047
v 0.073077 0.745730 0.165004
v 0.147366 0.749985 0.154018
v 0.147892 0.764664 0.160059
v 0.073353 0.784637 0.176880
v 0.073353 0.769124 0.173745
v 0.147748 0.773190 0.162705
v 0.147677 0.788894 0.165889
v 0.074303 0.809975 0.177719
v 0.074303 0.793632 0.177670
v 0.146690 0.797396 0.166927
v 0.146331 0.813912 0.167030
v 0.075867 0.835201 0.173433
v 0.075867 0.818331 0.176736
v 0.144663 0.821730 0.166560
v 0.144055 0.838748 0.163312
v 0.077919 0.859261 0.164119
v 0.077919 0.842343 0.171068
v 0.141875 0.845345 0.161672
v 0.141008 0.862378 0.154788
v 0.080248 0.881108 0.150137
v 0.080248 0.864846 0.160932
v 0.138552 0.867454 0.152452
v 0.137427 0.883792 0.141737
v 0.082542 0.899767 0.132113
v 0.082542 0.885090 0.146702
v 0.135018 0.887339 0.139169
v 0.133661 0.902054 0.124679
v 0.084415 0.914425 0.110920
v 0.084415 0.902375 0.128839
v 0.131675 0.904330 0.122158
v 0.130141 0.916385 0.104355
v 0.085498 0.924513 0.087584
v 0.085498 0.916026 0.107899
v 0.128915 0.917778 0.101868
v 0.127291 0.926242 0.081676
v 0.085577 0.929743 0.063158
v 0.085577 0.925416 0.084573
v 0.127000 0.927065 0.078928
v 0.125389 0.931349 0.057629
v 0.084684 0.930086 0.038595
v 0.084684 0.930023 0.059719
v 0.125970 0.931666 0.054201
v 0.124473 0.931670 0.033172
v 0.083086 0.925687 0.014706
v 0.083086 0.929534 0.034347
v 0.125657 0.931249 0.028769
v 0.124351 0.927330 0.009192
v 0.081167 0.916789 -0.007798
v 0.081167 0.923913 0.009544
v 0.125786 0.925755 0.003807
v 0.124714 0.918546 -0.013505
v 0.079297 0.903714 -0.028245
v 0.079297 0.913418 -0.013628
v 0.126132 0.915422 -0.019545
v 0.124961 0.905602 -0.034116
v 0.077762 0.886874 -0.045963
v 0.077762 0.898556 -0.034211
v 0.125865 0.900704 -0.040198
v 0.124838 0.888889 -0.051912
v 0.076748 0.866803 -0.060304
v 0.076748 0.880022 -0.051413
v 0.125245 0.882296 -0.057378
v 0.124469 0.868934 -0.066244
v 0.076355 0.844168 -0.070671
v 0.076355 0.858641 -0.064625
v 0.124404 0.861011 -0.070485
v 0.123879 0.846395 -0.076515
v 0.076618 0.819773 -0.076571
v 0.076618 0.835310 -0.073433
v 0.123356 0.837736 -0.079108
v 0.123086 0.822065 -0.082239
v 0.077515 0.794536 -0.077661
v 0.077515 0.810951 -0.077612
v 0.122148 0.813387 -0.083031
v 0.122149 0.796855 -0.083081
v 0.078959 0.769464 -0.073779
v 0.078959 0.786469 -0.077108
v 0.120867 0.788865 -0.082219
v 0.121165 0.771767 -0.078904
v -0.168885 0.562037 -0.057141
v 0.117125 0.562037 -0.057141
v 0.137336 0.572909 0.172543
v -0.148673 0.572909 0.172543
v 0.082718 0.723985 -0.051576
v 0.082718 0.740454 -0.062508
v 0.118761 0.742683 -0.066992
v 0.119242 0.734436 -0.061559
v 0.119723 0.726191 -0.056125
v 0.197378 0.581857 -0.069734
v 0.192274 0.637174 -0.127496
v 0.192274 0.708339 -0.127206
v 0.196703 0.710722 -0.076870
v 0.196399 0.715946 -0.080312
v 0.198175 0.695596 -0.060196
v 0.200267 0.679618 -0.036506
v 0.202591 0.668638 -0.010158
v 0.205053 0.663083 0.017826
v 0.207567 0.663163 0.046356
v 0.210025 0.668868 0.074326
v 0.212338 0.679969 0.100657
v 0.214420 0.696020 0.124339
v 0.216181 0.716397 0.144473
v 0.216469 0.721353 0.147753
v 0.218702 0.722555 0.173129
v 0.218702 0.593328 0.172604
v -0.230156 0.763635 0.178383
v -0.229769 0.932776 0.231035
v -0.234791 0.998309 0.180885
v -0.256831 0.986821 -0.126074
v -0.256472 0.749179 -0.127040
v -0.256233 0.749609 -0.117951
v -0.252729 0.719695 -0.087994
v -0.257272 0.743652 -0.104050
v -0.256597 0.770213 -0.115078
v -0.256273 0.798357 -0.120640
v -0.256274 0.827018 -0.120554
v -0.255854 0.855096 -0.114825
v -0.255026 0.881502 -0.103676
v -0.253823 0.905221 -0.087539
v -0.252293 0.925338 -0.067040
v -0.250491 0.941086 -0.042975
v -0.248493 0.951866 -0.016267
v -0.246371 0.957271 0.012057
v -0.244207 0.957099 0.040916
v -0.242082 0.951356 0.069212
v -0.240081 0.940258 0.095863
v -0.238279 0.924221 0.119852
v -0.237490 0.903855 0.140252
v -0.237869 0.879947 0.156286
v -0.233631 0.853382 0.167415
v -0.232336 0.825158 0.173119
v -0.231534 0.796393 0.173152
v -0.231255 0.768208 0.167502
v -0.231511 0.741703 0.156385
v -0.230802 0.763287 0.171035
v 0.110552 1.047342 -0.127507
v -0.175472 1.047342 -0.127507
v -0.154628 1.058429 0.168786
v 0.131396 1.058429 0.168786
v 0.192274 0.749179 -0.127040
v 0.191914 0.986821 -0.126074
v 0.213955 0.998309 0.180885
v 0.218977 0.932776 0.231035
v 0.218590 0.763635 0.178383
v 0.218909 0.763507 0.175646
v 0.217565 0.740311 0.160298
v 0.220836 0.766823 0.171188
v 0.218513 0.794908 0.176903
v 0.217557 0.823586 0.177083
v 0.216549 0.851737 0.171711
v 0.215201 0.878281 0.160982
v 0.213550 0.902194 0.145299
v 0.211675 0.922552 0.125253
v 0.209634 0.938562 0.101611
v 0.207519 0.949597 0.075283
v 0.205400 0.955228 0.047288
v 0.203366 0.955233 0.018710
v 0.201493 0.949618 -0.009342
v 0.201923 0.938591 -0.035815
v 0.198789 0.922565 -0.059594
v 0.196378 0.902183 -0.079796
v 0.194987 0.878242 -0.095683
v 0.194034 0.851656 -0.106653
v 0.193544 0.823443 -0.112290
v 0.193549 0.794678 -0.112376
v 0.194040 0.766463 -0.106906
v 0.195001 0.739877 -0.096083
v 0.194392 0.750319 -0.102964
v 0.139149 0.763411 0.199666
v 0.139149 0.917319 0.247579
v -0.146901 0.917319 0.247579
v -0.146901 0.763411 0.199666
v -0.230043 0.593328 0.172604
v -0.230043 0.722555 0.173129
v -0.232751 0.721098 0.142361
v -0.232947 0.717877 0.140159
v -0.234748 0.697770 0.119556
v -0.236870 0.682064 0.095386
v -0.239228 0.671348 0.068589
v -0.241721 0.666022 0.040197
v -0.244270 0.666278 0.011294
v -0.246759 0.672099 -0.017018
v -0.249109 0.683257 -0.043665
v -0.251227 0.699332 -0.067632
v -0.252223 0.710625 -0.078921
v -0.256472 0.708339 -0.127206
v -0.256472 0.637174 -0.127496
v -0.251368 0.581857 -0.069734
v 0.139149 0.594266 0.192996
v 0.139149 0.723547 0.193521
v -0.146901 0.723547 0.193521
v -0.146901 0.594266 0.192996
v 0.134074 1.002886 0.203060
v -0.151956 1.002886 0.203060
v -0.148132 0.952986 0.241247
v 0.137898 0.952986 0.241247
v 0.114040 0.575178 -0.092241
v -0.171988 0.575178 -0.092241
v -0.175606 0.614396 -0.133191
v 0.110422 0.614396 -0.133191
v -0.176918 0.648893 -0.147837
v -0.176918 0.707401 -0.147599
v 0.109131 0.707401 -0.147599
v 0.109131 0.648893 -0.147837
v -0.176918 0.748188 -0.147434
v -0.176918 0.986076 -0.146468
v 0.109131 0.986075 -0.146468
v 0.109131 0.748188 -0.147434
v -0.072138 0.762712 -0.072011
v -0.072138 0.745600 -0.064983
v -0.177531 0.768998 -0.084968
v -0.176848 0.751589 -0.077752
v -0.003876 -0.454039 -0.099989
v -0.003876 0.396168 -0.074557
v 0.029435 0.396069 -0.071277
v 0.029435 -0.454137 -0.096709
v 0.061465 0.395779 -0.061565
v 0.061465 -0.454427 -0.086997
v 0.090985 0.395307 -0.045794
v 0.090985 -0.454900 -0.071226
v 0.116859 0.394672 -0.024569
v 0.116859 -0.455534 -0.050001
v 0.138094 0.393899 0.001294
v 0.138094 -0.456308 -0.024138
v 0.153872 0.393016 0.030800
v 0.153872 -0.457191 0.005369
v 0.163588 0.392058 0.062817
v 0.163588 -0.458148 0.037385
v 0.166869 0.391062 0.096112
v 0.166869 -0.459144 0.070680
v 0.163588 0.390067 0.129408
v 0.163588 -0.460140 0.103976
v 0.153872 0.389109 0.161424
v 0.153872 -0.461098 0.135992
v 0.138094 0.388226 0.190931
v 0.138094 -0.461981 0.165499
v 0.116859 0.387452 0.216793
v 0.116859 -0.462754 0.191362
v 0.090985 0.386818 0.238018
v 0.090985 -0.463390 0.212587
v 0.061465 0.386346 0.253790
v 0.061465 -0.463861 0.228358
v 0.029435 0.386056 0.263502
v 0.029435 -0.464152 0.238070
v -0.003876 0.385957 0.266781
v -0.003876 -0.464250 0.241350
v -0.037187 0.386056 0.263502
v -0.037187 -0.464152 0.238070
v -0.069217 0.386346 0.253790
v -0.069217 -0.463861 0.228358
v -0.098737 0.386818 0.238018
v -0.098737 -0.463389 0.212587
v -0.124611 0.387452 0.216793
v -0.124611 -0.462755 0.191361
v -0.145845 0.388226 0.190931
v -0.145845 -0.461981 0.165499
v -0.161624 0.389109 0.161424
v -0.161624 -0.461098 0.135992
v -0.171340 0.390067 0.129408
v -0.171340 -0.460140 0.103976
v -0.174621 0.391062 0.096112
v -0.174621 -0.459144 0.070680
v -0.171340 0.392058 0.062816
v -0.171340 -0.458148 0.037385
v -0.161624 0.393016 0.030800
v -0.161624 -0.457191 0.005368
v -0.145845 0.393899 0.001294
v -0.145845 -0.456308 -0.024139
v -0.124611 0.394672 -0.024569
v -0.124611 -0.455534 -0.050001
v -0.098737 0.395307 -0.045794
v -0.098737 -0.454900 -0.071226
v -0.069217 0.395779 -0.061565
v -0.069217 -0.454427 -0.086997
v -0.003876 0.466891 -0.024410
v 0.020069 0.466820 -0.022053
v -0.037186 0.396069 -0.071277
v -0.037186 -0.454137 -0.096709
v -0.050845 0.466611 -0.015072
v -0.072064 0.466273 -0.003735
v -0.052525 0.465399 0.025496
v -0.037386 0.465641 0.017406
v -0.027820 0.466820 -0.022053
v -0.090663 0.465817 0.011523
v -0.124253 0.463937 0.074336
v -0.117269 0.464625 0.051323
v -0.105927 0.465261 0.030113
v -0.027821 0.459622 0.218595
v -0.050845 0.459831 0.211613
v -0.124253 0.462506 0.122205
v -0.126612 0.463222 0.098270
v -0.090663 0.460627 0.185018
v -0.105927 0.461183 0.166428
v 0.116501 0.462506 0.122205
v 0.109517 0.461817 0.145219
v 0.020069 0.459622 0.218595
v -0.003876 0.459552 0.220952
v 0.082911 0.460627 0.185018
v 0.064312 0.460171 0.200276
v -0.072064 0.460171 0.200275
v 0.116501 0.463938 0.074337
v 0.118860 0.463222 0.098271
v 0.082911 0.465817 0.011523
v 0.098175 0.465261 0.030113
v 0.098175 0.461183 0.166428
v 0.043093 0.466611 -0.015072
v 0.064312 0.466273 -0.003735
v -0.117269 0.461817 0.145219
v 0.043093 0.459831 0.211613
v 0.109517 0.464625 0.051323
v -0.003876 0.465839 0.010744
v -0.020959 0.465789 0.012426
v -0.020959 0.171960 0.003637
v -0.003876 0.172011 0.001955
v 0.029634 0.460803 0.179135
v 0.013207 0.460654 0.184116
v 0.068932 0.464676 0.049643
v 0.077024 0.464223 0.064776
v -0.089759 0.462711 0.115347
v -0.091441 0.463222 0.098270
v 0.083690 0.463222 0.098271
v 0.082007 0.462711 0.115347
v -0.037386 0.460803 0.179135
v -0.052525 0.461044 0.171046
v 0.077024 0.462219 0.131766
v -0.076684 0.464676 0.049643
v -0.065794 0.465072 0.036380
v 0.058042 0.461370 0.160161
v 0.044773 0.461045 0.171047
v 0.044773 0.465399 0.025496
v 0.058042 0.465072 0.036380
v -0.084776 0.462219 0.131766
v 0.082007 0.463733 0.081196
v -0.003876 0.460603 0.185798
v -0.020959 0.460654 0.184116
v -0.084776 0.464223 0.064776
v 0.029634 0.465640 0.017407
v -0.065794 0.461370 0.160161
v -0.076684 0.461768 0.146898
v 0.068932 0.461768 0.146898
v -0.089759 0.463732 0.081195
v 0.013207 0.465790 0.012427
v 0.013207 0.171960 0.003637
v -0.037386 0.171811 0.008618
v -0.052525 0.171569 0.016706
v -0.065794 0.171243 0.027591
v -0.076684 0.170846 0.040854
v -0.084776 0.170393 0.055987
v -0.089759 0.169903 0.072406
v -0.091441 0.169392 0.089482
v -0.089759 0.168882 0.106557
v -0.084776 0.168390 0.122976
v -0.076684 0.167938 0.138108
v -0.065794 0.167541 0.151371
v -0.052525 0.167215 0.162258
v -0.037386 0.166973 0.170346
v -0.020959 0.166824 0.175326
v -0.003876 0.166775 0.177008
v 0.013207 0.166824 0.175326
v 0.029634 0.166973 0.170346
v 0.044773 0.167215 0.162258
v 0.058042 0.167541 0.151371
v 0.068932 0.167938 0.138108
v 0.077024 0.168390 0.122976
v 0.082007 0.168882 0.106557
v 0.083690 0.169392 0.089482
v 0.082007 0.169903 0.072406
v 0.077024 0.170393 0.055987
v 0.068932 0.170846 0.040854
v 0.058042 0.171243 0.027591
v 0.044773 0.171569 0.016706
v 0.029634 0.171811 0.008618
v 0.013207 0.580002 0.015842
v -0.003876 0.580052 0.014161
v -0.020959 0.580002 0.015842
v -0.037386 0.579854 0.020823
v -0.052525 0.579612 0.028911
v -0.065794 0.579286 0.039797
v -0.076684 0.578889 0.053060
v -0.084776 0.578437 0.068192
v -0.089759 0.577945 0.084611
v -0.091441 0.577435 0.101687
v -0.089759 0.576924 0.118762
v -0.084776 0.576433 0.135182
v -0.076684 0.575980 0.150315
v -0.065794 0.575583 0.163578
v -0.052525 0.575258 0.174462
v -0.037386 0.575017 0.182551
v -0.020959 0.574866 0.187531
v -0.003876 0.574816 0.189213
v 0.013207 0.574866 0.187531
v 0.029634 0.575017 0.182551
v 0.044773 0.575258 0.174462
v 0.058042 0.575583 0.163578
v 0.068932 0.575980 0.150315
v 0.077024 0.576433 0.135182
v 0.082007 0.576924 0.118762
v 0.083690 0.577435 0.101687
v 0.082007 0.577945 0.084611
v 0.077024 0.578437 0.068192
v 0.068932 0.578889 0.053060
v 0.058042 0.579286 0.039797
v 0.044773 0.579612 0.028911
v 0.029634 0.579854 0.020823
v -0.493119 -4.750463 -0.115059
v -0.493119 -2.210384 -0.089690
v -0.522383 -2.210413 -0.086808
v -0.522383 -4.750492 -0.112177
v -0.550522 -2.210497 -0.078272
v -0.550522 -4.750577 -0.103642
v -0.576455 -2.210635 -0.064411
v -0.576455 -4.750716 -0.089781
v -0.599185 -2.210823 -0.045758
v -0.599185 -4.750902 -0.071126
v -0.617840 -2.211049 -0.023029
v -0.617840 -4.751130 -0.048398
v -0.631701 -2.211308 0.002903
v -0.631701 -4.751389 -0.022465
v -0.640237 -2.211590 0.031041
v -0.640237 -4.751669 0.005672
v -0.643119 -2.211881 0.060303
v -0.643119 -4.751962 0.034934
v -0.640237 -2.212174 0.089565
v -0.640237 -4.752254 0.064195
v -0.631701 -2.212455 0.117702
v -0.631701 -4.752535 0.092333
v -0.617840 -2.212714 0.143634
v -0.617840 -4.752795 0.118265
v -0.599185 -2.212941 0.166363
v -0.599185 -4.753021 0.140995
v -0.576455 -2.213128 0.185017
v -0.576455 -4.753207 0.159648
v -0.550522 -2.213266 0.198878
v -0.550522 -4.753346 0.173509
v -0.522383 -2.213351 0.207413
v -0.522383 -4.753431 0.182045
v -0.493119 -2.213379 0.210295
v -0.493119 -4.753460 0.184926
v -0.463856 -2.213351 0.207413
v -0.463856 -4.753431 0.182045
v -0.435717 -2.213266 0.198878
v -0.435717 -4.753346 0.173509
v -0.409784 -2.213128 0.185017
v -0.409784 -4.753207 0.159648
v -0.387053 -2.212941 0.166363
v -0.387053 -4.753021 0.140995
v -0.368399 -2.212714 0.143634
v -0.368399 -4.752795 0.118265
v -0.354537 -2.212455 0.117702
v -0.354537 -4.752535 0.092333
v -0.346001 -2.212174 0.089565
v -0.346001 -4.752254 0.064195
v -0.343119 -2.211882 0.060302
v -0.343119 -4.751962 0.034934
v -0.346001 -2.211589 0.031040
v -0.346001 -4.751669 0.005672
v -0.354537 -2.211308 0.002902
v -0.354537 -4.751389 -0.022465
v -0.368399 -2.211049 -0.023029
v -0.368399 -4.751130 -0.048398
v -0.387053 -2.210823 -0.045758
v -0.387053 -4.750902 -0.071127
v -0.409784 -2.210636 -0.064412
v -0.409784 -4.750716 -0.089781
v -0.435717 -2.210498 -0.078273
v -0.435717 -4.750577 -0.103642
v -0.581507 -2.134157 0.120140
v -0.568287 -2.134318 0.136248
v -0.463856 -2.210413 -0.086808
v -0.463856 -4.750492 -0.112177
v -0.513517 -4.838699 -0.068487
v -0.493119 -4.838679 -0.070494
v -0.472381 -2.132525 -0.043170
v -0.452439 -2.132587 -0.037121
v -0.452439 -3.462821 -0.050406
v -0.472381 -3.462760 -0.056455
v -0.599422 -2.133568 0.061085
v -0.597379 -2.133774 0.081823
v -0.533799 -2.134548 0.159290
v -0.513858 -2.134608 0.165339
v -0.581507 -2.132977 0.002028
v -0.591330 -2.133162 0.020407
v -0.597379 -2.133360 0.040347
v -0.552178 -2.132685 -0.027298
v -0.568287 -2.132817 -0.014079
v -0.493119 -2.132505 -0.045213
v -0.513858 -2.132526 -0.043170
v -0.417952 -2.132817 -0.014079
v -0.434061 -2.132685 -0.027298
v -0.388859 -2.133360 0.040347
v -0.394908 -2.133162 0.020407
v -0.404732 -2.132977 0.002028
v -0.472381 -2.134608 0.165339
v -0.452439 -2.134548 0.159290
v -0.388859 -2.133774 0.081822
v -0.386817 -2.133568 0.061085
v -0.417952 -2.134318 0.136248
v -0.404732 -2.134157 0.120140
v -0.493119 -2.134629 0.167382
v -0.552178 -2.134450 0.149468
v -0.434061 -2.134450 0.149468
v -0.591330 -2.133974 0.101763
v -0.533799 -2.132587 -0.037121
v -0.394908 -2.133974 0.101763
v -0.513858 -3.462760 -0.056455
v -0.493119 -3.462739 -0.058498
v -0.434061 -3.462919 -0.040583
v -0.417952 -3.463051 -0.027364
v -0.404732 -3.463211 -0.011257
v -0.394908 -3.463395 0.007121
v -0.388859 -3.463594 0.027062
v -0.386816 -3.463801 0.047799
v -0.388859 -3.464008 0.068537
v -0.394908 -3.464207 0.088477
v -0.404732 -3.464391 0.106854
v -0.417952 -3.464552 0.122963
v -0.434060 -3.464684 0.136182
v -0.452439 -3.464782 0.146005
v -0.472380 -3.464842 0.152054
v -0.493119 -3.464863 0.154097
v -0.513858 -3.464842 0.152054
v -0.533799 -3.464782 0.146005
v -0.552178 -3.464684 0.136182
v -0.568286 -3.464552 0.122963
v -0.581507 -3.464391 0.106855
v -0.591330 -3.464207 0.088477
v -0.597379 -3.464008 0.068537
v -0.599422 -3.463801 0.047799
v -0.597379 -3.463594 0.027062
v -0.591330 -3.463395 0.007121
v -0.581507 -3.463211 -0.011256
v -0.568286 -3.463051 -0.027364
v -0.552178 -3.462918 -0.040584
v -0.533799 -3.462821 -0.050406
v -0.533132 -4.838758 -0.062536
v -0.551208 -4.838856 -0.052875
v -0.567052 -4.838985 -0.039872
v -0.580056 -4.839143 -0.024029
v -0.589718 -4.839324 -0.005954
v -0.595668 -4.839520 0.013661
v -0.597677 -4.839723 0.034058
v -0.595668 -4.839927 0.054454
v -0.589718 -4.840122 0.074067
v -0.580056 -4.840303 0.092143
v -0.567053 -4.840461 0.107986
v -0.551208 -4.840592 0.120989
v -0.533132 -4.840688 0.130651
v -0.513517 -4.840747 0.136600
v -0.493119 -4.840768 0.138610
v -0.472721 -4.840747 0.136600
v -0.453107 -4.840688 0.130651
v -0.435030 -4.840592 0.120989
v -0.419186 -4.840461 0.107986
v -0.406183 -4.840303 0.092143
v -0.396521 -4.840122 0.074067
v -0.390571 -4.839927 0.054454
v -0.388562 -4.839723 0.034058
v -0.390571 -4.839520 0.013661
v -0.396521 -4.839324 -0.005954
v -0.406183 -4.839143 -0.024029
v -0.419186 -4.838985 -0.039872
v -0.435030 -4.838856 -0.052875
v -0.453107 -4.838758 -0.062536
v -0.472721 -4.838699 -0.068487
v 0.485367 -4.750463 -0.115059
v 0.485367 -2.210384 -0.089690
v 0.514631 -2.210413 -0.086808
v 0.514631 -4.750492 -0.112177
v 0.542770 -2.210497 -0.078272
v 0.542770 -4.750577 -0.103642
v 0.568703 -2.210635 -0.064411
v 0.568703 -4.750716 -0.089781
v 0.591433 -2.210823 -0.045758
v 0.591433 -4.750902 -0.071126
v 0.610088 -2.211049 -0.023029
v 0.610088 -4.751130 -0.048398
v 0.623949 -2.211308 0.002903
v 0.623949 -4.751389 -0.022465
v 0.632485 -2.211590 0.031041
v 0.632485 -4.751669 0.005672
v 0.635367 -2.211881 0.060303
v 0.635367 -4.751962 0.034934
v 0.632485 -2.212174 0.089565
v 0.632485 -4.752254 0.064195
v 0.623949 -2.212455 0.117702
v 0.623949 -4.752535 0.092333
v 0.610088 -2.212714 0.143634
v 0.610088 -4.752795 0.118265
v 0.591433 -2.212941 0.166363
v 0.591433 -4.753021 0.140995
v 0.568703 -2.213128 0.185017
v 0.568703 -4.753207 0.159648
v 0.542770 -2.213266 0.198878
v 0.542770 -4.753346 0.173509
v 0.514631 -2.213351 0.207413
v 0.514631 -4.753431 0.182045
v 0.485367 -2.213379 0.210295
v 0.485367 -4.753460 0.184926
v 0.456104 -2.213351 0.207413
v 0.456104 -4.753431 0.182045
v 0.427965 -2.213266 0.198878
v 0.427965 -4.753346 0.173509
v 0.402032 -2.213128 0.185017
v 0.402032 -4.753207 0.159648
v 0.379301 -2.212941 0.166363
v 0.379301 -4.753021 0.140995
v 0.360647 -2.212714 0.143634
v 0.360647 -4.752795 0.118265
v 0.346785 -2.212455 0.117702
v 0.346785 -4.752535 0.092333
v 0.338249 -2.212174 0.089565
v 0.338249 -4.752254 0.064195
v 0.335367 -2.211882 0.060302
v 0.335367 -4.751962 0.034934
v 0.338249 -2.211589 0.031040
v 0.338249 -4.751669 0.005672
v 0.346785 -2.211308 0.002902
v 0.346785 -4.751389 -0.022465
v 0.360647 -2.211049 -0.023029
v 0.360647 -4.751130 -0.048398
v 0.379301 -2.210823 -0.045758
v 0.379301 -4.750902 -0.071127
v 0.402032 -2.210636 -0.064412
v 0.402032 -4.750716 -0.089781
v 0.427965 -2.210498 -0.078273
v 0.427965 -4.750577 -0.103642
v 0.573755 -2.134157 0.120140
v 0.560535 -2.134318 0.136248
v 0.456104 -2.210413 -0.086808
v 0.456104 -4.750492 -0.112177
v 0.505765 -4.838699 -0.068487
v 0.485367 -4.838679 -0.070494
v 0.464629 -2.132525 -0.043170
v 0.444687 -2.132587 -0.037121
v 0.444687 -3.462821 -0.050406
v 0.464629 -3.462760 -0.056455
v 0.591670 -2.133568 0.061085
v 0.589627 -2.133774 0.081823
v 0.526047 -2.134548 0.159290
v 0.506106 -2.134608 0.165339
v 0.573755 -2.132977 0.002028
v 0.583578 -2.133162 0.020407
v 0.589627 -2.133360 0.040347
v 0.544426 -2.132685 -0.027298
v 0.560535 -2.132817 -0.014079
v 0.485367 -2.132505 -0.045213
v 0.506106 -2.132526 -0.043170
v 0.410200 -2.132817 -0.014079
v 0.426309 -2.132685 -0.027298
v 0.381107 -2.133360 0.040347
v 0.387156 -2.133162 0.020407
v 0.396980 -2.132977 0.002028
v 0.464629 -2.134608 0.165339
v 0.444687 -2.134548 0.159290
v 0.381107 -2.133774 0.081822
v 0.379065 -2.133568 0.061085
v 0.410200 -2.134318 0.136248
v 0.396980 -2.134157 0.120140
v 0.485367 -2.134629 0.167382
v 0.544426 -2.134450 0.149468
v 0.426309 -2.134450 0.149468
v 0.583578 -2.133974 0.101763
v 0.526047 -2.132587 -0.037121
v 0.387156 -2.133974 0.101763
v 0.506106 -3.462760 -0.056455
v 0.485367 -3.462739 -0.058498
v 0.426309 -3.462919 -0.040583
v 0.410200 -3.463051 -0.027364
v 0.396980 -3.463211 -0.011257
v 0.387156 -3.463395 0.007121
v 0.381107 -3.463594 0.027062
v 0.379064 -3.463801 0.047799
v 0.381107 -3.464008 0.068537
v 0.387156 -3.464207 0.088477
v 0.396980 -3.464391 0.106854
v 0.410200 -3.464552 0.122963
v 0.426308 -3.464684 0.136182
v 0.444687 -3.464782 0.146005
v 0.464628 -3.464842 0.152054
v 0.485367 -3.464863 0.154097
v 0.506106 -3.464842 0.152054
v 0.526047 -3.464782 0.146005
v 0.544426 -3.464684 0.136182
v 0.560534 -3.464552 0.122963
v 0.573754 -3.464391 0.106855
v 0.583578 -3.464207 0.088477
v 0.589627 -3.464008 0.068537
v 0.591670 -3.463801 0.047799
v 0.589627 -3.463594 0.027062
v 0.583578 -3.463395 0.007121
v 0.573754 -3.463211 -0.011256
v 0.560534 -3.463051 -0.027364
v 0.544426 -3.462918 -0.040584
v 0.526047 -3.462821 -0.050406
v 0.525380 -4.838758 -0.062536
v 0.543456 -4.838856 -0.052875
v 0.559300 -4.838985 -0.039872
v 0.572303 -4.839143 -0.024029
v 0.581966 -4.839324 -0.005953
v 0.587915 -4.839520 0.013661
v 0.589924 -4.839723 0.034058
v 0.587915 -4.839927 0.054454
v 0.581966 -4.840122 0.074067
v 0.572303 -4.840303 0.092143
v 0.559300 -4.840461 0.107986
v 0.543456 -4.840592 0.120989
v 0.525380 -4.840688 0.130651
v 0.505765 -4.840747 0.136600
v 0.485367 -4.840768 0.138610
v 0.464969 -4.840747 0.136600
v 0.445355 -4.840688 0.130651
v 0.427278 -4.840592 0.120989
v 0.411434 -4.840461 0.107986
v 0.398431 -4.840303 0.092143
v 0.388769 -4.840122 0.074067
v 0.382819 -4.839927 0.054454
v 0.380810 -4.839723 0.034058
v 0.382819 -4.839520 0.013661
v 0.388769 -4.839324 -0.005954
v 0.398431 -4.839143 -0.024029
v 0.411434 -4.838985 -0.039872
v 0.427278 -4.838856 -0.052875
v 0.445355 -4.838758 -0.062536
v 0.464969 -4.838699 -0.068487
v -0.003876 -0.608609 -0.011235
v 0.437740 -0.608609 -0.011235
v 0.437740 -0.609641 0.145552
v -0.003876 -0.609641 0.145552
v 0.372953 -0.567742 0.261037
v 0.372953 -0.466623 0.261703
v -0.003876 -0.466623 0.261703
v -0.003876 -0.567742 0.261037
v 0.700330 -0.593786 -0.011138
v 0.700330 -0.436998 -0.010106
v 0.700330 -0.438030 0.146683
v 0.700330 -0.594818 0.145651
v 0.437740 -0.593689 -0.025960
v 0.437740 -0.436901 -0.024928
v 0.617880 -0.436901 -0.024928
v 0.617880 -0.593689 -0.025960
v 0.437740 -0.374552 -0.009694
v -0.003876 -0.374552 -0.009694
v -0.003876 -0.375583 0.147093
v 0.437740 -0.375583 0.147093
v 0.617880 -0.609641 0.145552
v 0.499723 -0.567742 0.261037
v 0.617880 -0.375583 0.147093
v 0.499723 -0.466623 0.261703
v 0.617880 -0.608609 -0.011235
v 0.617880 -0.374552 -0.009694
v -0.003876 -0.593689 -0.025960
v 0.600597 -0.609543 0.130510
v 0.600597 -0.608708 0.003808
v -0.003876 -0.436901 -0.024928
v 0.370126 -0.569465 -0.058965
v 0.370126 -0.460688 -0.058249
v 0.455023 -0.609543 0.130510
v 0.455023 -0.608708 0.003808
v 0.469190 -0.580863 0.016321
v 0.469190 -0.581534 0.118363
v 0.586430 -0.580863 0.016321
v 0.586430 -0.581534 0.118363
v -0.003876 -0.569465 -0.058965
v -0.003876 -0.460688 -0.058249
v -0.445492 -0.609641 0.145552
v -0.445492 -0.608609 -0.011235
v -0.380705 -0.567743 0.261037
v -0.380705 -0.466622 0.261702
v -0.708082 -0.593786 -0.011138
v -0.708082 -0.594818 0.145651
v -0.708082 -0.438030 0.146683
v -0.708082 -0.436998 -0.010106
v -0.445492 -0.593689 -0.025960
v -0.625633 -0.593689 -0.025960
v -0.625633 -0.436901 -0.024928
v -0.445492 -0.436901 -0.024928
v -0.445492 -0.374552 -0.009694
v -0.445492 -0.375583 0.147093
v -0.625633 -0.609641 0.145552
v -0.507475 -0.567743 0.261037
v -0.625633 -0.375583 0.147093
v -0.507475 -0.466622 0.261702
v -0.625633 -0.608609 -0.011235
v -0.625633 -0.374552 -0.009694
v -0.608349 -0.608708 0.003808
v -0.608349 -0.609543 0.130509
v -0.377878 -0.460688 -0.058249
v -0.377878 -0.569465 -0.058965
v -0.462775 -0.609543 0.130509
v -0.476942 -0.581534 0.118363
v -0.476942 -0.580863 0.016321
v -0.462775 -0.608708 0.003808
v -0.594182 -0.581534 0.118363
v -0.594182 -0.580863 0.016321
v 1.698149 0.642617 -0.388845
v 1.698149 0.634834 -0.384714
v 1.698149 0.675734 -0.340009
v 1.698149 0.681748 -0.343201
v 1.698149 0.641075 -0.321618
v 1.698149 0.647717 -0.325142
v 1.698149 0.627208 -0.380668
v 1.698149 0.620035 -0.376861
v 1.698149 0.613588 -0.373440
v 1.698149 0.686874 -0.345920
v 1.698149 0.669501 -0.403110
v 1.698149 0.663965 -0.400173
v 1.698149 0.654778 -0.328889
v 1.809752 0.656604 -0.329858
v 1.809752 0.639231 -0.387048
v 1.698149 0.650260 -0.392900
v 1.698149 0.657468 -0.396725
v 1.809752 0.627199 -0.380663
v 1.809752 0.619991 -0.376838
v 1.698149 0.669059 -0.336467
v 1.698149 0.661984 -0.332713
v 1.809752 0.631713 -0.316650
v 1.809752 0.638790 -0.320405
v 1.809752 0.645464 -0.323947
v 1.698149 0.635107 -0.318451
v 1.809752 0.583319 -0.357378
v 1.809752 0.604837 -0.302388
v 1.809752 0.612348 -0.372782
v 1.809752 0.604564 -0.368652
v 1.809752 0.651479 -0.327139
v 1.809752 0.624507 -0.312826
v 1.809752 0.617447 -0.309080
v 1.826730 0.618380 -0.317036
v 1.826730 0.623853 -0.319941
v 1.809752 0.589766 -0.360799
v 1.809752 0.596939 -0.364606
v 1.826730 0.602481 -0.360083
v 1.826730 0.596919 -0.357132
v 1.809752 0.610806 -0.305556
v 1.826730 0.608603 -0.311848
v 1.826730 0.613230 -0.314303
v 1.809752 0.633695 -0.384110
v 1.826730 0.630976 -0.375204
v 1.826730 0.625939 -0.372532
v 1.826730 0.629439 -0.322905
v 1.826730 0.648737 -0.333145
v 1.826730 0.635268 -0.377482
v 1.826730 0.620351 -0.369566
v 1.826730 0.634926 -0.325816
v 1.977353 0.657779 -0.306507
v 1.977353 0.653115 -0.304033
v 2.139129 0.638508 -0.331561
v 2.139129 0.643171 -0.334036
v 1.977353 0.631396 -0.292508
v 1.977353 0.626246 -0.289775
v 2.139129 0.611638 -0.317303
v 2.139129 0.616788 -0.320036
v 1.977353 0.615496 -0.335555
v 1.977353 0.621408 -0.338692
v 2.139129 0.606800 -0.366220
v 2.139129 0.600889 -0.363083
v 1.977353 0.604937 -0.329952
v 1.977353 0.609935 -0.332604
v 2.139129 0.595327 -0.360132
v 2.139129 0.590329 -0.357480
v 1.977353 0.661753 -0.308616
v 2.139129 0.647145 -0.336145
v 1.977353 0.643992 -0.350676
v 1.977353 0.648284 -0.352954
v 2.139129 0.633676 -0.380482
v 2.139129 0.629384 -0.378204
v 1.977353 0.636869 -0.295412
v 2.139129 0.622262 -0.322940
v 1.826730 0.644763 -0.331036
v 1.826730 0.591921 -0.354480
v 1.826730 0.608392 -0.363220
v 1.826730 0.640099 -0.328561
v 1.826730 0.614426 -0.366422
v 2.139129 0.618759 -0.372566
v 2.139129 0.624347 -0.375532
v 2.176480 0.622174 -0.361498
v 2.176480 0.619382 -0.360016
v 2.139129 0.633334 -0.328816
v 2.139129 0.627848 -0.325905
v 2.176480 0.623923 -0.336702
v 2.176480 0.626664 -0.338156
v 2.176480 0.629249 -0.339528
v 2.139129 0.607011 -0.314848
v 2.176480 0.605177 -0.352478
v 2.176480 0.613512 -0.331177
v 2.139129 0.612834 -0.369422
v 2.176480 0.616421 -0.358445
v 2.176480 0.613406 -0.356845
v 2.176480 0.631580 -0.340764
v 2.176480 0.615823 -0.332404
v 2.176480 0.618397 -0.333769
v 1.977353 0.627441 -0.341894
v 1.977353 0.633367 -0.345038
v 1.977353 0.621619 -0.287320
v 1.977353 0.647942 -0.301287
v 1.977353 0.642455 -0.298376
v 1.977353 0.638955 -0.348003
v 2.176480 0.610453 -0.355278
v 2.176480 0.607673 -0.353803
v 2.176480 0.621131 -0.335220
v 2.176480 0.624691 -0.362833
v 2.176480 0.626835 -0.363971
v 2.176480 0.633564 -0.341818
v -1.689505 0.634834 -0.384714
v -1.689505 0.642617 -0.388845
v -1.689505 0.681748 -0.343201
v -1.689505 0.675734 -0.340009
v -1.689505 0.647717 -0.325142
v -1.689505 0.641075 -0.321618
v -1.689505 0.627208 -0.380668
v -1.689505 0.613588 -0.373440
v -1.689505 0.620035 -0.376861
v -1.689505 0.686874 -0.345920
v -1.689505 0.663965 -0.400173
v -1.689505 0.669501 -0.403110
v -1.689505 0.654777 -0.328888
v -1.801109 0.639232 -0.387047
v -1.801109 0.656604 -0.329858
v -1.689505 0.650260 -0.392900
v -1.801109 0.619990 -0.376837
v -1.801109 0.627199 -0.380663
v -1.689505 0.657468 -0.396725
v -1.689505 0.669059 -0.336467
v -1.801109 0.638790 -0.320405
v -1.801109 0.631713 -0.316650
v -1.689505 0.661983 -0.332712
v -1.801109 0.645464 -0.323947
v -1.689505 0.635107 -0.318451
v -1.801109 0.604837 -0.302388
v -1.801109 0.583319 -0.357378
v -1.801109 0.612347 -0.372782
v -1.801109 0.604564 -0.368652
v -1.801109 0.651478 -0.327138
v -1.801109 0.624507 -0.312826
v -1.818087 0.623853 -0.319941
v -1.818087 0.618380 -0.317036
v -1.801109 0.617447 -0.309079
v -1.801109 0.589766 -0.360799
v -1.818087 0.596919 -0.357132
v -1.818087 0.602481 -0.360083
v -1.801109 0.596939 -0.364606
v -1.801109 0.610806 -0.305556
v -1.818087 0.613230 -0.314303
v -1.818087 0.608603 -0.311848
v -1.818087 0.625939 -0.372532
v -1.818087 0.630976 -0.375204
v -1.801109 0.633695 -0.384110
v -1.818087 0.629439 -0.322905
v -1.818087 0.635268 -0.377482
v -1.818087 0.648736 -0.333144
v -1.818087 0.620351 -0.369566
v -1.818087 0.634926 -0.325816
v -1.968709 0.657779 -0.306507
v -2.130485 0.643171 -0.334036
v -2.130485 0.638508 -0.331561
v -1.968709 0.653115 -0.304033
v -1.968709 0.631395 -0.292507
v -2.130485 0.616787 -0.320036
v -2.130485 0.611638 -0.317303
v -1.968709 0.626246 -0.289775
v -1.968709 0.615495 -0.335554
v -2.130485 0.600887 -0.363083
v -2.130485 0.606800 -0.366220
v -1.968709 0.621408 -0.338692
v -1.968709 0.604936 -0.329951
v -2.130485 0.590328 -0.357479
v -2.130485 0.595327 -0.360132
v -1.968709 0.609935 -0.332604
v -1.968709 0.661752 -0.308616
v -2.130485 0.647144 -0.336144
v -1.968709 0.643992 -0.350676
v -2.130485 0.629384 -0.378204
v -2.130485 0.633676 -0.380482
v -1.968709 0.648284 -0.352954
v -1.968709 0.636868 -0.295412
v -2.130485 0.622262 -0.322940
v -1.818087 0.644763 -0.331036
v -1.818087 0.591920 -0.354480
v -1.818087 0.608392 -0.363220
v -1.818087 0.640099 -0.328561
v -1.818087 0.614426 -0.366422
v -2.130485 0.618759 -0.372566
v -2.167837 0.619382 -0.360016
v -2.167837 0.622174 -0.361498
v -2.130485 0.624347 -0.375532
v -2.130485 0.633334 -0.328816
v -2.167837 0.626664 -0.338156
v -2.167837 0.623923 -0.336702
v -2.130485 0.627848 -0.325905
v -2.167837 0.629249 -0.339528
v -2.130485 0.607011 -0.314848
v -2.167837 0.613512 -0.331177
v -2.167837 0.605176 -0.352478
v -2.130485 0.612834 -0.369422
v -2.167837 0.616421 -0.358445
v -2.167837 0.613406 -0.356845
v -2.167837 0.631579 -0.340764
v -2.167837 0.618396 -0.333769
v -2.167837 0.615823 -0.332404
v -1.968709 0.627441 -0.341894
v -1.968709 0.633367 -0.345038
v -1.968709 0.621619 -0.287320
v -1.968709 0.647942 -0.301287
v -1.968709 0.642455 -0.298376
v -1.968709 0.638955 -0.348003
v -2.167837 0.610452 -0.355277
v -2.167837 0.607673 -0.353803
v -2.167837 0.621131 -0.335220
v -2.167837 0.624691 -0.362833
v -2.167837 0.626835 -0.363971
v -2.167837 0.633564 -0.341818
v 1.491520 0.668456 -0.179487
v 2.342978 0.630569 -0.018507
v 2.342978 0.622361 -0.003050
v 1.491520 0.656880 -0.157683
v 2.342978 0.617327 0.013712
v 1.491520 0.649781 -0.134040
v 2.342978 0.615661 0.031134
v 1.491520 0.647429 -0.109465
v 2.342978 0.617426 0.048546
v 1.491520 0.649917 -0.084904
v 2.342978 0.622552 0.065279
v 1.491520 0.657150 -0.061300
v 2.342978 0.630846 0.080691
v 1.491520 0.668849 -0.039562
v 2.342978 0.641986 0.094188
v 1.491520 0.684562 -0.020522
v 2.342978 0.655546 0.105253
v 1.491520 0.703689 -0.004915
v 2.342978 0.671002 0.113459
v 1.491520 0.725493 0.006661
v 2.342978 0.687765 0.118493
v 1.491520 0.749137 0.013762
v 2.342978 0.705186 0.120160
v 1.491520 0.773712 0.016112
v 2.342978 0.722598 0.118395
v 1.491520 0.798273 0.013624
v 2.342978 0.739332 0.113269
v 1.491520 0.821876 0.006391
v 2.342978 0.754743 0.104975
v 1.491520 0.843614 -0.005306
v 2.342978 0.768241 0.093835
v 1.491520 0.862654 -0.021021
v 2.342978 0.779306 0.080275
v 1.491520 0.878262 -0.040147
v 2.342978 0.787512 0.064818
v 1.491520 0.889837 -0.061952
v 2.342978 0.792546 0.048056
v 1.491520 0.896937 -0.085595
v 2.342978 0.794212 0.030634
v 1.491520 0.899289 -0.110169
v 2.342978 0.792448 0.013223
v 1.491520 0.896800 -0.134730
v 2.342978 0.787321 -0.003512
v 1.491520 0.889568 -0.158334
v 2.342978 0.779028 -0.018922
v 1.491520 0.877869 -0.180073
v 2.342978 0.767887 -0.032420
v 1.491520 0.862156 -0.199112
v 2.342978 0.754328 -0.043485
v 1.491520 0.843028 -0.214720
v 2.342978 0.738870 -0.051691
v 1.491520 0.821225 -0.226296
v 2.342978 0.722108 -0.056725
v 1.491520 0.797582 -0.233396
v 2.342978 0.704687 -0.058391
v 1.491520 0.773007 -0.235747
v 2.342978 0.687275 -0.056628
v 1.491520 0.748446 -0.233258
v 2.342978 0.670542 -0.051500
v 1.491520 0.724842 -0.226027
v 2.342978 0.655131 -0.043207
v 1.491520 0.703103 -0.214328
v 2.342978 0.641632 -0.032067
v 1.491520 0.684064 -0.198613
v 2.395739 0.691626 -0.000998
v 2.395739 0.685662 0.002212
v 2.395739 0.738802 0.024049
v 2.395739 0.736819 0.017574
v 2.395739 0.724210 0.059556
v 2.395739 0.729435 0.055245
v 2.395739 0.673055 0.044195
v 2.395739 0.676264 0.050158
v 2.395739 0.729298 0.006386
v 2.395739 0.724051 0.002104
v 2.395739 0.676157 0.011770
v 2.395739 0.672981 0.017752
v 2.395739 0.718068 -0.001072
v 2.395739 0.738840 0.037529
v 2.395739 0.739485 0.030787
v 2.395739 0.691805 0.062840
v 2.395739 0.698292 0.064788
v 2.395739 0.704841 -0.003665
v 2.395739 0.698102 -0.002981
v 2.395739 0.670388 0.030980
v 2.395739 0.671071 0.037719
v 2.395739 0.680439 0.006523
v 2.395739 0.718247 0.062766
v 2.395739 0.733608 0.011610
v 2.395739 0.680575 0.055382
v 2.395739 0.685822 0.059664
v 2.395739 0.711582 -0.003019
v 2.395739 0.736892 0.044016
v 2.395739 0.671033 0.024238
v 2.395739 0.705034 0.065433
v 2.395739 0.711772 0.064750
v 2.395739 0.733716 0.049998
v -1.482876 0.668456 -0.179487
v -1.482876 0.656880 -0.157683
v -2.334334 0.622361 -0.003050
v -2.334334 0.630568 -0.018507
v -1.482876 0.649780 -0.134040
v -2.334334 0.617327 0.013712
v -1.482876 0.647429 -0.109464
v -2.334334 0.615660 0.031134
v -1.482876 0.649917 -0.084904
v -2.334334 0.617425 0.048546
v -1.482876 0.657150 -0.061300
v -2.334334 0.622552 0.065279
v -1.482876 0.668848 -0.039561
v -2.334334 0.630845 0.080691
v -1.482876 0.684562 -0.020522
v -2.334334 0.641986 0.094189
v -1.482876 0.703689 -0.004915
v -2.334334 0.655546 0.105253
v -1.482876 0.725492 0.006662
v -2.334334 0.671003 0.113460
v -1.482876 0.749137 0.013762
v -2.334334 0.687765 0.118493
v -1.482876 0.773711 0.016112
v -2.334334 0.705186 0.120160
v -1.482876 0.798272 0.013624
v -2.334334 0.722597 0.118396
v -1.482876 0.821875 0.006392
v -2.334334 0.739332 0.113269
v -1.482876 0.843614 -0.005306
v -2.334334 0.754743 0.104975
v -1.482876 0.862654 -0.021020
v -2.334334 0.768241 0.093835
v -1.482876 0.878262 -0.040147
v -2.334334 0.779306 0.080275
v -1.482876 0.889837 -0.061952
v -2.334334 0.787512 0.064818
v -1.482876 0.896937 -0.085595
v -2.334334 0.792545 0.048057
v -1.482876 0.899289 -0.110169
v -2.334334 0.794213 0.030635
v -1.482876 0.896800 -0.134730
v -2.334334 0.792448 0.013223
v -1.482876 0.889568 -0.158334
v -2.334334 0.787321 -0.003511
v -1.482876 0.877870 -0.180072
v -2.334334 0.779028 -0.018922
v -1.482876 0.862156 -0.199112
v -2.334334 0.767887 -0.032420
v -1.482876 0.843028 -0.214720
v -2.334334 0.754328 -0.043485
v -1.482876 0.821225 -0.226296
v -2.334334 0.738870 -0.051691
v -1.482876 0.797580 -0.233395
v -2.334334 0.722108 -0.056725
v -1.482876 0.773007 -0.235747
v -2.334334 0.704687 -0.058391
v -1.482876 0.748446 -0.233258
v -2.334334 0.687275 -0.056628
v -1.482876 0.724842 -0.226027
v -2.334334 0.670541 -0.051500
v -1.482876 0.703103 -0.214328
v -2.334334 0.655130 -0.043207
v -1.482876 0.684064 -0.198613
v -2.334334 0.641633 -0.032066
v -2.387095 0.685662 0.002212
v -2.387095 0.691626 -0.000998
v -2.387095 0.736818 0.017574
v -2.387095 0.738802 0.024049
v -2.387095 0.729435 0.055246
v -2.387095 0.724210 0.059556
v -2.387095 0.676264 0.050158
v -2.387095 0.673055 0.044195
v -2.387095 0.724050 0.002104
v -2.387095 0.729297 0.006387
v -2.387095 0.672981 0.017752
v -2.387095 0.676156 0.011770
v -2.387095 0.718068 -0.001072
v -2.387095 0.739484 0.030788
v -2.387095 0.738840 0.037529
v -2.387095 0.698291 0.064788
v -2.387095 0.691804 0.062840
v -2.387095 0.698102 -0.002981
v -2.387095 0.704840 -0.003664
v -2.387095 0.671070 0.037720
v -2.387095 0.670388 0.030981
v -2.387095 0.680438 0.006523
v -2.387095 0.718246 0.062766
v -2.387095 0.733608 0.011610
v -2.387095 0.685822 0.059664
v -2.387095 0.680575 0.055382
v -2.387095 0.711582 -0.003019
v -2.387095 0.736892 0.044016
v -2.387095 0.671033 0.024238
v -2.387095 0.711771 0.064750
v -2.387095 0.705033 0.065433
v -2.387095 0.733716 0.049998
v -0.513858 -0.610547 -0.027969
v -0.533799 -0.610608 -0.021920
v -0.552178 -0.610706 -0.012097
v -0.568286 -0.610838 0.001122
v -0.581507 -0.610999 0.017229
v -0.591330 -0.611183 0.035607
v -0.597379 -0.611381 0.055548
v -0.599422 -0.611589 0.076285
v -0.597379 -0.611795 0.097022
v -0.591330 -0.611995 0.116963
v -0.581507 -0.612178 0.135340
v -0.568286 -0.612339 0.151449
v -0.552178 -0.612471 0.164668
v -0.533799 -0.612570 0.174491
v -0.513858 -0.612630 0.180540
v -0.493119 -0.612651 0.182583
v -0.472380 -0.612630 0.180540
v -0.452439 -0.612570 0.174491
v -0.434060 -0.612471 0.164668
v -0.417952 -0.612339 0.151449
v -0.404732 -0.612178 0.135340
v -0.394908 -0.611995 0.116963
v -0.388859 -0.611795 0.097022
v -0.386816 -0.611589 0.076285
v -0.388859 -0.611381 0.055548
v -0.394908 -0.611183 0.035607
v -0.404732 -0.610999 0.017229
v -0.417952 -0.610838 0.001122
v -0.434061 -0.610706 -0.012097
v -0.452439 -0.610608 -0.021920
v -0.472381 -0.610547 -0.027969
v -0.493119 -0.610527 -0.030012
v 0.506106 -0.610547 -0.027969
v 0.485367 -0.610527 -0.030012
v 0.464629 -0.610547 -0.027969
v 0.444687 -0.610608 -0.021920
v 0.426309 -0.610706 -0.012097
v 0.410200 -0.610838 0.001122
v 0.396980 -0.610999 0.017229
v 0.387156 -0.611183 0.035607
v 0.381107 -0.611381 0.055548
v 0.379064 -0.611589 0.076285
v 0.381107 -0.611795 0.097022
v 0.387156 -0.611995 0.116963
v 0.396980 -0.612178 0.135340
v 0.410200 -0.612339 0.151449
v 0.426308 -0.612471 0.164668
v 0.444687 -0.612570 0.174491
v 0.464628 -0.612630 0.180540
v 0.485367 -0.612651 0.182583
v 0.506106 -0.612630 0.180540
v 0.526047 -0.612570 0.174491
v 0.544426 -0.612471 0.164668
v 0.560534 -0.612339 0.151449
v 0.573754 -0.612178 0.135340
v 0.583578 -0.611995 0.116963
v 0.589627 -0.611795 0.097022
v 0.591670 -0.611589 0.076285
v 0.589627 -0.611381 0.055548
v 0.583578 -0.611183 0.035607
v 0.573754 -0.610999 0.017229
v 0.560534 -0.610838 0.001122
v 0.544426 -0.610706 -0.012097
v 0.526047 -0.610608 -0.021920
v 0.078913 0.168964 0.103803
v 0.078659 0.169029 0.101620
v 0.079502 0.169518 0.085296
v 0.079235 0.169591 0.082817
v 0.079541 0.169692 0.079470
v 0.532512 -2.132622 -0.033666
v 0.122921 0.693389 -0.019033
v 0.120285 0.696306 -0.022228
v -0.590163 -2.133140 0.018223
v 0.407782 -2.134289 0.133303
v 0.029634 0.565708 0.020400
v 0.023399 0.465697 0.015517
v 0.019204 0.430977 0.013205
v 0.017805 0.465748 0.013820
v 0.013791 0.565480 0.015585
v 0.154045 0.694303 -0.036059
v -0.158034 0.888696 0.134623
v -0.157980 0.889135 0.134095
v -0.167659 0.886500 0.135517
v -0.160386 0.894650 0.126887
v -0.122294 0.901932 0.125075
v -0.157173 0.889014 0.134393
v -0.156557 0.900822 0.120039
v -0.157235 0.895252 0.126737
v -0.065693 0.572484 0.163568
v -0.065639 0.461366 0.160288
v -0.062080 0.461279 0.163208
v -0.065794 0.572480 0.163485
v 0.126617 0.690453 -0.015336
v 0.136400 0.682800 -0.002370
v 0.125729 0.691147 -0.016512
v -0.156350 0.902528 0.117986
v -0.599240 -2.133586 0.062931
v -0.599422 -2.133568 0.061085
v -0.599422 -2.133570 0.061085
v 0.126617 0.690453 -0.015336
v 0.156319 0.681809 -0.013018
v 0.126998 0.690155 -0.014831
v -0.054776 0.572909 0.172543
v -0.052525 0.461044 0.171046
v -0.052525 0.461044 0.171046
v -0.052525 0.574901 0.174451
v -0.116314 0.914444 0.103774
v -0.084355 0.914793 0.109687
v -0.090291 0.912911 0.112011
v -0.118009 0.904121 0.122868
v -0.117175 0.909202 0.113470
v -0.052525 0.465399 0.025495
v -0.591881 -2.133955 0.099946
v -0.048288 0.465466 0.023231
v -0.052525 0.566091 0.028507
v -0.052023 0.566079 0.028237
v 0.155238 0.738934 0.149232
v 0.161738 0.736531 0.148726
v 0.187299 0.751307 0.162533
v 0.190627 0.748319 0.161127
v 0.187318 0.751290 0.162524
v 0.194339 0.738739 0.155484
v -0.035846 0.685610 0.098343
v 0.048770 0.697144 0.120482
v 0.077874 0.685610 0.098343
v 0.075867 0.697144 0.120482
v 0.076669 0.696887 0.119988
v 0.168564 0.734013 0.148197
v 0.195137 0.736678 0.154270
v -0.068025 0.696885 0.119985
v -0.067224 0.697142 0.120479
v -0.069230 0.685610 0.098344
v 0.197547 0.723290 0.145930
v 0.196716 0.721715 0.144766
v 0.171642 0.732874 0.147956
v 0.161724 0.731275 0.145295
v -0.042934 0.465552 0.020370
v -0.037386 0.565708 0.020400
v -0.116158 0.915394 0.102016
v -0.084059 0.916356 0.106804
v -0.084202 0.916352 0.106783
v -0.083919 0.916311 0.106918
v 0.186396 0.727411 0.146799
v 0.164769 0.731768 0.146113
v 0.197546 0.723288 0.145928
v 0.198442 0.724985 0.147181
v 0.083690 0.463222 0.098271
v 0.140803 0.730024 -0.067314
v 0.173275 0.717894 -0.072239
v 0.173275 0.717894 -0.072239
v 0.150426 0.731778 -0.072424
v 0.152058 0.711200 -0.056124
v 0.194148 0.716137 -0.079528
v -0.556814 -2.132723 -0.023494
v 0.141117 0.888492 0.139645
v 0.133769 0.900885 0.125830
v 0.140349 0.889788 0.138201
v 0.167178 0.902112 0.133330
v 0.069162 0.567258 0.053143
v 0.068932 0.567237 0.052712
v -0.205358 0.760154 -0.091627
v -0.201691 0.734590 -0.077521
v -0.176519 0.760717 -0.080468
v -0.177435 0.759335 -0.080148
v -0.173724 0.737844 -0.068039
v 0.149226 0.755160 -0.084361
v -0.082267 0.923203 0.084452
v -0.076854 0.917946 0.103302
v -0.076652 0.920355 0.095332
v -0.053953 0.924209 0.088150
v -0.053206 0.924235 0.088248
v -0.083307 0.919519 0.096458
v 0.064179 0.397727 0.150776
v 0.058655 0.461392 0.159414
v -0.553625 -2.134439 0.148281
v 0.148475 0.780413 -0.091533
v 0.077024 0.464223 0.064776
v 0.074266 0.464378 0.059619
v 0.077024 0.567955 0.067879
v -0.207395 0.784677 -0.099284
v -0.180050 0.783184 -0.087849
v -0.179330 0.784318 -0.087875
v 0.170174 0.712490 0.131620
v 0.195165 0.699877 0.124293
v 0.200276 0.707123 0.132335
v 0.199135 0.709655 0.134570
v 0.197014 0.702499 0.127203
v 0.196837 0.714754 0.139069
v -0.090970 0.463079 0.103050
v -0.091441 0.569544 0.101451
v -0.091409 0.569559 0.101781
v -0.091441 0.463222 0.098270
v 0.197015 0.702500 0.127204
v -0.250830 0.720347 -0.087679
v -0.250582 0.720322 -0.087553
v -0.176683 0.725878 -0.060178
v -0.202825 0.715647 -0.063557
v -0.218713 0.717136 -0.071490
v -0.227161 0.717930 -0.075710
v -0.170007 0.719373 -0.052361
v -0.173608 0.711793 -0.048120
v -0.090741 0.463009 0.105378
v -0.176176 0.723556 -0.058190
v -0.175135 0.718791 -0.054110
v -0.089759 0.570354 0.118566
v -0.171955 0.731976 -0.062807
v -0.173020 0.738872 -0.068522
v 0.172321 0.807069 0.170585
v 0.182482 0.796902 0.171905
v 0.182266 0.796164 0.171868
v 0.181384 0.799866 0.171780
v 0.179407 0.805204 0.171554
v 0.032471 0.465595 0.018922
v 0.177949 0.808948 0.171407
v 0.181364 0.799866 0.171783
v 0.182478 0.796902 0.171906
v -0.191704 0.903724 0.127956
v -0.190006 0.883314 0.144174
v -0.167922 0.872218 0.147258
v -0.167798 0.878981 0.141699
v -0.167700 0.884281 0.137342
v -0.161410 0.877734 0.140987
v -0.160431 0.876382 0.141826
v -0.160382 0.896504 0.125370
v -0.082148 0.923622 0.083083
v -0.052164 0.924513 0.087584
v 0.168802 0.833643 0.167948
v 0.171741 0.833037 0.168499
v 0.173128 0.822455 0.170669
v 0.169413 0.832065 0.168332
v 0.169413 0.832061 0.168333
v -0.189046 0.858713 0.157088
v -0.176820 0.853395 0.157288
v -0.176767 0.857655 0.155005
v -0.176682 0.864453 0.151361
v -0.176649 0.867118 0.149933
v -0.161362 0.854763 0.153227
v -0.162466 0.856423 0.152580
v -0.163725 0.884440 0.137910
v -0.163156 0.885203 0.137380
v 0.145247 0.883238 0.143672
v 0.168989 0.881555 0.149547
v 0.151988 0.869352 0.153948
v 0.150273 0.872884 0.151334
v 0.150273 0.872883 0.151334
v -0.071931 0.397727 0.150776
v 0.165154 0.919033 0.113329
v -0.066408 0.461392 0.159414
v 0.157311 0.860082 0.158440
v 0.162785 0.847135 0.164483
v 0.160084 0.853524 0.161501
v 0.170530 0.858216 0.161402
v 0.163027 0.931587 0.090331
v 0.148189 0.806564 -0.093733
v 0.074807 0.691730 -0.010069
v 0.074905 0.691176 -0.009040
v 0.105521 0.690748 -0.012768
v 0.106145 0.690739 -0.012844
v 0.106802 0.690965 -0.013367
v -0.222262 0.699423 0.118593
v -0.223706 0.697726 0.116329
v 0.135063 0.691360 -0.018295
v 0.135224 0.690333 -0.016384
v -0.209074 0.810198 -0.102103
v -0.181667 0.808037 -0.090587
v -0.076900 0.923959 0.082025
v -0.038895 0.925416 0.084573
v -0.012739 0.928133 0.068408
v -0.003326 0.928440 0.069607
v -0.181184 0.808789 -0.090450
v -0.036358 0.927364 0.065401
v -0.229328 0.691119 0.107515
v -0.227220 0.693596 0.110820
v -0.191635 0.697596 0.106956
v -0.225852 0.685847 0.098204
v -0.223706 0.697726 0.116329
v -0.037450 0.926525 0.073653
v -0.226225 0.682822 0.092530
v -0.224647 0.684083 0.095096
v -0.193352 0.685163 0.083710
v -0.230478 0.679421 0.085615
v -0.225892 0.675364 0.072985
v -0.228161 0.681274 0.089383
v -0.182287 0.832848 -0.088234
v -0.208879 0.836112 -0.099284
v -0.182053 0.833189 -0.088097
v 0.019830 0.680225 0.019742
v 0.064249 0.680008 0.013574
v -0.397547 -2.133112 0.015471
v 0.067867 0.680077 0.012907
v 0.076671 0.681067 0.009738
v -0.225645 0.706855 0.127110
v -0.081857 0.462056 0.137225
v 0.075759 0.686289 0.000038
v 0.085453 0.687340 -0.003377
v -0.217823 0.719186 0.138324
v -0.223343 0.701977 0.121532
v 0.090519 0.688200 -0.005748
v 0.085597 0.683659 0.003536
v 0.097203 0.687657 -0.005714
v -0.223762 0.709824 0.129810
v 0.135907 0.685958 -0.008245
v 0.149421 0.679590 0.001747
v 0.066221 0.679998 0.013300
v -0.196974 0.941099 0.059123
v -0.195279 0.933346 0.084561
v -0.159992 0.922855 0.085314
v -0.159652 0.922630 0.085754
v -0.161528 0.929887 0.062242
v -0.161365 0.929906 0.062007
v -0.193813 0.920708 0.107935
v -0.158966 0.910956 0.107516
v -0.159754 0.911676 0.106570
v -0.219387 0.716722 0.136083
v -0.036270 0.927431 0.064736
v -0.190117 0.714229 0.127284
v -0.003100 0.928459 0.069512
v -0.011942 0.928185 0.068239
v -0.159389 0.895347 0.126426
v 0.019869 0.680150 0.019986
v 0.063399 0.679728 0.014638
v 0.055926 0.679800 0.015556
v 0.143206 0.678953 0.004834
v 0.142271 0.679396 0.003503
v 0.143206 0.678953 0.004834
v 0.149680 0.678890 0.004038
v -0.208290 0.860982 -0.091529
v -0.181885 0.856663 -0.080881
v -0.222682 0.669737 0.038602
v -0.221857 0.669950 0.036530
v -0.220498 0.670068 0.042100
v -0.198822 0.943664 0.032661
v -0.164408 0.932604 0.038000
v -0.163892 0.932503 0.037217
v -0.207317 0.883914 -0.079121
v -0.181838 0.856586 -0.080898
v -0.180655 0.878538 -0.068897
v -0.130677 -0.406217 0.185659
v -0.124611 -0.411954 0.192881
v -0.099821 -0.427748 0.212763
v -0.098737 -0.428438 0.213632
v -0.097540 -0.428935 0.214257
v -0.036565 -0.448276 0.238606
v -0.003876 -0.450776 0.241753
v -0.069217 -0.440686 0.229051
v -0.037187 -0.448229 0.238547
v -0.546530 -2.132655 -0.030317
v -0.206011 0.904083 -0.062494
v -0.180357 0.878070 -0.069105
v -0.178434 0.897550 -0.052686
v 0.020509 0.678918 0.023991
v 0.006542 0.675310 0.038173
v 0.022142 0.675776 0.034199
v 0.004322 0.678514 0.027845
v 0.004322 0.675333 0.038438
v 0.004322 0.675308 0.038521
v 0.163545 0.672368 0.023607
v 0.150739 0.676034 0.013386
v 0.147264 0.677029 0.010612
v 0.147264 0.677029 0.010612
v 0.151033 0.675242 0.015978
v -0.202645 0.933211 -0.019022
v -0.200747 0.940978 0.006260
v -0.171783 0.924110 -0.010597
v -0.171039 0.923462 -0.011668
v -0.167976 0.930706 0.013397
v 0.004322 0.927764 0.061455
v 0.004322 0.928385 0.067585
v 0.004322 0.928540 0.069111
v -0.222682 0.669737 0.038602
v -0.221857 0.669949 0.036531
v -0.197247 0.674815 0.031989
v -0.216649 0.671293 0.023450
v -0.167268 0.930329 0.012322
v 0.159015 0.672140 0.026822
v 0.159015 0.672140 0.026822
v 0.158712 0.672190 0.026363
v 0.163895 0.672113 0.026213
v -0.204429 0.920735 -0.042223
v -0.175390 0.912935 -0.032961
v -0.174726 0.912154 -0.033802
v -0.177927 0.896832 -0.053198
v -0.226399 0.673128 0.065617
v -0.225935 0.673340 0.066372
v -0.195234 0.677450 0.058398
v -0.224269 0.674104 0.069088
v -0.415535 -2.134289 0.133303
v 0.130659 0.909405 0.112781
v 0.131210 0.910020 0.111984
v 0.128305 0.921175 0.091037
v 0.175875 0.669952 0.046590
v 0.167129 0.670819 0.039136
v 0.165246 0.671126 0.036280
v 0.165246 0.671126 0.036279
v 0.004343 0.465815 0.011554
v 0.123335 0.829427 -0.080017
v 0.123121 0.829770 -0.079883
v 0.122374 0.804496 -0.082339
v 0.148405 0.832625 -0.090951
v -0.087406 0.385507 0.071095
v -0.086169 0.464086 0.069364
v 0.176282 0.670240 0.049392
v 0.147617 0.781402 0.163603
v 0.171605 0.781675 0.167622
v 0.147471 0.781153 0.163551
v 0.146594 0.806342 0.166226
v 0.182905 0.799865 0.171538
v 0.184873 0.796860 0.171528
v 0.185486 0.784772 0.170276
v -0.228415 0.672202 0.062328
v -0.225935 0.673340 0.066372
v -0.222909 0.670647 0.047565
v 0.173048 0.670389 0.051207
v -0.599422 -2.133568 0.061085
v 0.185419 0.672416 0.069903
v 0.183875 0.672259 0.068516
v 0.177602 0.671176 0.058487
v 0.120164 0.700095 -0.025992
v 0.121809 0.688688 -0.004683
v 0.121987 0.688787 -0.004989
v 0.119926 0.700281 -0.026205
v 0.185836 0.673303 0.072743
v 0.119718 0.701566 -0.028592
v 0.122540 0.699689 -0.026698
v 0.184059 0.674468 0.076781
v 0.193544 0.679646 0.092417
v 0.187182 0.676173 0.081929
v 0.187182 0.676173 0.081929
v -0.533799 -2.134549 0.159290
v -0.533799 -2.134549 0.159290
v 0.074104 0.462056 0.137225
v -0.533799 -2.134549 0.159290
v 0.124555 0.681610 0.018585
v 0.125058 0.681733 0.017651
v 0.158782 0.674249 0.012050
v -0.219800 0.725361 0.143072
v -0.219219 0.723830 0.141908
v -0.191036 0.734829 0.144649
v -0.190588 0.734976 0.144674
v -0.176340 0.732487 0.140471
v 0.192349 0.681141 0.095363
v 0.064801 0.464826 0.044612
v -0.524499 -2.134577 0.162112
v 0.192274 0.681236 0.095550
v 0.191381 0.684440 0.101628
v -0.513858 -2.134609 0.165339
v 0.198572 0.691363 0.113487
v 0.193639 0.686615 0.105354
v 0.193639 0.686613 0.105352
v -0.219225 0.723845 0.141919
v -0.214441 0.724816 0.141763
v -0.218952 0.723125 0.141372
v -0.188720 0.734461 0.143991
v -0.187364 0.734969 0.144109
v -0.207718 0.762297 0.161390
v 0.146289 0.735517 0.144644
v -0.205702 0.767428 0.163239
v 0.217551 0.740316 0.160298
v 0.217550 0.740316 0.160298
v 0.197402 0.693425 0.116154
v -0.231509 0.741965 0.156496
v -0.230624 0.742026 0.156385
v -0.188371 0.757443 0.156368
v -0.211996 0.751414 0.157468
v -0.213186 0.748389 0.156378
v -0.207718 0.762300 0.161391
v -0.091441 0.463222 0.098270
v -0.091441 0.463218 0.098270
v -0.591330 -2.133162 0.020407
v -0.591330 -2.133162 0.020407
v 0.196024 0.695855 0.119296
v -0.201330 0.685221 -0.019951
v -0.200805 0.680242 -0.008369
v -0.194918 0.687073 -0.020365
v -0.196338 0.685426 -0.017473
v 0.195137 0.736686 0.154274
v 0.147511 0.757739 0.156397
v 0.171244 0.755458 0.159598
v 0.195547 0.748007 0.160223
v 0.195530 0.747516 0.159965
v 0.171617 0.732877 0.147953
v -0.196337 0.685425 -0.017470
v -0.591330 -2.133162 0.020407
v 0.199151 0.726329 0.148174
v -0.039998 0.460844 0.177739
v 0.198038 0.729201 0.149865
v -0.213423 0.672126 0.015331
v -0.213187 0.672095 0.015699
v -0.199298 0.677427 0.005512
v -0.209711 0.674846 0.006850
v -0.591330 -2.133162 0.020407
v -0.072553 0.464826 0.044612
v -0.207434 0.676513 0.001652
v -0.213423 0.672126 0.015331
v 0.190628 0.748319 0.161127
v 0.195876 0.748254 0.160305
v -0.595776 -2.133307 0.035062
v -0.594151 -2.133254 0.029706
v 0.193691 0.743601 0.158162
v -0.146720 0.726174 -0.056200
v -0.213239 0.739836 0.151934
v -0.213783 0.738688 0.151242
v -0.182459 0.736691 0.144435
v 0.187318 0.751290 0.162524
v 0.194918 0.751318 0.161371
v -0.552178 -2.132685 -0.027298
v 0.217565 0.740315 0.160300
v 0.217506 0.740319 0.160293
v -0.187032 0.706659 -0.045773
v -0.148630 0.710064 -0.043173
v -0.154366 0.712716 -0.046170
v -0.169761 0.719836 -0.054216
v -0.170348 0.723672 -0.057465
v -0.101491 0.707328 -0.034272
v -0.114270 0.710361 -0.038576
v -0.136460 0.707054 -0.038973
v -0.137221 0.707153 -0.039162
v -0.136618 0.707053 -0.038995
v -0.147713 0.717788 -0.049419
v 0.189923 0.769516 0.167600
v 0.192127 0.760243 0.164478
v 0.191997 0.772051 0.168044
v -0.209376 0.747983 0.156838
v -0.147654 0.718285 -0.049821
v 0.190787 0.772069 0.168235
v 0.190684 0.772071 0.168251
v -0.174964 0.739324 0.144935
v -0.146952 0.724221 -0.054621
v -0.204600 0.752042 0.158788
v -0.205368 0.751389 0.158474
v 0.120398 0.755857 -0.072222
v -0.200833 0.786444 0.166696
v 0.119710 0.734156 -0.060363
v -0.198444 0.793414 0.167735
v -0.188342 0.782396 0.164070
v 0.119675 0.756886 -0.072457
v -0.203990 0.777224 0.165322
v 0.119542 0.715356 -0.044713
v 0.118979 0.735059 -0.060777
v 0.189416 0.775170 0.168745
v 0.189634 0.775170 0.168711
v 0.189969 0.775171 0.168659
v -0.193250 0.810158 0.167469
v -0.190426 0.819149 0.167008
v -0.194297 0.806828 0.167639
v -0.188676 0.808403 0.166808
v -0.193250 0.810159 0.167469
v 0.189188 0.776370 0.168895
v 0.118966 0.715941 -0.045148
v 0.119450 0.709541 -0.037411
v 0.122160 0.705988 -0.034362
v 0.122085 0.707234 -0.035879
v -0.394908 -2.133162 0.020407
v -0.394908 -2.133162 0.020407
v 0.133923 0.893858 0.131355
v 0.134672 0.894904 0.130418
v 0.131510 0.908232 0.114127
v 0.139366 0.895945 0.130839
v 0.138193 0.903298 0.122047
v 0.138420 0.901874 0.123750
v -0.170535 0.726434 -0.060823
v -0.170539 0.726439 -0.060830
v -0.197952 0.690920 -0.028061
v -0.186567 0.704645 -0.043238
v -0.180536 0.704755 -0.042506
v -0.184881 0.697342 -0.034046
v -0.180123 0.704763 -0.042455
v -0.133298 0.705624 -0.036766
v -0.187446 0.693337 -0.029508
v -0.185654 0.700690 -0.038260
v -0.066164 0.691730 -0.010069
v -0.076879 0.694171 -0.014604
v -0.103448 0.692775 -0.016721
v -0.099186 0.698994 -0.023728
v -0.101642 0.706207 -0.032920
v -0.130118 0.705683 -0.036380
v -0.102515 0.699714 -0.025090
v -0.179706 0.705415 -0.043194
v -0.120424 0.700083 -0.028121
v -0.390462 -2.133307 0.035062
v -0.392087 -2.133254 0.029706
v -0.203257 0.697893 -0.043349
v 0.137494 0.874939 0.146444
v 0.138299 0.876254 0.145645
v 0.149549 0.878197 0.147076
v 0.148314 0.887257 0.139816
v 0.148569 0.885390 0.141312
v 0.176991 0.821708 0.170266
v 0.133754 0.901395 0.125208
v -0.181761 0.843664 0.161347
v -0.182218 0.842159 0.161733
v -0.185096 0.832688 0.164165
v -0.184202 0.835632 0.163409
v -0.189365 0.834508 0.164451
v 0.121350 0.779625 -0.079683
v 0.120749 0.780562 -0.079704
v -0.184200 0.835635 0.163408
v -0.182218 0.842159 0.161733
v 0.168361 0.843028 0.165145
v 0.169336 0.832865 0.168100
v -0.394908 -2.133162 0.020407
v -0.172789 0.866066 0.151150
v -0.173259 0.864589 0.151866
v 0.143671 0.716751 0.129532
v 0.144092 0.716152 0.128953
v 0.141026 0.700318 0.109924
v 0.168333 0.695606 0.111705
v -0.174213 0.861588 0.153320
v 0.168109 0.845656 0.164381
v 0.158695 0.865510 0.155285
v 0.159693 0.856899 0.159751
v 0.146067 0.735870 0.144874
v -0.173821 0.862192 0.153061
v -0.173182 0.864591 0.151877
v 0.158431 0.867789 0.154103
v -0.394908 -2.133162 0.020407
v 0.146169 0.805563 0.166213
v 0.144542 0.831099 0.163980
v 0.151224 0.930044 -0.009431
v 0.143924 0.829946 0.164180
v 0.141697 0.854711 0.157008
v -0.452439 -2.134549 0.159290
v -0.452439 -2.134549 0.159290
v -0.452439 -2.134549 0.159290
v 0.149103 0.857692 -0.083315
v 0.130942 0.901932 0.125074
v 0.140947 0.853364 0.157514
v -0.472381 -2.134609 0.165340
v -0.472380 -2.134609 0.165339
v -0.463080 -2.134581 0.162518
v 0.126218 0.928157 0.068035
v 0.126411 0.928139 0.068260
v 0.160875 0.939233 0.065257
v 0.128080 0.920991 0.091393
v 0.114274 0.908047 0.118020
v 0.092998 0.914793 0.109687
v 0.151479 0.916969 -0.034701
v 0.124954 0.914444 0.103775
v 0.126651 0.904122 0.122868
v 0.126226 0.906711 0.118078
v 0.125816 0.909202 0.113471
v 0.121954 0.805177 -0.082217
v -0.388859 -2.133774 0.081822
v -0.388859 -2.133774 0.081822
v -0.164605 0.690903 0.083107
v -0.163977 0.703089 0.106318
v -0.164891 0.702266 0.105104
v 0.092846 0.916352 0.106783
v 0.092703 0.916356 0.106804
v 0.092563 0.916311 0.106917
v 0.124797 0.915394 0.102017
v 0.061850 0.924235 0.088248
v 0.062597 0.924209 0.088150
v 0.098926 0.918643 0.097638
v 0.090911 0.923203 0.084452
v 0.085294 0.920355 0.095331
v -0.164670 0.736939 0.140571
v -0.164923 0.717839 0.124556
v -0.164251 0.737503 0.140950
v 0.091951 0.919519 0.096458
v -0.187995 0.734535 0.143888
v 0.085498 0.917947 0.103302
v -0.386816 -2.133569 0.061085
v -0.386816 -2.133569 0.061085
v -0.387769 -2.133665 0.070756
v -0.226350 0.673340 0.066318
v -0.164224 0.684151 0.059509
v -0.163505 0.691589 0.084695
v 0.060807 0.924513 0.087584
v 0.090791 0.923622 0.083083
v -0.164265 0.718594 0.125309
v 0.011969 0.928440 0.069607
v 0.021382 0.928133 0.068408
v 0.045001 0.927364 0.065401
v 0.085544 0.923959 0.082025
v 0.047538 0.925416 0.084573
v 0.046093 0.926525 0.073653
v -0.217500 0.672109 0.014755
v -0.217134 0.671758 0.018492
v -0.163993 0.682176 0.035275
v -0.162961 0.682237 0.036806
v -0.164217 0.684921 0.011308
v -0.417952 -2.134318 0.136248
v -0.417952 -2.134318 0.136248
v 0.020585 0.928185 0.068239
v 0.011744 0.928459 0.069512
v 0.044914 0.927431 0.064736
v 0.161320 0.671919 0.038099
v -0.223631 0.669733 0.038466
v -0.223328 0.670118 0.042296
v -0.163065 0.684543 0.061239
v -0.051923 0.575249 0.174784
v -0.045156 0.575249 0.174784
v -0.493119 -2.134629 0.167382
v -0.493119 -2.134629 0.167382
v 0.163826 0.674860 0.064064
v -0.207478 0.771694 0.164249
v -0.205258 0.775215 0.164932
v -0.164542 0.759069 0.152531
v -0.164373 0.783004 0.159893
v 0.037404 0.575249 0.174784
v 0.044170 0.575249 0.174784
v -0.513858 -2.134609 0.165339
v -0.504186 -2.134618 0.166292
v -0.213772 0.739065 0.151444
v -0.213500 0.747932 0.156193
v -0.164506 0.759126 0.152554
v -0.042578 0.575249 0.174784
v -0.040605 0.575249 0.174784
v -0.552178 -2.134450 0.149468
v -0.552178 -2.134450 0.149468
v -0.196548 0.686141 -0.018851
v -0.197488 0.689341 -0.025017
v -0.165008 0.692101 -0.011404
v -0.165178 0.692175 -0.011631
v -0.167060 0.703883 -0.033307
v -0.167362 0.703596 -0.032973
v 0.029634 0.575249 0.174784
v -0.034168 0.575249 0.174784
v 0.166198 0.682882 0.088912
v 0.150494 0.900572 -0.054577
v -0.434061 -2.134451 0.149468
v 0.150226 0.880843 -0.071098
v -0.434061 -2.134451 0.149468
v 0.083690 0.569544 0.101451
v 0.083657 0.569559 0.101781
v 0.083690 0.463222 0.098271
v -0.208579 0.679258 -0.007668
v -0.208154 0.678239 -0.004207
v -0.442632 -2.134497 0.154049
v -0.163530 0.684784 0.012288
v 0.082007 0.570354 0.118566
v -0.591330 -2.133974 0.101763
v -0.591330 -2.133974 0.101763
v 0.591488 -2.133586 0.062931
v 0.591670 -2.133568 0.061085
v 0.591670 -2.133568 0.061085
v 0.526047 -2.134549 0.159290
v 0.526047 -2.134549 0.159290
v 0.526047 -2.134549 0.159290
v 0.077024 0.571133 0.135023
v 0.077089 0.571123 0.134809
v 0.515406 -2.134581 0.162518
v 0.506106 -2.134609 0.165339
v 0.110128 0.707328 -0.034271
v -0.220105 0.726035 0.143577
v -0.218498 0.729341 0.145573
v 0.583578 -2.133162 0.020407
v 0.583578 -2.133162 0.020407
v -0.205378 0.751389 0.158472
v -0.209437 0.747982 0.156829
v 0.156824 0.938798 0.013104
v 0.583578 -2.133162 0.020407
v 0.582653 -2.133144 0.018676
v 0.110279 0.706207 -0.032919
v 0.583578 -2.133162 0.020407
v 0.588024 -2.133307 0.035062
v 0.586399 -2.133254 0.029706
v 0.111044 0.700513 -0.026053
v 0.097594 0.696781 -0.019542
v 0.546820 -2.132704 -0.025333
v 0.085522 0.694171 -0.014604
v -0.041624 0.460871 0.176871
v 0.544426 -2.132685 -0.027298
v 0.112085 0.692775 -0.016720
v 0.116247 0.694567 -0.019515
v 0.111152 0.699714 -0.025088
v 0.158777 0.941656 0.039157
v -0.590307 -2.133993 0.103677
v -0.591330 -2.133974 0.101763
v -0.200613 0.796434 0.167686
v -0.198541 0.799844 0.167671
v -0.164113 0.782565 0.159801
v -0.552178 -2.132685 -0.027298
v -0.552178 -2.132685 -0.027298
v 0.048487 0.465307 0.028541
v 0.045212 0.566108 0.028867
v 0.044773 0.465398 0.025495
v 0.044773 0.465399 0.025495
v -0.163949 0.807885 0.162380
v 0.044773 0.465399 0.025495
v 0.044773 0.566091 0.028507
v 0.387156 -2.133162 0.020407
v 0.387156 -2.133162 0.020407
v -0.394908 -2.133974 0.101763
v -0.394908 -2.133974 0.101763
v 0.382710 -2.133307 0.035062
v 0.384335 -2.133254 0.029706
v -0.395696 -2.133988 0.103237
v -0.394908 -2.133974 0.101763
v 0.387156 -2.133162 0.020407
v 0.058042 0.465072 0.036380
v 0.058042 0.566608 0.039417
v -0.386816 -2.133569 0.061084
v 0.387156 -2.133162 0.020407
v 0.391738 -2.133076 0.011835
v 0.394376 -2.133026 0.006900
v -0.193047 0.821211 0.166381
v -0.163400 0.806945 0.162370
v -0.388825 -2.133364 0.040695
v -0.387769 -2.133472 0.051413
v -0.163282 0.832674 0.159903
v -0.185076 0.834207 0.163703
v 0.444687 -2.134549 0.159290
v 0.444687 -2.134549 0.159290
v 0.444687 -2.134549 0.159290
v 0.044785 0.574891 0.174441
v 0.044773 0.574901 0.174451
v -0.552178 -2.134450 0.149468
v -0.552178 -2.134450 0.149468
v 0.455328 -2.134581 0.162518
v 0.464628 -2.134609 0.165339
v 0.464629 -2.134609 0.165340
v -0.542371 -2.134503 0.154709
v 0.381107 -2.133774 0.081822
v 0.381107 -2.133774 0.081822
v -0.434060 -2.134451 0.149468
v 0.047024 0.572909 0.172543
v 0.058042 0.572480 0.163485
v -0.252815 0.720149 -0.088298
v -0.243487 0.720871 -0.085187
v 0.379064 -2.133569 0.061085
v 0.379064 -2.133569 0.061085
v 0.380017 -2.133665 0.070756
v -0.434060 -2.134451 0.149468
v -0.425465 -2.134380 0.142413
v -0.417952 -2.134318 0.136248
v 0.410200 -2.134318 0.136248
v 0.410200 -2.134318 0.136248
v -0.493119 -2.134629 0.167382
v 0.110797 0.734563 -0.059766
v 0.090768 0.733345 -0.057292
v 0.088915 0.755084 -0.068693
v -0.004490 0.565394 0.013783
v -0.003876 0.565392 0.013722
v 0.083085 0.732878 -0.056343
v 0.485367 -2.134629 0.167382
v 0.485367 -2.134629 0.167382
v -0.483447 -2.134620 0.166430
v 0.082286 0.732619 -0.056132
v 0.081185 0.754632 -0.067747
v -0.394908 -2.133974 0.101763
v 0.496433 -2.134618 0.166292
v 0.506106 -2.134609 0.165339
v -0.020959 0.565471 0.015408
v 0.544426 -2.134450 0.149468
v 0.544426 -2.134450 0.149468
v -0.388859 -2.133774 0.081822
v -0.392087 -2.133881 0.092463
v 0.545872 -2.134439 0.148281
v -0.169754 0.719676 -0.052590
v 0.111157 0.756387 -0.071414
v 0.426309 -2.134451 0.149468
v 0.426309 -2.134451 0.149468
v 0.436115 -2.134503 0.154709
v -0.084776 0.571133 0.135023
v -0.084841 0.571123 0.134809
v 0.583578 -2.133974 0.101763
v 0.583578 -2.133974 0.101763
v 0.584208 -2.133953 0.099686
v -0.149547 0.737445 -0.065622
v -0.093190 0.755840 -0.070273
v -0.153147 0.759349 -0.077609
v -0.094685 0.734109 -0.058844
v -0.074442 0.732878 -0.056343
v -0.073643 0.732619 -0.056132
v -0.072542 0.754632 -0.067747
v 0.583205 -2.133981 0.102461
v 0.583578 -2.133974 0.101763
v -0.184972 0.842052 0.161316
v -0.184932 0.845079 0.160395
v 0.116836 -0.454797 -0.049997
v 0.115655 -0.455505 -0.050988
v -0.162462 0.831319 0.160151
v 0.116859 -0.454784 -0.049979
v 0.544426 -2.132685 -0.027298
v 0.544426 -2.132685 -0.027298
v 0.136969 -0.436901 -0.024928
v 0.137530 -0.433714 -0.024150
v 0.535854 -2.132640 -0.031879
v 0.125889 0.910447 -0.025614
v 0.083657 0.569528 0.101119
v 0.083219 0.463365 0.093491
v 0.138094 -0.430508 -0.023366
v 0.387156 -2.133974 0.101763
v 0.387156 -2.133974 0.101763
v 0.125129 0.909713 -0.026380
v 0.125622 0.921754 -0.003723
v 0.082007 0.463733 0.081195
v 0.082007 0.463733 0.081196
v 0.082007 0.568734 0.084336
v 0.124145 0.853397 -0.072783
v 0.124146 0.853399 -0.072782
v 0.124985 0.875477 -0.061013
v -0.076915 0.567258 0.053143
v -0.076684 0.567237 0.052712
v 0.144504 -0.374552 -0.009694
v 0.111230 -0.455505 -0.050989
v 0.152342 -0.374649 0.004974
v 0.107600 -0.455505 -0.050989
v 0.387944 -2.133988 0.103237
v 0.387156 -2.133974 0.101763
v 0.124913 0.921234 -0.004558
v -0.084776 0.464223 0.064776
v -0.082019 0.464378 0.059619
v 0.125462 0.928621 0.020024
v -0.084776 0.567955 0.067879
v 0.104512 -0.455505 -0.050989
v 0.125095 0.894152 -0.045492
v 0.125604 0.894766 -0.045067
v 0.153872 -0.374668 0.007837
v 0.162637 -0.374857 0.036740
v 0.163588 -0.374878 0.039875
v 0.163909 -0.374900 0.043142
v -0.092618 0.689055 -0.008948
v -0.076953 0.683659 0.003536
v 0.166869 -0.375097 0.073194
v 0.166544 -0.375119 0.076491
v -0.098163 0.690965 -0.013367
v -0.097507 0.690739 -0.012844
v 0.163588 -0.375316 0.106513
v 0.379064 -2.133569 0.061084
v 0.138094 -0.391870 0.167597
v 0.136382 -0.393490 0.169636
v 0.116859 -0.411955 0.192882
v -0.076684 0.571851 0.150191
v -0.076574 0.571857 0.150325
v 0.092069 -0.427748 0.212763
v -0.076684 0.461768 0.146898
v -0.073636 0.461656 0.150610
v 0.381073 -2.133364 0.040695
v 0.380017 -2.133472 0.051413
v 0.128194 0.679333 0.042660
v 0.128897 0.679260 0.041294
v 0.090985 -0.428439 0.213632
v 0.062281 -0.440348 0.228625
v 0.061465 -0.440686 0.229051
v 0.029435 -0.448229 0.238547
v 0.028813 -0.448277 0.238606
v 0.544426 -2.134450 0.149468
v 0.544426 -2.134450 0.149468
v -0.118983 -0.455505 -0.050989
v -0.123407 -0.455505 -0.050988
v 0.132346 0.681919 0.066652
v 0.133109 0.681557 0.065163
v -0.113114 -0.455505 -0.050988
v 0.535854 -2.134496 0.154049
v -0.105643 -0.455505 -0.050988
v 0.426308 -2.134451 0.149468
v -0.144133 -0.393489 0.169635
v 0.068932 0.571851 0.150191
v 0.068822 0.571857 0.150325
v 0.068932 0.461768 0.146898
v 0.065884 0.461656 0.150610
v -0.145845 -0.391870 0.167597
v 0.137274 0.688645 0.088360
v 0.136561 0.689245 0.089684
v -0.157060 -0.375583 0.147093
v -0.160035 -0.375547 0.141526
v 0.410200 -2.134318 0.136248
v 0.426308 -2.134451 0.149468
v 0.417712 -2.134380 0.142413
v 0.485367 -2.134629 0.167382
v -0.161624 -0.375527 0.138552
v 0.475694 -2.134620 0.166430
v -0.067749 -0.455505 -0.050989
v -0.082927 -0.455505 -0.050988
v 0.387156 -2.133974 0.101763
v 0.140436 0.701007 0.110902
v -0.171340 -0.375316 0.106513
v -0.174297 -0.375119 0.076491
v 0.381107 -2.133774 0.081822
v 0.383928 -2.133867 0.091122
v -0.021544 0.565480 0.015585
v -0.174621 -0.375097 0.073194
v 0.124741 0.875133 -0.061162
v 0.031270 -0.455505 -0.050988
v -0.174297 -0.375076 0.069903
v 0.428924 -3.462950 -0.037471
v -0.171340 -0.374878 0.039875
v 0.432530 -3.462942 -0.038250
v 0.147427 0.757616 0.156346
v -0.170389 -0.374857 0.036740
v 0.124707 0.928284 0.019098
v 0.125614 0.930713 0.044310
v -0.003876 -0.455505 -0.050989
v 0.125050 0.930619 0.043622
v -0.161624 -0.374667 0.007836
v 0.385851 -3.463505 0.018188
v 0.111042 0.715442 -0.044155
v 0.092604 0.714281 -0.041844
v 0.084650 0.713780 -0.040847
v 0.084018 0.713661 -0.040703
v -0.146417 -0.425518 -0.022147
v 0.081894 0.568716 0.083963
v -0.152256 -0.374552 -0.009694
v -0.052525 0.465399 0.025495
v 0.080612 0.463870 0.076599
v 0.112039 0.699771 -0.025201
v -0.145845 -0.430511 -0.023367
v 0.396655 -3.464303 0.097976
v -0.145281 -0.433715 -0.024150
v 0.085219 0.698035 -0.021783
v 0.085500 0.698057 -0.021823
v 0.094138 0.698614 -0.022922
v -0.144721 -0.436901 -0.024928
v -0.124611 -0.454784 -0.049979
v -0.124589 -0.454797 -0.049997
v 0.113837 0.688162 -0.003649
v -0.096883 0.690748 -0.012768
v -0.085288 0.688780 -0.007344
v -0.067115 0.686289 0.000038
v -0.068027 0.681067 0.009738
v -0.059223 0.680077 0.012907
v -0.076809 0.687340 -0.003377
v -0.011186 0.680225 0.019742
v -0.066260 0.691176 -0.009040
v -0.057577 0.679998 0.013300
v -0.055603 0.680007 0.013575
v 0.095121 0.686929 -0.001221
v 0.085567 0.686300 0.000017
v 0.483112 -3.464808 0.148653
v 0.479917 -3.464808 0.148647
v 0.499931 -3.464808 0.148577
v 0.499407 -3.464805 0.148281
v 0.485367 -3.464810 0.148780
v 0.077024 0.464223 0.064776
v 0.077024 0.464223 0.064776
v 0.116355 0.681064 0.019669
v 0.085385 0.686289 0.000038
v 0.084910 0.678968 0.023828
v 0.095387 0.679666 0.022442
v -0.089797 0.568752 0.084721
v -0.089759 0.568734 0.084336
v -0.054755 0.679728 0.014638
v -0.047282 0.679800 0.015556
v -0.011225 0.680150 0.019986
v -0.011866 0.678918 0.023991
v 0.002102 0.675310 0.038173
v -0.013499 0.675776 0.034199
v 0.119375 0.678742 0.043850
v 0.542916 -3.464643 0.132162
v 0.094905 0.677104 0.047152
v 0.084284 0.678918 0.023991
v 0.083351 0.676331 0.048710
v 0.542467 -3.464627 0.130446
v 0.550947 -3.464534 0.121107
v 0.579784 -2.361794 0.011025
v -0.003263 0.565394 0.013783
v 0.122624 0.681270 0.067988
v 0.591670 -2.133570 0.061085
v 0.013207 0.465790 0.012426
v 0.013207 0.565471 0.015408
v 0.093795 0.679348 0.071949
v 0.585720 -2.454063 0.091504
v 0.082420 0.676292 0.049084
v 0.081203 0.678508 0.073681
v 0.536297 -3.462921 -0.040318
v 0.536701 -3.462927 -0.039752
v 0.576288 -3.463322 -0.000168
v -0.089646 0.568716 0.083963
v 0.436489 -3.463685 0.036102
v 0.433186 -3.462956 -0.036885
v 0.426834 -3.464278 0.095567
v 0.125826 0.688538 0.091188
v 0.391230 -3.464202 0.087901
v 0.552844 -3.464367 0.104398
v 0.570140 -3.463884 0.056038
v 0.590941 -2.446459 0.050563
v 0.591189 -2.446484 0.053080
v -0.084776 0.464223 0.064776
v 0.538096 -3.462958 -0.036658
v 0.561905 -3.463504 0.018036
v 0.092311 0.686327 0.095878
v 0.579501 -3.463400 0.007688
v 0.080158 0.678557 0.074221
v 0.078857 0.685440 0.097761
v 0.128692 0.700248 0.112576
v -0.052526 0.465398 0.025495
v -0.052964 0.566108 0.028867
v 0.090720 0.697795 0.117987
v -0.056239 0.465307 0.028541
v 0.131012 0.715953 0.131361
v 0.089274 0.713327 0.137395
v 0.074896 0.712422 0.139472
v -0.065794 0.465072 0.036380
v -0.065794 0.566608 0.039417
v 0.013207 0.465790 0.012426
v 0.132615 0.735050 0.146840
v -0.076684 0.461768 0.146898
v -0.076684 0.461768 0.146898
v -0.065794 0.465072 0.036380
v 0.068932 0.461768 0.146898
v 0.068932 0.461768 0.146898
v 0.131404 0.734977 0.147017
v 0.074338 0.712686 0.139800
v 0.073697 0.731463 0.155455
v 0.058042 0.465072 0.036380
v 0.087194 0.754091 0.165230
v 0.073405 0.731641 0.155603
v 0.073156 0.753270 0.167301
v 0.085558 0.926533 0.073628
v 0.096498 0.919705 0.095820
v 0.095731 0.926939 0.072228
v 0.118665 0.920608 0.092713
v 0.132885 0.756765 0.158491
v 0.085516 0.919257 0.097360
v 0.116914 0.927785 0.069314
v 0.085365 0.926525 0.073653
v 0.084887 0.929025 0.049042
v 0.094310 0.929399 0.047771
v 0.115834 0.930253 0.044866
v 0.073130 0.753288 0.167311
v 0.073297 0.776819 0.174494
v 0.087926 0.777814 0.172379
v 0.073536 0.777007 0.174512
v 0.092482 0.926997 0.023360
v 0.083436 0.926636 0.024556
v 0.084310 0.929010 0.049196
v 0.115391 0.927913 0.020331
v 0.133422 0.780365 0.165634
v 0.089176 0.802526 0.174679
v 0.074608 0.801751 0.176843
v 0.074103 0.801367 0.176882
v -0.163411 0.884452 0.137955
v 0.090531 0.919833 -0.000102
v 0.081570 0.919468 0.001061
v 0.082654 0.926666 0.024863
v 0.132731 0.804847 0.168209
v 0.090760 0.827251 0.172065
v 0.076277 0.826518 0.174212
v -0.162952 0.885696 0.137009
v 0.075521 0.826006 0.174370
v 0.131200 0.829300 0.166068
v 0.115436 0.920848 -0.003329
v -0.090422 0.828550 -0.076958
v -0.090023 0.828530 -0.076910
v -0.089578 0.852153 -0.069610
v -0.159356 0.855506 -0.078147
v -0.068148 0.827424 -0.074251
v -0.067924 0.827272 -0.074267
v -0.067787 0.851106 -0.066944
v -0.067762 0.851121 -0.066936
v 0.092547 0.851036 0.164654
v 0.078400 0.850355 0.166742
v 0.077446 0.849822 0.167029
v -0.158205 0.807566 -0.087663
v -0.090665 0.803967 -0.079470
v -0.069154 0.802822 -0.076861
v -0.068696 0.802521 -0.076833
v 0.129043 0.852791 0.159270
v 0.094286 0.872962 0.152764
v 0.080740 0.872342 0.154746
v 0.079695 0.871907 0.155105
v 0.088726 0.908184 -0.021744
v 0.079676 0.907805 -0.020591
v 0.080766 0.919586 0.001448
v -0.091825 0.779427 -0.077238
v -0.156045 0.783016 -0.085044
v -0.070682 0.778245 -0.074668
v -0.070023 0.777862 -0.074555
v 0.126454 0.874433 0.148059
v 0.095682 0.892187 0.136884
v 0.082959 0.891630 0.138725
v 0.081990 0.891368 0.139045
v -0.071752 0.754266 -0.067554
v 0.115794 0.909321 -0.025191
v 0.123676 0.893410 0.132837
v 0.096473 0.907971 0.117651
v 0.084664 0.907476 0.119333
v 0.083965 0.907377 0.119517
v 0.087295 0.892501 -0.040756
v 0.078064 0.892098 -0.039600
v 0.078983 0.907998 -0.020230
v 0.120990 0.909000 0.114158
v 0.115783 0.893745 -0.044325
v 0.077562 0.892305 -0.039347
v 0.076944 0.872951 -0.055252
v 0.086273 0.873377 -0.056405
v 0.086074 0.873368 -0.056381
v 0.085240 0.919244 0.097401
v 0.114701 0.852943 -0.071627
v 0.085430 0.851538 -0.068046
v 0.076431 0.851106 -0.066944
v 0.076672 0.873094 -0.055135
v 0.113842 0.829300 -0.078755
v 0.076406 0.851121 -0.066936
v 0.085437 0.827861 -0.075302
v 0.076791 0.827424 -0.074251
v 0.076567 0.827272 -0.074267
v 0.112869 0.804693 -0.081115
v 0.086080 0.803263 -0.077865
v 0.077798 0.802822 -0.076861
v 0.077339 0.802521 -0.076833
v 0.111917 0.780069 -0.078631
v 0.087285 0.778690 -0.075636
v 0.079325 0.778245 -0.074668
v 0.078667 0.777862 -0.074555
v 0.080395 0.754266 -0.067554
v -0.096267 0.715054 -0.043385
v -0.146361 0.718204 -0.049659
v -0.076006 0.713780 -0.040847
v -0.075374 0.713661 -0.040703
v -0.144668 0.702437 -0.030456
v -0.076857 0.698057 -0.021823
v -0.097193 0.699370 -0.024412
v -0.076576 0.698035 -0.021783
v -0.143295 0.690671 -0.008589
v -0.097381 0.687648 -0.002635
v -0.076923 0.686300 0.000017
v -0.096701 0.680330 0.021126
v -0.142760 0.683399 0.015035
v -0.076266 0.678968 0.023828
v -0.076741 0.686289 0.000038
v -0.095168 0.677700 0.045951
v -0.142879 0.680893 0.039515
v -0.075641 0.678918 0.023991
v -0.074707 0.676331 0.048710
v -0.092991 0.679870 0.070871
v -0.143403 0.683232 0.063942
v -0.073776 0.676292 0.049084
v -0.072559 0.678508 0.073681
v -0.090514 0.686778 0.094918
v -0.144063 0.690308 0.087419
v -0.071515 0.678557 0.074221
v -0.070214 0.685440 0.097762
v -0.088065 0.698181 0.117132
v -0.144624 0.701838 0.109076
v -0.085946 0.713662 0.136626
v -0.144913 0.717375 0.128105
v -0.066252 0.712422 0.139473
v -0.084565 0.732651 0.152602
v -0.144824 0.736321 0.143791
v -0.065695 0.712686 0.139800
v -0.065054 0.731463 0.155456
v -0.064762 0.731641 0.155603
v -0.064513 0.753269 0.167301
v -0.144936 0.757980 0.155440
v -0.144976 0.757982 0.155434
v -0.144894 0.781489 0.162651
v -0.084395 0.778100 0.171621
v -0.064487 0.753288 0.167311
v -0.064654 0.776819 0.174494
v -0.064893 0.777008 0.174512
v -0.144408 0.805933 0.165191
v -0.085622 0.802799 0.173923
v -0.065460 0.801367 0.176882
v -0.065965 0.801751 0.176843
v -0.143611 0.830364 0.162946
v -0.087474 0.827522 0.171271
v -0.067634 0.826518 0.174212
v -0.066877 0.826006 0.174370
v -0.142598 0.853861 0.155995
v -0.089715 0.851316 0.163797
v -0.069757 0.850355 0.166742
v -0.068802 0.849822 0.167029
v -0.141698 0.875524 0.144567
v -0.092065 0.873255 0.151825
v -0.071051 0.871907 0.155105
v -0.072097 0.872342 0.154746
v -0.094222 0.892500 0.135846
v -0.140475 0.894521 0.129160
v -0.073346 0.891368 0.139045
v -0.074316 0.891630 0.138725
v -0.095682 0.908300 0.116532
v -0.139564 0.910141 0.110281
v -0.076021 0.907476 0.119333
v -0.075321 0.907377 0.119517
v -0.139422 0.921806 0.088589
v -0.096327 0.920050 0.094631
v -0.076873 0.919257 0.097360
v -0.076597 0.919244 0.097401
v -0.096156 0.927301 0.070981
v -0.140287 0.929064 0.064908
v -0.076915 0.926533 0.073628
v -0.095276 0.929781 0.046473
v -0.142202 0.931642 0.040144
v -0.076243 0.929025 0.049042
v -0.076721 0.926525 0.073653
v -0.093934 0.927400 0.022023
v -0.145009 0.929440 0.015268
v -0.074793 0.926636 0.024556
v -0.075667 0.929010 0.049196
v -0.092415 0.920261 -0.001469
v -0.148390 0.922540 -0.008730
v -0.072928 0.919468 0.001061
v -0.074011 0.926666 0.024863
v -0.091007 0.908643 -0.023135
v -0.151910 0.911197 -0.030895
v -0.071033 0.907805 -0.020591
v -0.072124 0.919586 0.001448
v -0.089949 0.892994 -0.042172
v -0.155150 0.895839 -0.050343
v -0.069421 0.892098 -0.039600
v -0.070341 0.907998 -0.020230
v -0.089429 0.873916 -0.057864
v -0.157713 0.877035 -0.066306
v -0.068301 0.872951 -0.055252
v -0.068919 0.892305 -0.039347
v -0.068028 0.873094 -0.055135
v 0.153872 -0.375527 0.138552
v 0.149308 -0.375583 0.147093
vt 0.000000 0.000000
vt 0.000000 0.000000
vt 0.000000 0.000000
vt 0.000000 0.000000
vt 0.000000 0.000000
vt 0.000000 0.000000
vt 0.000000 0.000000
vt 0.000000 0.000000
vt 0.000000 0.000000
vt 0.000000 0.000000
vt 0.000000 0.000000
vt 0.000000 0.000000
vt 0.000000 0.000000
vt 0.000000 0.000000
vt 0.000000 0.000000
vt 0.000000 0.000000
vt 0.000000 0.000000
vt 0.000000 0.000000
vt 0.000000 0.000000
vt 0.000000 0.000000
vt 0.000000 0.000000
vt 0.000000 0.000000
vt 0.000000 0.000000
vt 0.000000 0.000000
vt 0.000000 0.000000
vt 0.000000 0.000000
vt 0.000000 0.000000
vt 0.000000 0.000000
vt 0.000000 0.000000
vt 0.000000 0.000000
vt 0.000000 0.000000
vt 0.000000 0.000000
vt 0.000000 0.000000
vt 0.000000 0.000000
vt 0.000000 0.000000
vt 0.000000 0.000000
vt 0.000000 0.000000
vt 0.000000 0.000000
vt 0.000000 0.000000
vt 0.000000 0.000000
vt 0.000000 0.000000
vt 0.000000 0.000000
vt 0.000000 0.000000
vt 0.000000 0.000000
vt 0.000000 0.000000
vt 0.000000 0.000000
vt 0.000000 0.000000
vt 0.000000 0.000000
vt 0.000000 0.000000
vt 0.000000 0.000000
vt 0.000000 0.000000
vt 0.000000 0.000000
vt 0.000000 0.000000
vt 0.000000 0.000000
vt 0.000000 0.000000
vt 0.000000 0.000000
vt 0.000000 0.000000
vt 0.000000 0.000000
vt 0.000000 0.000000
vt 0.000000 0.000000
vt 0.000000 0.000000
vt 0.000000 0.000000
vt 0.000000 0.000000
vt 0.000000 0.000000
vt 0.000000 0.000000
vt 0.000000 0.000000
vt 0.000000 0.000000
vt 0.000000 0.000000
vt 0.000000 0.000000
vt 0.000000 0.000000
vt 0.000000 0.000000
vt 0.000000 0.000000
vt 0.000000 0.000000
vt 0.000000 0.000000
vt 0.000000 0.000000
vt 0.000000 0.000000
vt 0.000000 0.000000
vt 0.000000 0.000000
vt 0.000000 0.000000
vt 0.000000 0.000000
vt 0.000000 0.000000
vt 0.000000 0.000000
vt 0.000000 0.000000
vt 0.000000 0.000000
vt 0.000000 0.000000
vt 0.000000 0.000000
vt 0.000000 0.000000
vt 0.000000 0.000000
vt 0.000000 0.000000
vt 0.000000 0.000000
vt 0.000000 0.000000
vt 0.000000 0.000000
vt 0.000000 0.000000
vt 0.000000 0.000000
vt 0.000000 0.000000
vt 0.000000 0.000000
vt 0.000000 0.000000
vt 0.000000 0.000000
vt 0.000000 0.000000
vt 0.000000 0.000000
vt 0.000000 0.000000
vt 0.000000 0.000000
vt 0.000000 0.000000
vt 0.000000 0.000000
vt 0.000000 0.000000
vt 0.000000 0.000000
vt 0.000000 0.000000
vt 0.000000 0.000000
vt 0.000000 0.000000
vt 0.000000 0.000000
vt 0.000000 0.000000
vt 0.000000 0.000000
vt 0.000000 0.000000
vt 0.000000 0.000000
vt 0.000000 0.000000
vt 0.000000 0.000000
vt 0.000000 0.000000
vt 0.000000 0.000000
vt 0.000000 0.000000
vt 0.000000 0.000000
vt 0.000000 0.000000
vt 0.000000 0.000000
vt 0.000000 0.000000
vt 0.000000 0.000000
vt 0.000000 0.000000
vt 0.000000 0.000000
vt 0.000000 0.000000
vt 0.000000 0.000000
vt 0.000000 0.000000
vt 0.000000 0.000000
vt 0.000000 0.000000
vt 0.000000 0.000000
vt 0.000000 0.000000
vt 0.000000 0.000000
vt 0.000000 0.000000
vt 0.000000 0.000000
vt 0.000000 0.000000
vt 0.000000 0.000000
vt 0.000000 0.000000
vt 0.000000 0.000000
vt 0.000000 0.000000
vt 0.000000 0.000000
vt 0.000000 0.000000
vt 0.000000 0.000000
vt 0.000000 0.000000
vt 0.000000 0.000000
vt 0.000000 0.000000
vt 0.000000 0.000000
vt 0.000000 0.000000
vt 0.000000 0.000000
vt 0.000000 0.000000
vt 0.000000 0.000000
vt 0.000000 0.000000
vt 0.000000 0.000000
vt 0.000000 0.000000
vt 0.000000 0.000000
vt 0.000000 0.000000
vt 0.000000 0.000000
vt 0.000000 0.000000
vt 0.000000 0.000000
vt 0.000000 0.000000
vt 0.000000 0.000000
vt 0.000000 0.000000
vt 0.000000 0.000000
vt 0.000000 0.000000
vt 0.000000 0.000000
vt 0.000000 0.000000
vt 0.000000 0.000000
vt 0.000000 0.000000
vt 0.000000 0.000000
vt 0.000000 0.000000
vt 0.000000 0.000000
vt 0.000000 0.000000
vt 0.000000 0.000000
vt 0.000000 0.000000
vt 0.000000 0.000000
vt 0.000000 0.000000
vt 0.000000 0.000000
vt 0.000000 0.000000
vt 0.000000 0.000000
vt 0.000000 0.000000
vt 0.000000 0.000000
vt 0.000000 0.000000
vt 0.000000 0.000000
vt 0.000000 0.000000
vt 0.000000 0.000000
vt 0.000000 0.000000
vt 0.000000 0.000000
vt 0.000000 0.000000
vt 0.000000 0.000000
vt 0.000000 0.000000
vt 0.000000 0.000000
vt 0.000000 0.000000
vt 0.000000 0.000000
vt 0.000000 0.000000
vt 0.000000 0.000000
vt 0.000000 0.000000
vt 0.000000 0.000000
vt 0.000000 0.000000
vt 0.000000 0.000000
vt 0.000000 0.000000
vt 0.000000 0.000000
vt 0.000000 0.000000
vt 0.000000 0.000000
vt 0.000000 0.000000
vt 0.000000 0.000000
vt 0.000000 0.000000
vt 0.000000 0.000000
vt 0.000000 0.000000
vt 0.000000 0.000000
vt 0.000000 0.000000
vt 0.000000 0.000000
vt 0.000000 0.000000
vt 0.000000 0.000000
vt 0.000000 0.000000
vt 0.000000 0.000000
vt 0.000000 0.000000
vt 0.000000 0.000000
vt 0.000000 0.000000
vt 0.000000 0.000000
vt 0.000000 0.000000
vt 0.000000 0.000000
vt 0.000000 0.000000
vt 0.000000 0.000000
vt 0.000000 0.000000
vt 0.000000 0.000000
vt 0.000000 0.000000
vt 0.000000 0.000000
vt 0.000000 0.000000
vt 0.000000 0.000000
vt 0.000000 0.000000
vt 0.000000 0.000000
vt 0.000000 0.000000
vt 0.000000 0.000000
vt 0.000000 0.000000
vt 0.000000 0.000000
vt 0.000000 0.000000
vt 0.000000 0.000000
vt 0.000000 0.000000
vt 0.000000 0.000000
vt 0.000000 0.000000
vt 0.000000 0.000000
vt 0.000000 0.000000
vt 0.000000 0.000000
vt 0.000000 0.000000
vt 0.000000 0.000000
vt 0.000000 0.000000
vt 0.000000 0.000000
vt 0.000000 0.000000
vt 0.000000 0.000000
vt 0.000000 0.000000
vt 0.000000 0.000000
vt 0.000000 0.000000
vt 0.000000 0.000000
vt 0.000000 0.000000
vt 0.000000 0.000000
vt 0.000000 0.000000
vt 0.000000 0.000000
vt 0.000000 0.000000
vt 0.000000 0.000000
vt 0.000000 0.000000
vt 0.000000 0.000000
vt 0.000000 0.000000
vt 0.000000 0.000000
vt 0.000000 0.000000
vt 0.000000 0.000000
vt 0.000000 0.000000
vt 0.000000 0.000000
vt 0.000000 0.000000
vt 0.000000 0.000000
vt 0.000000 0.000000
vt 0.000000 0.000000
vt 0.000000 0.000000
vt 0.000000 0.000000
vt 0.000000 0.000000
vt 0.000000 0.000000
vt 0.000000 0.000000
vt 0.000000 0.000000
vt 0.000000 0.000000
vt 0.000000 0.000000
vt 0.000000 0.000000
vt 0.000000 0.000000
vt 0.000000 0.000000
vt 0.000000 0.000000
vt 0.000000 0.000000
vt 0.000000 0.000000
vt 0.000000 0.000000
vt 0.000000 0.000000
vt 0.000000 0.000000
vt 0.000000 0.000000
vt 0.000000 0.000000
vt 0.000000 0.000000
vt 0.000000 0.000000
vt 0.000000 0.000000
vt 0.000000 0.000000
vt 0.000000 0.000000
vt 0.000000 0.000000
vt 0.000000 0.000000
vt 0.000000 0.000000
vt 0.000000 0.000000
vt 0.000000 0.000000
vt 0.000000 0.000000
vt 0.000000 0.000000
vt 0.000000 0.000000
vt 0.000000 0.000000
vt 0.000000 0.000000
vt 0.000000 0.000000
vt 0.000000 0.000000
vt 0.000000 0.000000
vt 0.000000 0.000000
vt 0.000000 0.000000
vt 0.000000 0.000000
vt 0.000000 0.000000
vt 0.000000 0.000000
vt 0.000000 0.000000
vt 0.000000 0.000000
vt 0.000000 0.000000
vt 0.000000 0.000000
vt 0.000000 0.000000
vt 0.000000 0.000000
vt 0.000000 0.000000
vt 0.000000 0.000000
vt 0.000000 0.000000
vt 0.000000 0.000000
vt 0.000000 0.000000
vt 0.000000 0.000000
vt 0.000000 0.000000
vt 0.000000 0.000000
vt 0.000000 0.000000
vt 0.000000 0.000000
vt 0.000000 0.000000
vt 0.000000 0.000000
vt 0.000000 0.000000
vt 0.000000 0.000000
vt 0.000000 0.000000
vt 0.000000 0.000000
vt 0.000000 0.000000
vt 0.000000 0.000000
vt 0.000000 0.000000
vt 0.000000 0.000000
vt 0.000000 0.000000
vt 0.000000 0.000000
vt 0.000000 0.000000
vt 0.000000 0.000000
vt 0.000000 0.000000
vt 0.000000 0.000000
vt 0.000000 0.000000
vt 0.000000 0.000000
vt 0.000000 0.000000
vt 0.000000 0.000000
vt 0.000000 0.000000
vt 0.000000 0.000000
vt 0.000000 0.000000
vt 0.000000 0.000000
vt 0.000000 0.000000
vt 0.000000 0.000000
vt 0.000000 0.000000
vt 0.000000 0.000000
vt 0.000000 0.000000
vt 0.000000 0.000000
vt 0.000000 0.000000
vt 0.000000 0.000000
vt 0.000000 0.000000
vt 0.000000 0.000000
vt 0.000000 0.000000
vt 0.000000 0.000000
vt 0.000000 0.000000
vt 0.000000 0.000000
vt 0.000000 0.000000
vt 0.000000 0.000000
vt 0.000000 0.000000
vt 0.000000 0.000000
vt 0.000000 0.000000
vt 0.000000 0.000000
vt 0.000000 0.000000
vt 0.000000 0.000000
vt 0.000000 0.000000
vt 0.000000 0.000000
vt 0.000000 0.000000
vt 0.000000 0.000000
vt 0.000000 0.000000
vt 0.000000 0.000000
vt 0.000000 0.000000
vt 0.000000 0.000000
vt 0.000000 0.000000
vt 0.000000 0.000000
vt 0.000000 0.000000
vt 0.000000 0.000000
vt 0.000000 0.000000
vt 0.000000 0.000000
vt 0.000000 0.000000
vt 0.000000 0.000000
vt 0.000000 0.000000
vt 0.000000 0.000000
vt 0.000000 0.000000
vt 0.000000 0.000000
vt 0.000000 0.000000
vt 0.000000 0.000000
vt 0.000000 0.000000
vt 0.000000 0.000000
vt 0.000000 0.000000
vt 0.000000 0.000000
vt 0.000000 0.000000
vt 0.000000 0.000000
vt 0.000000 0.000000
vt 0.000000 0.000000
vt 0.000000 0.000000
vt 0.000000 0.000000
vt 0.000000 0.000000
vt 0.000000 0.000000
vt 0.000000 0.000000
vt 0.000000 0.000000
vt 0.000000 0.000000
vt 0.000000 0.000000
vt 0.000000 0.000000
vt 0.000000 0.000000
vt 0.000000 0.000000
vt 0.000000 0.000000
vt 0.000000 0.000000
vt 0.000000 0.000000
vt 0.000000 0.000000
vt 0.000000 0.000000
vt 0.000000 0.000000
vt 0.000000 0.000000
vt 0.000000 0.000000
vt 0.000000 0.000000
vt 0.000000 0.000000
vt 0.000000 0.000000
vt 0.000000 0.000000
vt 0.000000 0.000000
vt 0.000000 0.000000
vt 0.000000 0.000000
vt 0.000000 0.000000
vt 0.000000 0.000000
vt 0.000000 0.000000
vt 0.000000 0.000000
vt 0.000000 0.000000
vt 0.000000 0.000000
vt 0.000000 0.000000
vt 0.000000 0.000000
vt 0.000000 0.000000
vt 0.000000 0.000000
vt 0.000000 0.000000
vt 0.000000 0.000000
vt 0.000000 0.000000
vt 0.000000 0.000000
vt 0.000000 0.000000
vt 0.000000 0.000000
vt 0.000000 0.000000
vt 0.000000 0.000000
vt 0.000000 0.000000
vt 0.000000 0.000000
vt 0.000000 0.000000
vt 0.000000 0.000000
vt 0.000000 0.000000
vt 0.000000 0.000000
vt 0.000000 0.000000
vt 0.000000 0.000000
vt 0.000000 0.000000
vt 0.000000 0.000000
vt 0.000000 0.000000
vt 0.000000 0.000000
vt 0.000000 0.000000
vt 0.000000 0.000000
vt 0.000000 0.000000
vt 0.000000 0.000000
vt 0.000000 0.000000
vt 0.000000 0.000000
vt 0.000000 0.000000
vt 0.000000 0.000000
vt 0.000000 0.000000
vt 0.000000 0.000000
vt 0.000000 0.000000
vt 0.000000 0.000000
vt 0.000000 0.000000
vt 0.000000 0.000000
vt 0.000000 0.000000
vt 0.000000 0.000000
vt 0.000000 0.000000
vt 0.000000 0.000000
vt 0.000000 0.000000
vt 0.000000 0.000000
vt 0.000000 0.000000
vt 0.000000 0.000000
vt 0.000000 0.000000
vt 0.000000 0.000000
vt 0.000000 0.000000
vt 0.000000 0.000000
vt 0.000000 0.000000
vt 0.000000 0.000000
vt 0.000000 0.000000
vt 0.000000 0.000000
vt 0.000000 0.000000
vt 0.000000 0.000000
vt 0.000000 0.000000
vt 0.000000 0.000000
vt 0.000000 0.000000
vt 0.000000 0.000000
vt 0.000000 0.000000
vt 0.000000 0.000000
vt 0.000000 0.000000
vt 0.000000 0.000000
vt 0.000000 0.000000
vt 0.000000 0.000000
vt 0.000000 0.000000
vt 0.000000 0.000000
vt 0.000000 0.000000
vt 0.000000 0.000000
vt 0.000000 0.000000
vt 0.000000 0.000000
vt 0.000000 0.000000
vt 0.000000 0.000000
vt 0.000000 0.000000
vt 0.000000 0.000000
vt 0.000000 0.000000
vt 0.000000 0.000000
vt 0.000000 0.000000
vt 0.000000 0.000000
vt 0.000000 0.000000
vt 0.000000 0.000000
vt 0.000000 0.000000
vt 0.000000 0.000000
vt 0.000000 0.000000
vt 0.000000 0.000000
vt 0.000000 0.000000
vt 0.000000 0.000000
vt 0.000000 0.000000
vt 0.000000 0.000000
vt 0.000000 0.000000
vt 0.000000 0.000000
vt 0.000000 0.000000
vt 0.000000 0.000000
vt 0.000000 0.000000
vt 0.000000 0.000000
vt 0.000000 0.000000
vt 0.000000 0.000000
vt 0.000000 0.000000
vt 0.000000 0.000000
vt 0.000000 0.000000
vt 0.000000 0.000000
vt 0.000000 0.000000
vt 0.000000 0.000000
vt 0.000000 0.000000
vt 0.000000 0.000000
vt 0.000000 0.000000
vt 0.000000 0.000000
vt 0.000000 0.000000
vt 0.000000 0.000000
vt 0.000000 0.000000
vt 0.000000 0.000000
vt 0.000000 0.000000
vt 0.000000 0.000000
vt 0.000000 0.000000
vt 0.000000 0.000000
vt 0.000000 0.000000
vt 0.000000 0.000000
vt 0.000000 0.000000
vt 0.000000 0.000000
vt 0.000000 0.000000
vt 0.000000 0.000000
vt 0.000000 0.000000
vt 0.000000 0.000000
vt 0.000000 0.000000
vt 0.000000 0.000000
vt 0.000000 0.000000
vt 0.000000 0.000000
vt 0.000000 0.000000
vt 0.000000 0.000000
vt 0.000000 0.000000
vt 0.000000 0.000000
vt 0.000000 0.000000
vt 0.000000 0.000000
vt 0.000000 0.000000
vt 0.000000 0.000000
vt 0.000000 0.000000
vt 0.000000 0.000000
vt 0.000000 0.000000
vt 0.000000 0.000000
vt 0.000000 0.000000
vt 0.000000 0.000000
vt 0.000000 0.000000
vt 0.000000 0.000000
vt 0.000000 0.000000
vt 0.000000 0.000000
vt 0.000000 0.000000
vt 0.000000 0.000000
vt 0.000000 0.000000
vt 0.000000 0.000000
vt 0.000000 0.000000
vt 0.000000 0.000000
vt 0.000000 0.000000
vt 0.000000 0.000000
vt 0.000000 0.000000
vt 0.000000 0.000000
vt 0.000000 0.000000
vt 0.000000 0.000000
vt 0.000000 0.000000
vt 0.000000 0.000000
vt 0.000000 0.000000
vt 0.000000 0.000000
vt 0.000000 0.000000
vt 0.000000 0.000000
vt 0.000000 0.000000
vt 0.000000 0.000000
vt 0.000000 0.000000
vt 0.000000 0.000000
vt 0.000000 0.000000
vt 0.000000 0.000000
vt 0.000000 0.000000
vt 0.000000 0.000000
vt 0.000000 0.000000
vt 0.000000 0.000000
vt 0.000000 0.000000
vt 0.000000 0.000000
vt 0.000000 0.000000
vt 0.000000 0.000000
vt 0.000000 0.000000
vt 0.000000 0.000000
vt 0.000000 0.000000
vt 0.000000 0.000000
vt 0.000000 0.000000
vt 0.000000 0.000000
vt 0.000000 0.000000
vt 0.000000 0.000000
vt 0.000000 0.000000
vt 0.000000 0.000000
vt 0.000000 0.000000
vt 0.000000 0.000000
vt 0.000000 0.000000
vt 0.000000 0.000000
vt 0.000000 0.000000
vt 0.000000 0.000000
vt 0.000000 0.000000
vt 0.000000 0.000000
vt 0.000000 0.000000
vt 0.000000 0.000000
vt 0.000000 0.000000
vt 0.000000 0.000000
vt 0.000000 0.000000
vt 0.000000 0.000000
vt 0.000000 0.000000
vt 0.000000 0.000000
vt 0.000000 0.000000
vt 0.000000 0.000000
vt 0.000000 0.000000
vt 0.000000 0.000000
vt 0.000000 0.000000
vt 0.000000 0.000000
vt 0.000000 0.000000
vt 0.000000 0.000000
vt 0.000000 0.000000
vt 0.000000 0.000000
vt 0.000000 0.000000
vt 0.000000 0.000000
vt 0.000000 0.000000
vt 0.000000 0.000000
vt 0.000000 0.000000
vt 0.000000 0.000000
vt 0.000000 0.000000
vt 0.000000 0.000000
vt 0.000000 0.000000
vt 0.000000 0.000000
vt 0.000000 0.000000
vt 0.000000 0.000000
vt 0.000000 0.000000
vt 0.000000 0.000000
vt 0.000000 0.000000
vt 0.000000 0.000000
vt 0.000000 0.000000
vt 0.000000 0.000000
vt 0.000000 0.000000
vt 0.000000 0.000000
vt 0.000000 0.000000
vt 0.000000 0.000000
vt 0.000000 0.000000
vt 0.000000 0.000000
vt 0.000000 0.000000
vt 0.000000 0.000000
vt 0.000000 0.000000
vt 0.000000 0.000000
vt 0.000000 0.000000
vt 0.000000 0.000000
vt 0.000000 0.000000
vt 0.000000 0.000000
vt 0.000000 0.000000
vt 0.000000 0.000000
vt 0.000000 0.000000
vt 0.000000 0.000000
vt 0.000000 0.000000
vt 0.000000 0.000000
vt 0.000000 0.000000
vt 0.000000 0.000000
vt 0.000000 0.000000
vt 0.000000 0.000000
vt 0.000000 0.000000
vt 0.000000 0.000000
vt 0.000000 0.000000
vt 0.000000 0.000000
vt 0.000000 0.000000
vt 0.000000 0.000000
vt 0.000000 0.000000
vt 0.000000 0.000000
vt 0.000000 0.000000
vt 0.000000 0.000000
vt 0.000000 0.000000
vt 0.000000 0.000000
vt 0.000000 0.000000
vt 0.000000 0.000000
vt 0.000000 0.000000
vt 0.000000 0.000000
vt 0.000000 0.000000
vt 0.000000 0.000000
vt 0.000000 0.000000
vt 0.000000 0.000000
vt 0.000000 0.000000
vt 0.000000 0.000000
vt 0.000000 0.000000
vt 0.000000 0.000000
vt 0.000000 0.000000
vt 0.000000 0.000000
vt 0.000000 0.000000
vt 0.000000 0.000000
vt 0.000000 0.000000
vt 0.000000 0.000000
vt 0.000000 0.000000
vt 0.000000 0.000000
vt 0.000000 0.000000
vt 0.000000 0.000000
vt 0.000000 0.000000
vt 0.000000 0.000000
vt 0.000000 0.000000
vt 0.000000 0.000000
vt 0.000000 0.000000
vt 0.000000 0.000000
vt 0.000000 0.000000
vt 0.000000 0.000000
vt 0.000000 0.000000
vt 0.000000 0.000000
vt 0.000000 0.000000
vt 0.000000 0.000000
vt 0.000000 0.000000
vt 0.000000 0.000000
vt 0.000000 0.000000
vt 0.000000 0.000000
vt 0.000000 0.000000
vt 0.000000 0.000000
vt 0.000000 0.000000
vt 0.000000 0.000000
vt 0.000000 0.000000
vt 0.000000 0.000000
vt 0.000000 0.000000
vt 0.000000 0.000000
vt 0.000000 0.000000
vt 0.000000 0.000000
vt 0.000000 0.000000
vt 0.000000 0.000000
vt 0.000000 0.000000
vt 0.000000 0.000000
vt 0.000000 0.000000
vt 0.000000 0.000000
vt 0.000000 0.000000
vt 0.000000 0.000000
vt 0.000000 0.000000
vt 0.000000 0.000000
vt 0.000000 0.000000
vt 0.000000 0.000000
vt 0.000000 0.000000
vt 0.000000 0.000000
vt 0.000000 0.000000
vt 0.000000 0.000000
vt 0.000000 0.000000
vt 0.000000 0.000000
vt 0.000000 0.000000
vt 0.000000 0.000000
vt 0.000000 0.000000
vt 0.000000 0.000000
vt 0.000000 0.000000
vt 0.000000 0.000000
vt 0.000000 0.000000
vt 0.000000 0.000000
vt 0.000000 0.000000
vt 0.000000 0.000000
vt 0.000000 0.000000
vt 0.000000 0.000000
vt 0.000000 0.000000
vt 0.000000 0.000000
vt 0.000000 0.000000
vt 0.000000 0.000000
vt 0.000000 0.000000
vt 0.000000 0.000000
vt 0.000000 0.000000
vt 0.000000 0.000000
vt 0.000000 0.000000
vt 0.000000 0.000000
vt 0.000000 0.000000
vt 0.000000 0.000000
vt 0.000000 0.000000
vt 0.000000 0.000000
vt 0.000000 0.000000
vt 0.000000 0.000000
vt 0.000000 0.000000
vt 0.000000 0.000000
vt 0.000000 0.000000
vt 0.000000 0.000000
vt 0.000000 0.000000
vt 0.000000 0.000000
vt 0.000000 0.000000
vt 0.000000 0.000000
vt 0.000000 0.000000
vt 0.000000 0.000000
vt 0.000000 0.000000
vt 0.000000 0.000000
vt 0.000000 0.000000
vt 0.000000 0.000000
vt 0.000000 0.000000
vt 0.000000 0.000000
vt 0.000000 0.000000
vt 0.000000 0.000000
vt 0.000000 0.000000
vt 0.000000 0.000000
vt 0.000000 0.000000
vt 0.000000 0.000000
vt 0.000000 0.000000
vt 0.000000 0.000000
vt 0.000000 0.000000
vt 0.000000 0.000000
vt 0.000000 0.000000
vt 0.000000 0.000000
vt 0.000000 0.000000
vt 0.000000 0.000000
vt 0.000000 0.000000
vt 0.000000 0.000000
vt 0.000000 0.000000
vt 0.000000 0.000000
vt 0.000000 0.000000
vt 0.000000 0.000000
vt 0.000000 0.000000
vt 0.000000 0.000000
vt 0.000000 0.000000
vt 0.000000 0.000000
vt 0.000000 0.000000
vt 0.000000 0.000000
vt 0.000000 0.000000
vt 0.000000 0.000000
vt 0.000000 0.000000
vt 0.000000 0.000000
vt 0.000000 0.000000
vt 0.000000 0.000000
vt 0.000000 0.000000
vt 0.000000 0.000000
vt 0.000000 0.000000
vt 0.000000 0.000000
vt 0.000000 0.000000
vt 0.000000 0.000000
vt 0.000000 0.000000
vt 0.000000 0.000000
vt 0.000000 0.000000
vt 0.000000 0.000000
vt 0.000000 0.000000
vt 0.000000 0.000000
vt 0.000000 0.000000
vt 0.000000 0.000000
vt 0.000000 0.000000
vt 0.000000 0.000000
vt 0.000000 0.000000
vt 0.000000 0.000000
vt 0.000000 0.000000
vt 0.000000 0.000000
vt 0.000000 0.000000
vt 0.000000 0.000000
vt 0.000000 0.000000
vt 0.000000 0.000000
vt 0.000000 0.000000
vt 0.000000 0.000000
vt 0.000000 0.000000
vt 0.000000 0.000000
vt 0.000000 0.000000
vt 0.000000 0.000000
vt 0.000000 0.000000
vt 0.000000 0.000000
vt 0.000000 0.000000
vt 0.000000 0.000000
vt 0.000000 0.000000
vt 0.000000 0.000000
vt 0.000000 0.000000
vt 0.000000 0.000000
vt 0.000000 0.000000
vt 0.000000 0.000000
vt 0.000000 0.000000
vt 0.000000 0.000000
vt 0.000000 0.000000
vt 0.000000 0.000000
vt 0.000000 0.000000
vt 0.000000 0.000000
vt 0.000000 0.000000
vt 0.000000 0.000000
vt 0.000000 0.000000
vt 0.000000 0.000000
vt 0.000000 0.000000
vt 0.000000 0.000000
vt 0.000000 0.000000
vt 0.000000 0.000000
vt 0.000000 0.000000
vt 0.000000 0.000000
vt 0.000000 0.000000
vt 0.000000 0.000000
vt 0.000000 0.000000
vt 0.000000 0.000000
vt 0.000000 0.000000
vt 0.000000 0.000000
vt 0.000000 0.000000
vt 0.000000 0.000000
vt 0.000000 0.000000
vt 0.000000 0.000000
vt 0.000000 0.000000
vt 0.000000 0.000000
vt 0.000000 0.000000
vt 0.000000 0.000000
vt 0.000000 0.000000
vt 0.000000 0.000000
vt 0.000000 0.000000
vt 0.000000 0.000000
vt 0.000000 0.000000
vt 0.000000 0.000000
vt 0.000000 0.000000
vt 0.000000 0.000000
vt 0.000000 0.000000
vt 0.000000 0.000000
vt 0.000000 0.000000
vt 0.000000 0.000000
vt 0.000000 0.000000
vt 0.000000 0.000000
vt 0.000000 0.000000
vt 0.000000 0.000000
vt 0.000000 0.000000
vt 0.000000 0.000000
vt 0.000000 0.000000
vt 0.000000 0.000000
vt 0.000000 0.000000
vt 0.000000 0.000000
vt 0.000000 0.000000
vt 0.000000 0.000000
vt 0.000000 0.000000
vt 0.000000 0.000000
vt 0.000000 0.000000
vt 0.000000 0.000000
vt 0.000000 0.000000
vt 0.000000 0.000000
vt 0.000000 0.000000
vt 0.000000 0.000000
vt 0.000000 0.000000
vt 0.000000 0.000000
vt 0.000000 0.000000
vt 0.000000 0.000000
vt 0.000000 0.000000
vt 0.000000 0.000000
vt 0.000000 0.000000
vt 0.000000 0.000000
vt 0.000000 0.000000
vt 0.000000 0.000000
vt 0.000000 0.000000
vt 0.000000 0.000000
vt 0.000000 0.000000
vt 0.000000 0.000000
vt 0.000000 0.000000
vt 0.000000 0.000000
vt 0.000000 0.000000
vt 0.000000 0.000000
vt 0.000000 0.000000
vt 0.000000 0.000000
vt 0.000000 0.000000
vt 0.000000 0.000000
vt 0.000000 0.000000
vt 0.000000 0.000000
vt 0.000000 0.000000
vt 0.000000 0.000000
vt 0.000000 0.000000
vt 0.000000 0.000000
vt 0.000000 0.000000
vt 0.000000 0.000000
vt 0.000000 0.000000
vt 0.000000 0.000000
vt 0.000000 0.000000
vt 0.000000 0.000000
vt 0.000000 0.000000
vt 0.000000 0.000000
vt 0.000000 0.000000
vt 0.000000 0.000000
vt 0.000000 0.000000
vt 0.000000 0.000000
vt 0.000000 0.000000
vt 0.000000 0.000000
vt 0.000000 0.000000
vt 0.000000 0.000000
vt 0.000000 0.000000
vt 0.000000 0.000000
vt 0.000000 0.000000
vt 0.000000 0.000000
vt 0.000000 0.000000
vt 0.000000 0.000000
vt 0.000000 0.000000
vt 0.000000 0.000000
vt 0.000000 0.000000
vt 0.000000 0.000000
vt 0.000000 0.000000
vt 0.000000 0.000000
vt 0.000000 0.000000
vt 0.000000 0.000000
vt 0.000000 0.000000
vt 0.000000 0.000000
vt 0.000000 0.000000
vt 0.000000 0.000000
vt 0.000000 0.000000
vt 0.000000 0.000000
vt 0.000000 0.000000
vt 0.000000 0.000000
vt 0.000000 0.000000
vt 0.000000 0.000000
vt 0.000000 0.000000
vt 0.000000 0.000000
vt 0.000000 0.000000
vt 0.000000 0.000000
vt 0.000000 0.000000
vt 0.000000 0.000000
vt 0.000000 0.000000
vt 0.000000 0.000000
vt 0.000000 0.000000
vt 0.000000 0.000000
vt 0.000000 0.000000
vt 0.000000 0.000000
vt 0.000000 0.000000
vt 0.000000 0.000000
vt 0.000000 0.000000
vt 0.000000 0.000000
vt 0.000000 0.000000
vt 0.000000 0.000000
vt 0.000000 0.000000
vt 0.000000 0.000000
vt 0.000000 0.000000
vt 0.000000 0.000000
vt 0.000000 0.000000
vt 0.000000 0.000000
vt 0.000000 0.000000
vt 0.000000 0.000000
vt 0.000000 0.000000
vt 0.000000 0.000000
vt 0.000000 0.000000
vt 0.000000 0.000000
vt 0.000000 0.000000
vt 0.000000 0.000000
vt 0.000000 0.000000
vt 0.000000 0.000000
vt 0.000000 0.000000
vt 0.000000 0.000000
vt 0.000000 0.000000
vt 0.000000 0.000000
vt 0.000000 0.000000
vt 0.000000 0.000000
vt 0.000000 0.000000
vt 0.000000 0.000000
vt 0.000000 0.000000
vt 0.000000 0.000000
vt 0.000000 0.000000
vt 0.000000 0.000000
vt 0.000000 0.000000
vt 0.000000 0.000000
vt 0.000000 0.000000
vt 0.000000 0.000000
vt 0.000000 0.000000
vt 0.000000 0.000000
vt 0.000000 0.000000
vt 0.000000 0.000000
vt 0.000000 0.000000
vt 0.000000 0.000000
vt 0.000000 0.000000
vt 0.000000 0.000000
vt 0.000000 0.000000
vt 0.000000 0.000000
vt 0.000000 0.000000
vt 0.000000 0.000000
vt 0.000000 0.000000
vt 0.000000 0.000000
vt 0.000000 0.000000
vt 0.000000 0.000000
vt 0.000000 0.000000
vt 0.000000 0.000000
vt 0.000000 0.000000
vt 0.000000 0.000000
vt 0.000000 0.000000
vt 0.000000 0.000000
vt 0.000000 0.000000
vt 0.000000 0.000000
vt 0.000000 0.000000
vt 0.000000 0.000000
vt 0.000000 0.000000
vt 0.000000 0.000000
vt 0.000000 0.000000
vt 0.000000 0.000000
vt 0.000000 0.000000
vt 0.000000 0.000000
vt 0.000000 0.000000
vt 0.000000 0.000000
vt 0.000000 0.000000
vt 0.000000 0.000000
vt 0.000000 0.000000
vt 0.000000 0.000000
vt 0.000000 0.000000
vt 0.000000 0.000000
vt 0.000000 0.000000
vt 0.000000 0.000000
vt 0.000000 0.000000
vt 0.000000 0.000000
vt 0.000000 0.000000
vt 0.000000 0.000000
vt 0.000000 0.000000
vt 0.000000 0.000000
vt 0.000000 0.000000
vt 0.000000 0.000000
vt 0.000000 0.000000
vt 0.000000 0.000000
vt 0.000000 0.000000
vt 0.000000 0.000000
vt 0.000000 0.000000
vt 0.000000 0.000000
vt 0.000000 0.000000
vt 0.000000 0.000000
vt 0.000000 0.000000
vt 0.000000 0.000000
vt 0.000000 0.000000
vt 0.000000 0.000000
vt 0.000000 0.000000
vt 0.000000 0.000000
vt 0.000000 0.000000
vt 0.000000 0.000000
vt 0.000000 0.000000
vt 0.000000 0.000000
vt 0.000000 0.000000
vt 0.000000 0.000000
vt 0.000000 0.000000
vt 0.000000 0.000000
vt 0.000000 0.000000
vt 0.000000 0.000000
vt 0.000000 0.000000
vt 0.000000 0.000000
vt 0.000000 0.000000
vt 0.000000 0.000000
vt 0.000000 0.000000
vt 0.000000 0.000000
vt 0.000000 0.000000
vt 0.000000 0.000000
vt 0.000000 0.000000
vt 0.000000 0.000000
vt 0.000000 0.000000
vt 0.000000 0.000000
vt 0.000000 0.000000
vt 0.000000 0.000000
vt 0.000000 0.000000
vt 0.000000 0.000000
vt 0.000000 0.000000
vt 0.000000 0.000000
vt 0.000000 0.000000
vt 0.000000 0.000000
vt 0.000000 0.000000
vt 0.000000 0.000000
vt 0.000000 0.000000
vt 0.000000 0.000000
vt 0.000000 0.000000
vt 0.000000 0.000000
vt 0.000000 0.000000
vt 0.000000 0.000000
vt 0.000000 0.000000
vt 0.000000 0.000000
vt 0.000000 0.000000
vt 0.000000 0.000000
vt 0.000000 0.000000
vt 0.000000 0.000000
vt 0.000000 0.000000
vt 0.000000 0.000000
vt 0.000000 0.000000
vt 0.000000 0.000000
vt 0.000000 0.000000
vt 0.000000 0.000000
vt 0.000000 0.000000
vt 0.000000 0.000000
vt 0.000000 0.000000
vt 0.000000 0.000000
vt 0.000000 0.000000
vt 0.000000 0.000000
vt 0.000000 0.000000
vt 0.000000 0.000000
vt 0.000000 0.000000
vt 0.000000 0.000000
vt 0.000000 0.000000
vt 0.000000 0.000000
vt 0.000000 0.000000
vt 0.000000 0.000000
vt 0.000000 0.000000
vt 0.000000 0.000000
vt 0.000000 0.000000
vt 0.000000 0.000000
vt 0.000000 0.000000
vt 0.000000 0.000000
vt 0.000000 0.000000
vt 0.000000 0.000000
vt 0.000000 0.000000
vt 0.000000 0.000000
vt 0.000000 0.000000
vt 0.000000 0.000000
vt 0.000000 0.000000
vt 0.000000 0.000000
vt 0.000000 0.000000
vt 0.000000 0.000000
vt 0.000000 0.000000
vt 0.000000 0.000000
vt 0.000000 0.000000
vt 0.000000 0.000000
vt 0.000000 0.000000
vt 0.000000 0.000000
vt 0.000000 0.000000
vt 0.000000 0.000000
vt 0.000000 0.000000
vt 0.000000 0.000000
vt 0.000000 0.000000
vt 0.000000 0.000000
vt 0.000000 0.000000
vt 0.000000 0.000000
vt 0.000000 0.000000
vt 0.000000 0.000000
vt 0.000000 0.000000
vt 0.000000 0.000000
vt 0.000000 0.000000
vt 0.000000 0.000000
vt 0.000000 0.000000
vt 0.000000 0.000000
vt 0.000000 0.000000
vt 0.000000 0.000000
vt 0.000000 0.000000
vt 0.000000 0.000000
vt 0.000000 0.000000
vt 0.000000 0.000000
vt 0.000000 0.000000
vt 0.000000 0.000000
vt 0.000000 0.000000
vt 0.000000 0.000000
vt 0.000000 0.000000
vt 0.000000 0.000000
vt 0.000000 0.000000
vt 0.000000 0.000000
vt 0.000000 0.000000
vt 0.000000 0.000000
vt 0.000000 0.000000
vt 0.000000 0.000000
vt 0.000000 0.000000
vt 0.000000 0.000000
vt 0.000000 0.000000
vt 0.000000 0.000000
vt 0.000000 0.000000
vt 0.000000 0.000000
vt 0.000000 0.000000
vt 0.000000 0.000000
vt 0.000000 0.000000
vt 0.000000 0.000000
vt 0.000000 0.000000
vt 0.000000 0.000000
vt 0.000000 0.000000
vt 0.000000 0.000000
vt 0.000000 0.000000
vt 0.000000 0.000000
vt 0.000000 0.000000
vt 0.000000 0.000000
vt 0.000000 0.000000
vt 0.000000 0.000000
vt 0.000000 0.000000
vt 0.000000 0.000000
vt 0.000000 0.000000
vt 0.000000 0.000000
vt 0.000000 0.000000
vt 0.000000 0.000000
vt 0.000000 0.000000
vt 0.000000 0.000000
vt 0.000000 0.000000
vt 0.000000 0.000000
vt 0.000000 0.000000
vt 0.000000 0.000000
vt 0.000000 0.000000
vt 0.000000 0.000000
vt 0.000000 0.000000
vt 0.000000 0.000000
vt 0.000000 0.000000
vt 0.000000 0.000000
vt 0.000000 0.000000
vt 0.000000 0.000000
vt 0.000000 0.000000
vt 0.000000 0.000000
vt 0.000000 0.000000
vt 0.000000 0.000000
vt 0.000000 0.000000
vt 0.000000 0.000000
vt 0.000000 0.000000
vt 0.000000 0.000000
vt 0.000000 0.000000
vt 0.000000 0.000000
vt 0.000000 0.000000
vt 0.000000 0.000000
vt 0.000000 0.000000
vt 0.000000 0.000000
vt 0.000000 0.000000
vt 0.000000 0.000000
vt 0.000000 0.000000
vt 0.000000 0.000000
vt 0.000000 0.000000
vt 0.000000 0.000000
vt 0.000000 0.000000
vt 0.000000 0.000000
vt 0.000000 0.000000
vt 0.000000 0.000000
vt 0.000000 0.000000
vt 0.000000 0.000000
vt 0.000000 0.000000
vt 0.000000 0.000000
vt 0.000000 0.000000
vt 0.000000 0.000000
vt 0.000000 0.000000
vt 0.000000 0.000000
vt 0.000000 0.000000
vt 0.000000 0.000000
vt 0.000000 0.000000
vt 0.000000 0.000000
vt 0.000000 0.000000
vt 0.000000 0.000000
vt 0.000000 0.000000
vt 0.000000 0.000000
vt 0.000000 0.000000
vt 0.000000 0.000000
vt 0.000000 0.000000
vt 0.000000 0.000000
vt 0.000000 0.000000
vt 0.000000 0.000000
vt 0.000000 0.000000
vt 0.000000 0.000000
vt 0.000000 0.000000
vt 0.000000 0.000000
vt 0.000000 0.000000
vt 0.000000 0.000000
vt 0.000000 0.000000
vt 0.000000 0.000000
vt 0.000000 0.000000
vt 0.000000 0.000000
vt 0.000000 0.000000
vt 0.000000 0.000000
vt 0.000000 0.000000
vt 0.000000 0.000000
vt 0.000000 0.000000
vt 0.000000 0.000000
vt 0.000000 0.000000
vt 0.000000 0.000000
vt 0.000000 0.000000
vt 0.000000 0.000000
vt 0.000000 0.000000
vt 0.000000 0.000000
vt 0.000000 0.000000
vt 0.000000 0.000000
vt 0.000000 0.000000
vt 0.000000 0.000000
vt 0.000000 0.000000
vt 0.000000 0.000000
vt 0.000000 0.000000
vt 0.000000 0.000000
vt 0.000000 0.000000
vt 0.000000 0.000000
vt 0.000000 0.000000
vt 0.000000 0.000000
vt 0.000000 0.000000
vt 0.000000 0.000000
vt 0.000000 0.000000
vt 0.000000 0.000000
vt 0.000000 0.000000
vt 0.000000 0.000000
vt 0.000000 0.000000
vt 0.000000 0.000000
vt 0.000000 0.000000
vt 0.000000 0.000000
vt 0.000000 0.000000
vt 0.000000 0.000000
vt 0.000000 0.000000
vt 0.000000 0.000000
vt 0.000000 0.000000
vt 0.000000 0.000000
vt 0.000000 0.000000
vt 0.000000 0.000000
vt 0.000000 0.000000
vt 0.000000 0.000000
vt 0.000000 0.000000
vt 0.000000 0.000000
vt 0.000000 0.000000
vt 0.000000 0.000000
vt 0.000000 0.000000
vt 0.000000 0.000000
vt 0.000000 0.000000
vt 0.000000 0.000000
vt 0.000000 0.000000
vt 0.000000 0.000000
vt 0.000000 0.000000
vt 0.000000 0.000000
vt 0.000000 0.000000
vt 0.000000 0.000000
vt 0.000000 0.000000
vt 0.000000 0.000000
vt 0.000000 0.000000
vt 0.000000 0.000000
vt 0.000000 0.000000
vt 0.000000 0.000000
vt 0.000000 0.000000
vt 0.000000 0.000000
vt 0.000000 0.000000
vt 0.000000 0.000000
vt 0.000000 0.000000
vt 0.000000 0.000000
vt 0.000000 0.000000
vt 0.000000 0.000000
vt 0.000000 0.000000
vt 0.000000 0.000000
vt 0.000000 0.000000
vt 0.000000 0.000000
vt 0.000000 0.000000
vt 0.000000 0.000000
vt 0.000000 0.000000
vt 0.000000 0.000000
vt 0.000000 0.000000
vt 0.000000 0.000000
vt 0.000000 0.000000
vt 0.000000 0.000000
vt 0.000000 0.000000
vt 0.000000 0.000000
vt 0.000000 0.000000
vt 0.000000 0.000000
vt 0.000000 0.000000
vt 0.000000 0.000000
vt 0.000000 0.000000
vt 0.000000 0.000000
vt 0.000000 0.000000
vt 0.000000 0.000000
vt 0.000000 0.000000
vt 0.000000 0.000000
vt 0.000000 0.000000
vt 0.000000 0.000000
vt 0.000000 0.000000
vt 0.000000 0.000000
vt 0.000000 0.000000
vt 0.000000 0.000000
vt 0.000000 0.000000
vt 0.000000 0.000000
vt 0.000000 0.000000
vt 0.000000 0.000000
vt 0.000000 0.000000
vt 0.000000 0.000000
vt 0.000000 0.000000
vt 0.000000 0.000000
vt 0.000000 0.000000
vt 0.000000 0.000000
vt 0.000000 0.000000
vt 0.000000 0.000000
vt 0.000000 0.000000
vt 0.000000 0.000000
vt 0.000000 0.000000
vt 0.000000 0.000000
vt 0.000000 0.000000
vt 0.000000 0.000000
vt 0.000000 0.000000
vt 0.000000 0.000000
vt 0.000000 0.000000
vt 0.000000 0.000000
vt 0.000000 0.000000
vt 0.000000 0.000000
vt 0.000000 0.000000
vt 0.000000 0.000000
vt 0.000000 0.000000
vt 0.000000 0.000000
vt 0.000000 0.000000
vt 0.000000 0.000000
vt 0.000000 0.000000
vt 0.000000 0.000000
vt 0.000000 0.000000
vt 0.000000 0.000000
vt 0.000000 0.000000
vt 0.000000 0.000000
vt 0.000000 0.000000
vt 0.000000 0.000000
vt 0.000000 0.000000
vt 0.000000 0.000000
vt 0.000000 0.000000
vt 0.000000 0.000000
vt 0.000000 0.000000
vt 0.000000 0.000000
vt 0.000000 0.000000
vt 0.000000 0.000000
vt 0.000000 0.000000
vt 0.000000 0.000000
vt 0.000000 0.000000
vt 0.000000 0.000000
vt 0.000000 0.000000
vt 0.000000 0.000000
vt 0.000000 0.000000
vt 0.000000 0.000000
vt 0.000000 0.000000
vt 0.000000 0.000000
vt 0.000000 0.000000
vt 0.000000 0.000000
vt 0.000000 0.000000
vt 0.000000 0.000000
vt 0.000000 0.000000
vt 0.000000 0.000000
vt 0.000000 0.000000
vt 0.000000 0.000000
vt 0.000000 0.000000
vt 0.000000 0.000000
vt 0.000000 0.000000
vt 0.000000 0.000000
vt 0.000000 0.000000
vt 0.000000 0.000000
vt 0.000000 0.000000
vt 0.000000 0.000000
vt 0.000000 0.000000
vt 0.000000 0.000000
vt 0.000000 0.000000
vt 0.000000 0.000000
vt 0.000000 0.000000
vt 0.000000 0.000000
vt 0.000000 0.000000
vt 0.000000 0.000000
vt 0.000000 0.000000
vt 0.000000 0.000000
vt 0.000000 0.000000
vt 0.000000 0.000000
vt 0.000000 0.000000
vt 0.000000 0.000000
vt 0.000000 0.000000
vt 0.000000 0.000000
vt 0.000000 0.000000
vt 0.000000 0.000000
vt 0.000000 0.000000
vt 0.000000 0.000000
vt 0.000000 0.000000
vt 0.000000 0.000000
vt 0.000000 0.000000
vt 0.000000 0.000000
vt 0.000000 0.000000
vt 0.000000 0.000000
vt 0.000000 0.000000
vt 0.000000 0.000000
vt 0.000000 0.000000
vt 0.000000 0.000000
vt 0.000000 0.000000
vt 0.000000 0.000000
vt 0.000000 0.000000
vt 0.000000 0.000000
vt 0.000000 0.000000
vt 0.000000 0.000000
vt 0.000000 0.000000
vt 0.000000 0.000000
vt 0.000000 0.000000
vt 0.000000 0.000000
vt 0.000000 0.000000
vt 0.000000 0.000000
vt 0.000000 0.000000
vt 0.000000 0.000000
vt 0.000000 0.000000
vt 0.000000 0.000000
vt 0.000000 0.000000
vt 0.000000 0.000000
vt 0.000000 0.000000
vt 0.000000 0.000000
vt 0.000000 0.000000
vt 0.000000 0.000000
vt 0.000000 0.000000
vt 0.000000 0.000000
vt 0.000000 0.000000
vt 0.000000 0.000000
vt 0.000000 0.000000
vt 0.000000 0.000000
vt 0.000000 0.000000
vt 0.000000 0.000000
vt 0.000000 0.000000
vt 0.000000 0.000000
vt 0.000000 0.000000
vt 0.000000 0.000000
vt 0.000000 0.000000
vt 0.000000 0.000000
vt 0.000000 0.000000
vt 0.000000 0.000000
vt 0.000000 0.000000
vt 0.000000 0.000000
vt 0.000000 0.000000
vt 0.000000 0.000000
vt 0.000000 0.000000
vt 0.000000 0.000000
vt 0.000000 0.000000
vt 0.000000 0.000000
vt 0.000000 0.000000
vt 0.000000 0.000000
vt 0.000000 0.000000
vt 0.000000 0.000000
vt 0.000000 0.000000
vt 0.000000 0.000000
vt 0.000000 0.000000
vt 0.000000 0.000000
vt 0.000000 0.000000
vt 0.000000 0.000000
vt 0.000000 0.000000
vt 0.000000 0.000000
vt 0.000000 0.000000
vt 0.000000 0.000000
vt 0.000000 0.000000
vt 0.000000 0.000000
vt 0.000000 0.000000
vt 0.000000 0.000000
vt 0.000000 0.000000
vt 0.000000 0.000000
vt 0.000000 0.000000
vt 0.000000 0.000000
vt 0.000000 0.000000
vt 0.000000 0.000000
vt 0.000000 0.000000
vt 0.000000 0.000000
vt 0.000000 0.000000
vt 0.000000 0.000000
vt 0.000000 0.000000
vt 0.000000 0.000000
vt 0.000000 0.000000
vt 0.000000 0.000000
vt 0.000000 0.000000
vt 0.000000 0.000000
vt 0.000000 0.000000
vt 0.000000 0.000000
vt 0.000000 0.000000
vt 0.000000 0.000000
vt 0.000000 0.000000
vt 0.000000 0.000000
vt 0.000000 0.000000
vt 0.000000 0.000000
vt 0.000000 0.000000
vt 0.000000 0.000000
vt 0.000000 0.000000
vt 0.000000 0.000000
vt 0.000000 0.000000
vt 0.000000 0.000000
vt 0.000000 0.000000
vt 0.000000 0.000000
vt 0.000000 0.000000
vt 0.000000 0.000000
vt 0.000000 0.000000
vt 0.000000 0.000000
vt 0.000000 0.000000
vt 0.000000 0.000000
vt 0.000000 0.000000
vt 0.000000 0.000000
vt 0.000000 0.000000
vt 0.000000 0.000000
vt 0.000000 0.000000
vt 0.000000 0.000000
vt 0.000000 0.000000
vt 0.000000 0.000000
vt 0.000000 0.000000
vt 0.000000 0.000000
vt 0.000000 0.000000
vt 0.000000 0.000000
vt 0.000000 0.000000
vt 0.000000 0.000000
vt 0.000000 0.000000
vt 0.000000 0.000000
vt 0.000000 0.000000
vt 0.000000 0.000000
vt 0.000000 0.000000
vt 0.000000 0.000000
vt 0.000000 0.000000
vt 0.000000 0.000000
vt 0.000000 0.000000
vt 0.000000 0.000000
vt 0.000000 0.000000
vt 0.000000 0.000000
vt 0.000000 0.000000
vt 0.000000 0.000000
vt 0.000000 0.000000
vt 0.000000 0.000000
vt 0.000000 0.000000
vt 0.000000 0.000000
vt 0.000000 0.000000
vt 0.000000 0.000000
vt 0.000000 0.000000
vt 0.000000 0.000000
vt 0.000000 0.000000
vt 0.000000 0.000000
vt 0.000000 0.000000
vt 0.000000 0.000000
vt 0.000000 0.000000
vt 0.000000 0.000000
vt 0.000000 0.000000
vt 0.000000 0.000000
vt 0.000000 0.000000
vt 0.000000 0.000000
vt 0.000000 0.000000
vt 0.000000 0.000000
vt 0.000000 0.000000
vt 0.000000 0.000000
vt 0.000000 0.000000
vt 0.000000 0.000000
vt 0.000000 0.000000
vt 0.000000 0.000000
vt 0.000000 0.000000
vt 0.000000 0.000000
vt 0.000000 0.000000
vt 0.000000 0.000000
vt 0.000000 0.000000
vt 0.000000 0.000000
vt 0.000000 0.000000
vt 0.000000 0.000000
vt 0.000000 0.000000
vt 0.000000 0.000000
vt 0.000000 0.000000
vt 0.000000 0.000000
vt 0.000000 0.000000
vt 0.000000 0.000000
vt 0.000000 0.000000
vt 0.000000 0.000000
vt 0.000000 0.000000
vt 0.000000 0.000000
vt 0.000000 0.000000
vt 0.000000 0.000000
vt 0.000000 0.000000
vt 0.000000 0.000000
vt 0.000000 0.000000
vt 0.000000 0.000000
vt 0.000000 0.000000
vt 0.000000 0.000000
vt 0.000000 0.000000
vt 0.000000 0.000000
vt 0.000000 0.000000
vt 0.000000 0.000000
vt 0.000000 0.000000
vt 0.000000 0.000000
vt 0.000000 0.000000
vt 0.000000 0.000000
vt 0.000000 0.000000
vt 0.000000 0.000000
vt 0.000000 0.000000
vt 0.000000 0.000000
vt 0.000000 0.000000
vt 0.000000 0.000000
vt 0.000000 0.000000
vt 0.000000 0.000000
vt 0.000000 0.000000
vt 0.000000 0.000000
vt 0.000000 0.000000
vt 0.000000 0.000000
vt 0.000000 0.000000
vt 0.000000 0.000000
vt 0.000000 0.000000
vt 0.000000 0.000000
vt 0.000000 0.000000
vt 0.000000 0.000000
vt 0.000000 0.000000
vt 0.000000 0.000000
vt 0.000000 0.000000
vt 0.000000 0.000000
vt 0.000000 0.000000
vt 0.000000 0.000000
vt 0.000000 0.000000
vt 0.000000 0.000000
vt 0.000000 0.000000
vt 0.000000 0.000000
vt 0.000000 0.000000
vt 0.000000 0.000000
vt 0.000000 0.000000
vt 0.000000 0.000000
vt 0.000000 0.000000
vt 0.000000 0.000000
vt 0.000000 0.000000
vt 0.000000 0.000000
vt 0.000000 0.000000
vt 0.000000 0.000000
vt 0.000000 0.000000
vt 0.000000 0.000000
vt 0.000000 0.000000
vt 0.000000 0.000000
vt 0.000000 0.000000
vt 0.000000 0.000000
vt 0.000000 0.000000
vt 0.000000 0.000000
vt 0.000000 0.000000
vt 0.000000 0.000000
vt 0.000000 0.000000
vt 0.000000 0.000000
vt 0.000000 0.000000
vt 0.000000 0.000000
vt 0.000000 0.000000
vt 0.000000 0.000000
vt 0.000000 0.000000
vt 0.000000 0.000000
vt 0.000000 0.000000
vt 0.000000 0.000000
vt 0.000000 0.000000
vt 0.000000 0.000000
vt 0.000000 0.000000
vt 0.000000 0.000000
vt 0.000000 0.000000
vt 0.000000 0.000000
vt 0.000000 0.000000
vt 0.000000 0.000000
vt 0.000000 0.000000
vt 0.000000 0.000000
vt 0.000000 0.000000
vt 0.000000 0.000000
vt 0.000000 0.000000
vt 0.000000 0.000000
vt 0.000000 0.000000
vt 0.000000 0.000000
vt 0.000000 0.000000
vt 0.000000 0.000000
vt 0.000000 0.000000
vt 0.000000 0.000000
vt 0.000000 0.000000
vt 0.000000 0.000000
vt 0.000000 0.000000
vt 0.000000 0.000000
vt 0.000000 0.000000
vt 0.000000 0.000000
vt 0.000000 0.000000
vt 0.000000 0.000000
vt 0.000000 0.000000
vt 0.000000 0.000000
vt 0.000000 0.000000
vt 0.000000 0.000000
vt 0.000000 0.000000
vt 0.000000 0.000000
vt 0.000000 0.000000
vt 0.000000 0.000000
vt 0.000000 0.000000
vt 0.000000 0.000000
vt 0.000000 0.000000
vt 0.000000 0.000000
vt 0.000000 0.000000
vt 0.000000 0.000000
vt 0.000000 0.000000
vt 0.000000 0.000000
vt 0.000000 0.000000
vt 0.000000 0.000000
vt 0.000000 0.000000
vt 0.000000 0.000000
vt 0.000000 0.000000
vt 0.000000 0.000000
vt 0.000000 0.000000
vt 0.000000 0.000000
vt 0.000000 0.000000
vt 0.000000 0.000000
vt 0.000000 0.000000
vt 0.000000 0.000000
vt 0.000000 0.000000
vt 0.000000 0.000000
vt 0.000000 0.000000
vt 0.000000 0.000000
vt 0.000000 0.000000
vt 0.000000 0.000000
vt 0.000000 0.000000
vt 0.000000 0.000000
vt 0.000000 0.000000
vt 0.000000 0.000000
vt 0.000000 0.000000
vt 0.000000 0.000000
vt 0.000000 0.000000
vt 0.000000 0.000000
vt 0.000000 0.000000
vt 0.000000 0.000000
vt 0.000000 0.000000
vt 0.000000 0.000000
vt 0.000000 0.000000
vt 0.000000 0.000000
vt 0.000000 0.000000
vt 0.000000 0.000000
vt 0.000000 0.000000
vt 0.000000 0.000000
vt 0.000000 0.000000
vt 0.000000 0.000000
vt 0.000000 0.000000
vt 0.000000 0.000000
vt 0.000000 0.000000
vt 0.000000 0.000000
vt 0.000000 0.000000
vt 0.000000 0.000000
vt 0.000000 0.000000
vt 0.000000 0.000000
vt 0.000000 0.000000
vt 0.000000 0.000000
vt 0.000000 0.000000
vt 0.000000 0.000000
vt 0.000000 0.000000
vt 0.000000 0.000000
vt 0.000000 0.000000
vt 0.000000 0.000000
vt 0.000000 0.000000
vt 0.000000 0.000000
vt 0.000000 0.000000
vt 0.000000 0.000000
vt 0.000000 0.000000
vt 0.000000 0.000000
vt 0.000000 0.000000
vt 0.000000 0.000000
vt 0.000000 0.000000
vt 0.000000 0.000000
vt 0.000000 0.000000
vt 0.000000 0.000000
vt 0.000000 0.000000
vt 0.000000 0.000000
vt 0.000000 0.000000
vt 0.000000 0.000000
vt 0.000000 0.000000
vt 0.000000 0.000000
vt 0.000000 0.000000
vt 0.000000 0.000000
vt 0.000000 0.000000
vt 0.000000 0.000000
vt 0.000000 0.000000
vt 0.000000 0.000000
vt 0.000000 0.000000
vt 0.000000 0.000000
vt 0.000000 0.000000
vt 0.000000 0.000000
vt 0.000000 0.000000
vt 0.000000 0.000000
vt 0.000000 0.000000
vt 0.000000 0.000000
vt 0.000000 0.000000
vt 0.000000 0.000000
vt 0.000000 0.000000
vt 0.000000 0.000000
vt 0.000000 0.000000
vt 0.000000 0.000000
vt 0.000000 0.000000
vt 0.000000 0.000000
vt 0.000000 0.000000
vt 0.000000 0.000000
vt 0.000000 0.000000
vt 0.000000 0.000000
vt 0.000000 0.000000
vt 0.000000 0.000000
vt 0.000000 0.000000
vt 0.000000 0.000000
vt 0.000000 0.000000
vt 0.000000 0.000000
vt 0.000000 0.000000
vt 0.000000 0.000000
vt 0.000000 0.000000
vt 0.000000 0.000000
vt 0.000000 0.000000
vt 0.000000 0.000000
vt 0.000000 0.000000
vt 0.000000 0.000000
vt 0.000000 0.000000
vt 0.000000 0.000000
vt 0.000000 0.000000
vt 0.000000 0.000000
vt 0.000000 0.000000
vt 0.000000 0.000000
vt 0.000000 0.000000
vt 0.000000 0.000000
vt 0.000000 0.000000
vt 0.000000 0.000000
vt 0.000000 0.000000
vt 0.000000 0.000000
vt 0.000000 0.000000
vt 0.000000 0.000000
vt 0.000000 0.000000
vt 0.000000 0.000000
vt 0.000000 0.000000
vt 0.000000 0.000000
vt 0.000000 0.000000
vt 0.000000 0.000000
vt 0.000000 0.000000
vt 0.000000 0.000000
vt 0.000000 0.000000
vt 0.000000 0.000000
vt 0.000000 0.000000
vt 0.000000 0.000000
vt 0.000000 0.000000
vt 0.000000 0.000000
vt 0.000000 0.000000
vt 0.000000 0.000000
vt 0.000000 0.000000
vt 0.000000 0.000000
vt 0.000000 0.000000
vt 0.000000 0.000000
vt 0.000000 0.000000
vt 0.000000 0.000000
vt 0.000000 0.000000
vt 0.000000 0.000000
vt 0.000000 0.000000
vt 0.000000 0.000000
vt 0.000000 0.000000
vt 0.000000 0.000000
vt 0.000000 0.000000
vt 0.000000 0.000000
vt 0.000000 0.000000
vt 0.000000 0.000000
vt 0.000000 0.000000
vt 0.000000 0.000000
vt 0.000000 0.000000
vt 0.000000 0.000000
vt 0.000000 0.000000
vt 0.000000 0.000000
vt 0.000000 0.000000
vt 0.000000 0.000000
vt 0.000000 0.000000
vt 0.000000 0.000000
vt 0.000000 0.000000
vt 0.000000 0.000000
vt 0.000000 0.000000
vt 0.000000 0.000000
vt 0.000000 0.000000
vt 0.000000 0.000000
vt 0.000000 0.000000
vt 0.000000 0.000000
vt 0.000000 0.000000
vt 0.000000 0.000000
vt 0.000000 0.000000
vt 0.000000 0.000000
vt 0.000000 0.000000
vt 0.000000 0.000000
vt 0.000000 0.000000
vt 0.000000 0.000000
vt 0.000000 0.000000
vt 0.000000 0.000000
vt 0.000000 0.000000
vt 0.000000 0.000000
vt 0.000000 0.000000
vt 0.000000 0.000000
vt 0.000000 0.000000
vt 0.000000 0.000000
vt 0.000000 0.000000
vt 0.000000 0.000000
vt 0.000000 0.000000
vt 0.000000 0.000000
vt 0.000000 0.000000
vt 0.000000 0.000000
vt 0.000000 0.000000
vt 0.000000 0.000000
vt 0.000000 0.000000
vt 0.000000 0.000000
vt 0.000000 0.000000
vt 0.000000 0.000000
vt 0.000000 0.000000
vt 0.000000 0.000000
vt 0.000000 0.000000
vt 0.000000 0.000000
vt 0.000000 0.000000
vt 0.000000 0.000000
vt 0.000000 0.000000
vt 0.000000 0.000000
vt 0.000000 0.000000
vt 0.000000 0.000000
vt 0.000000 0.000000
vt 0.000000 0.000000
vt 0.000000 0.000000
vt 0.000000 0.000000
vt 0.000000 0.000000
vt 0.000000 0.000000
vt 0.000000 0.000000
vt 0.000000 0.000000
vt 0.000000 0.000000
vt 0.000000 0.000000
vt 0.000000 0.000000
vt 0.000000 0.000000
vt 0.000000 0.000000
vt 0.000000 0.000000
vt 0.000000 0.000000
vt 0.000000 0.000000
vt 0.000000 0.000000
vt 0.000000 0.000000
vt 0.000000 0.000000
vt 0.000000 0.000000
vt 0.000000 0.000000
vt 0.000000 0.000000
vt 0.000000 0.000000
vt 0.000000 0.000000
vt 0.000000 0.000000
vt 0.000000 0.000000
vt 0.000000 0.000000
vt 0.000000 0.000000
vt 0.000000 0.000000
vt 0.000000 0.000000
vt 0.000000 0.000000
vt 0.000000 0.000000
vt 0.000000 0.000000
vt 0.000000 0.000000
vt 0.000000 0.000000
vt 0.000000 0.000000
vt 0.000000 0.000000
vt 0.000000 0.000000
vt 0.000000 0.000000
vt 0.000000 0.000000
vt 0.000000 0.000000
vt 0.000000 0.000000
vt 0.000000 0.000000
vt 0.000000 0.000000
vt 0.000000 0.000000
vt 0.000000 0.000000
vt 0.000000 0.000000
vt 0.000000 0.000000
vt 0.000000 0.000000
vt 0.000000 0.000000
vt 0.000000 0.000000
vt 0.000000 0.000000
vt 0.000000 0.000000
vt 0.000000 0.000000
vt 0.000000 0.000000
vt 0.000000 0.000000
vt 0.000000 0.000000
vt 0.000000 0.000000
vt 0.000000 0.000000
vt 0.000000 0.000000
vt 0.000000 0.000000
vt 0.000000 0.000000
vt 0.000000 0.000000
vt 0.000000 0.000000
vt 0.000000 0.000000
vt 0.000000 0.000000
vt 0.000000 0.000000
vt 0.000000 0.000000
vt 0.000000 0.000000
vt 0.000000 0.000000
vt 0.000000 0.000000
vt 0.000000 0.000000
vt 0.000000 0.000000
vt 0.000000 0.000000
vt 0.000000 0.000000
vt 0.000000 0.000000
vt 0.000000 0.000000
vt 0.000000 0.000000
vt 0.000000 0.000000
vt 0.000000 0.000000
vt 0.000000 0.000000
vt 0.000000 0.000000
vt 0.000000 0.000000
vt 0.000000 0.000000
vt 0.000000 0.000000
vt 0.000000 0.000000
vt 0.000000 0.000000
vt 0.000000 0.000000
vt 0.000000 0.000000
vt 0.000000 0.000000
vt 0.000000 0.000000
vt 0.000000 0.000000
vt 0.000000 0.000000
vt 0.000000 0.000000
vt 0.000000 0.000000
vt 0.000000 0.000000
vt 0.000000 0.000000
vt 0.000000 0.000000
vt 0.000000 0.000000
vt 0.000000 0.000000
vt 0.000000 0.000000
vt 0.000000 0.000000
vt 0.000000 0.000000
vt 0.000000 0.000000
vt 0.000000 0.000000
vt 0.000000 0.000000
vt 0.000000 0.000000
vt 0.000000 0.000000
vt 0.000000 0.000000
vt 0.000000 0.000000
vt 0.000000 0.000000
vt 0.000000 0.000000
vt 0.000000 0.000000
vt 0.000000 0.000000
vt 0.000000 0.000000
vt 0.000000 0.000000
vt 0.000000 0.000000
vt 0.000000 0.000000
vt 0.000000 0.000000
vt 0.000000 0.000000
vt 0.000000 0.000000
vt 0.000000 0.000000
vt 0.000000 0.000000
vt 0.000000 0.000000
vt 0.000000 0.000000
vt 0.000000 0.000000
vt 0.000000 0.000000
vt 0.000000 0.000000
vt 0.000000 0.000000
vt 0.000000 0.000000
vt 0.000000 0.000000
vt 0.000000 0.000000
vt 0.000000 0.000000
vt 0.000000 0.000000
vt 0.000000 0.000000
vt 0.000000 0.000000
vt 0.000000 0.000000
vt 0.000000 0.000000
vt 0.000000 0.000000
vt 0.000000 0.000000
vt 0.000000 0.000000
vt 0.000000 0.000000
vt 0.000000 0.000000
vt 0.000000 0.000000
vt 0.000000 0.000000
vt 0.000000 0.000000
vt 0.000000 0.000000
vt 0.000000 0.000000
vt 0.000000 0.000000
vt 0.000000 0.000000
vt 0.000000 0.000000
vt 0.000000 0.000000
vt 0.000000 0.000000
vt 0.000000 0.000000
vt 0.000000 0.000000
vt 0.000000 0.000000
vt 0.000000 0.000000
vt 0.000000 0.000000
vt 0.000000 0.000000
vt 0.000000 0.000000
vt 0.000000 0.000000
vt 0.000000 0.000000
vt 0.000000 0.000000
vt 0.000000 0.000000
vt 0.000000 0.000000
vt 0.000000 0.000000
vt 0.000000 0.000000
vt 0.000000 0.000000
vt 0.000000 0.000000
vt 0.000000 0.000000
vt 0.000000 0.000000
vt 0.000000 0.000000
vt 0.000000 0.000000
vt 0.000000 0.000000
vt 0.000000 0.000000
vt 0.000000 0.000000
vt 0.000000 0.000000
vt 0.000000 0.000000
vt 0.000000 0.000000
vt 0.000000 0.000000
vt 0.000000 0.000000
vt 0.000000 0.000000
vt 0.000000 0.000000
vt 0.000000 0.000000
vt 0.000000 0.000000
vt 0.000000 0.000000
vt 0.000000 0.000000
vt 0.000000 0.000000
vt 0.000000 0.000000
vt 0.000000 0.000000
vt 0.000000 0.000000
vt 0.000000 0.000000
vt 0.000000 0.000000
vt 0.000000 0.000000
vt 0.000000 0.000000
vt 0.000000 0.000000
vt 0.000000 0.000000
vt 0.000000 0.000000
vt 0.000000 0.000000
vt 0.000000 0.000000
vt 0.000000 0.000000
vt 0.000000 0.000000
vt 0.000000 0.000000
vt 0.000000 0.000000
vt 0.000000 0.000000
vt 0.000000 0.000000
vt 0.000000 0.000000
vt 0.000000 0.000000
vt 0.000000 0.000000
vt 0.000000 0.000000
vt 0.000000 0.000000
vt 0.000000 0.000000
vt 0.000000 0.000000
vt 0.000000 0.000000
vt 0.000000 0.000000
vt 0.000000 0.000000
vt 0.000000 0.000000
vt 0.000000 0.000000
vt 0.000000 0.000000
vt 0.000000 0.000000
vt 0.000000 0.000000
vt 0.000000 0.000000
vt 0.000000 0.000000
vt 0.000000 0.000000
vt 0.000000 0.000000
vt 0.000000 0.000000
vt 0.000000 0.000000
vt 0.000000 0.000000
vt 0.000000 0.000000
vt 0.000000 0.000000
vt 0.000000 0.000000
vt 0.000000 0.000000
vt 0.000000 0.000000
vt 0.000000 0.000000
vt 0.000000 0.000000
vt 0.000000 0.000000
vt 0.000000 0.000000
vt 0.000000 0.000000
vt 0.000000 0.000000
vt 0.000000 0.000000
vt 0.000000 0.000000
vt 0.000000 0.000000
vt 0.000000 0.000000
vt 0.000000 0.000000
vt 0.000000 0.000000
vt 0.000000 0.000000
vt 0.000000 0.000000
vt 0.000000 0.000000
vt 0.000000 0.000000
vt 0.000000 0.000000
vt 0.000000 0.000000
vt 0.000000 0.000000
vt 0.000000 0.000000
vt 0.000000 0.000000
vt 0.000000 0.000000
vt 0.000000 0.000000
vt 0.000000 0.000000
vt 0.000000 0.000000
vt 0.000000 0.000000
vt 0.000000 0.000000
vt 0.000000 0.000000
vt 0.000000 0.000000
vt 0.000000 0.000000
vt 0.000000 0.000000
vt 0.000000 0.000000
vt 0.000000 0.000000
vt 0.000000 0.000000
vt 0.000000 0.000000
vt 0.000000 0.000000
vt 0.000000 0.000000
vt 0.000000 0.000000
vt 0.000000 0.000000
vt 0.000000 0.000000
vt 0.000000 0.000000
vt 0.000000 0.000000
vt 0.000000 0.000000
vt 0.000000 0.000000
vt 0.000000 0.000000
vt 0.000000 0.000000
vt 0.000000 0.000000
vt 0.000000 0.000000
vt 0.000000 0.000000
vt 0.000000 0.000000
vt 0.000000 0.000000
vt 0.000000 0.000000
vt 0.000000 0.000000
vt 0.000000 0.000000
vt 0.000000 0.000000
vt 0.000000 0.000000
vt 0.000000 0.000000
vt 0.000000 0.000000
vt 0.000000 0.000000
vt 0.000000 0.000000
vt 0.000000 0.000000
vt 0.000000 0.000000
vt 0.000000 0.000000
vt 0.000000 0.000000
vt 0.000000 0.000000
vt 0.000000 0.000000
vt 0.000000 0.000000
vt 0.000000 0.000000
vt 0.000000 0.000000
vt 0.000000 0.000000
vt 0.000000 0.000000
vt 0.000000 0.000000
vt 0.000000 0.000000
vt 0.000000 0.000000
vt 0.000000 0.000000
vt 0.000000 0.000000
vt 0.000000 0.000000
vt 0.000000 0.000000
vt 0.000000 0.000000
vt 0.000000 0.000000
vt 0.000000 0.000000
vt 0.000000 0.000000
vt 0.000000 0.000000
vt 0.000000 0.000000
vt 0.000000 0.000000
vt 0.000000 0.000000
vt 0.000000 0.000000
vt 0.000000 0.000000
vt 0.000000 0.000000
vt 0.000000 0.000000
vt 0.000000 0.000000
vt 0.000000 0.000000
vt 0.000000 0.000000
vt 0.000000 0.000000
vt 0.000000 0.000000
vt 0.000000 0.000000
vt 0.000000 0.000000
vt 0.000000 0.000000
vt 0.000000 0.000000
vt 0.000000 0.000000
vt 0.000000 0.000000
vt 0.000000 0.000000
vt 0.000000 0.000000
vt 0.000000 0.000000
vt 0.000000 0.000000
vt 0.000000 0.000000
vt 0.000000 0.000000
vt 0.000000 0.000000
vt 0.000000 0.000000
vt 0.000000 0.000000
vt 0.000000 0.000000
vt 0.000000 0.000000
vt 0.000000 0.000000
vt 0.000000 0.000000
vt 0.000000 0.000000
vt 0.000000 0.000000
vt 0.000000 0.000000
vt 0.000000 0.000000
vt 0.000000 0.000000
vt 0.000000 0.000000
vt 0.000000 0.000000
vt 0.000000 0.000000
vt 0.000000 0.000000
vt 0.000000 0.000000
vt 0.000000 0.000000
vt 0.000000 0.000000
vt 0.000000 0.000000
vt 0.000000 0.000000
vt 0.000000 0.000000
vt 0.000000 0.000000
vt 0.000000 0.000000
vt 0.000000 0.000000
vt 0.000000 0.000000
vt 0.000000 0.000000
vt 0.000000 0.000000
vt 0.000000 0.000000
vt 0.000000 0.000000
vt 0.000000 0.000000
vt 0.000000 0.000000
vt 0.000000 0.000000
vt 0.000000 0.000000
vt 0.000000 0.000000
vt 0.000000 0.000000
vt 0.000000 0.000000
vt 0.000000 0.000000
vt 0.000000 0.000000
vt 0.000000 0.000000
vt 0.000000 0.000000
vt 0.000000 0.000000
vt 0.000000 0.000000
vt 0.000000 0.000000
vt 0.000000 0.000000
vt 0.000000 0.000000
vt 0.000000 0.000000
vt 0.000000 0.000000
vt 0.000000 0.000000
vt 0.000000 0.000000
vt 0.000000 0.000000
vt 0.000000 0.000000
vt 0.000000 0.000000
vt 0.000000 0.000000
vt 0.000000 0.000000
vt 0.000000 0.000000
vt 0.000000 0.000000
vt 0.000000 0.000000
vt 0.000000 0.000000
vt 0.000000 0.000000
vt 0.000000 0.000000
vt 0.000000 0.000000
vt 0.000000 0.000000
vt 0.000000 0.000000
vt 0.000000 0.000000
vt 0.000000 0.000000
vt 0.000000 0.000000
vt 0.000000 0.000000
vt 0.000000 0.000000
vt 0.000000 0.000000
vt 0.000000 0.000000
vt 0.000000 0.000000
vt 0.000000 0.000000
vt 0.000000 0.000000
vt 0.000000 0.000000
vt 0.000000 0.000000
vt 0.000000 0.000000
vt 0.000000 0.000000
vt 0.000000 0.000000
vt 0.000000 0.000000
vt 0.000000 0.000000
vt 0.000000 0.000000
vt 0.000000 0.000000
vt 0.000000 0.000000
vt 0.000000 0.000000
vt 0.000000 0.000000
vt 0.000000 0.000000
vt 0.000000 0.000000
vt 0.000000 0.000000
vt 0.000000 0.000000
vt 0.000000 0.000000
vt 0.000000 0.000000
vt 0.000000 0.000000
vt 0.000000 0.000000
vt 0.000000 0.000000
vt 0.000000 0.000000
vt 0.000000 0.000000
vt 0.000000 0.000000
vt 0.000000 0.000000
vt 0.000000 0.000000
vt 0.000000 0.000000
vt 0.000000 0.000000
vt 0.000000 0.000000
vt 0.000000 0.000000
vt 0.000000 0.000000
vt 0.000000 0.000000
vt 0.000000 0.000000
vt 0.000000 0.000000
vt 0.000000 0.000000
vt 0.000000 0.000000
vt 0.000000 0.000000
vt 0.000000 0.000000
vt 0.000000 0.000000
vt 0.000000 0.000000
vt 0.000000 0.000000
vt 0.000000 0.000000
vt 0.000000 0.000000
vt 0.000000 0.000000
vt 0.000000 0.000000
vt 0.000000 0.000000
vt 0.000000 0.000000
vt 0.000000 0.000000
vt 0.000000 0.000000
vt 0.000000 0.000000
vt 0.000000 0.000000
vt 0.000000 0.000000
vt 0.000000 0.000000
vt 0.000000 0.000000
vt 0.000000 0.000000
vt 0.000000 0.000000
vt 0.000000 0.000000
vt 0.000000 0.000000
vt 0.000000 0.000000
vt 0.000000 0.000000
vt 0.000000 0.000000
vt 0.000000 0.000000
vt 0.000000 0.000000
vt 0.000000 0.000000
vt 0.000000 0.000000
vt 0.000000 0.000000
vt 0.000000 0.000000
vt 0.000000 0.000000
vt 0.000000 0.000000
vt 0.000000 0.000000
vt 0.000000 0.000000
vt 0.000000 0.000000
vt 0.000000 0.000000
vt 0.000000 0.000000
vt 0.000000 0.000000
vt 0.000000 0.000000
vt 0.000000 0.000000
vt 0.000000 0.000000
vt 0.000000 0.000000
vt 0.000000 0.000000
vt 0.000000 0.000000
vt 0.000000 0.000000
vt 0.000000 0.000000
vt 0.000000 0.000000
vt 0.000000 0.000000
vt 0.000000 0.000000
vt 0.000000 0.000000
vt 0.000000 0.000000
vt 0.000000 0.000000
vt 0.000000 0.000000
vt 0.000000 0.000000
vt 0.000000 0.000000
vt 0.000000 0.000000
vt 0.000000 0.000000
vt 0.000000 0.000000
vt 0.000000 0.000000
vt 0.000000 0.000000
vt 0.000000 0.000000
vt 0.000000 0.000000
vt 0.000000 0.000000
vt 0.000000 0.000000
vt 0.000000 0.000000
vt 0.000000 0.000000
vt 0.000000 0.000000
vt 0.000000 0.000000
vt 0.000000 0.000000
vt 0.000000 0.000000
vt 0.000000 0.000000
vt 0.000000 0.000000
vt 0.000000 0.000000
vt 0.000000 0.000000
vt 0.000000 0.000000
vt 0.000000 0.000000
vt 0.000000 0.000000
vt 0.000000 0.000000
vt 0.000000 0.000000
vt 0.000000 0.000000
vt 0.000000 0.000000
vt 0.000000 0.000000
vt 0.000000 0.000000
vt 0.000000 0.000000
vt 0.000000 0.000000
vt 0.000000 0.000000
vt 0.000000 0.000000
vt 0.000000 0.000000
vt 0.000000 0.000000
vt 0.000000 0.000000
vt 0.000000 0.000000
vt 0.000000 0.000000
vt 0.000000 0.000000
vt 0.000000 0.000000
vt 0.000000 0.000000
vt 0.000000 0.000000
vt 0.000000 0.000000
vt 0.000000 0.000000
vt 0.000000 0.000000
vt 0.000000 0.000000
vt 0.000000 0.000000
vt 0.000000 0.000000
vt 0.000000 0.000000
vt 0.000000 0.000000
vt 0.000000 0.000000
vt 0.000000 0.000000
vt 0.000000 0.000000
vt 0.000000 0.000000
vt 0.000000 0.000000
vt 0.000000 0.000000
vt 0.000000 0.000000
vt 0.000000 0.000000
vt 0.000000 0.000000
vt 0.000000 0.000000
vt 0.000000 0.000000
vt 0.000000 0.000000
vt 0.000000 0.000000
vt 0.000000 0.000000
vt 0.000000 0.000000
vt 0.000000 0.000000
vt 0.000000 0.000000
vt 0.000000 0.000000
vt 0.000000 0.000000
vt 0.000000 0.000000
vt 0.000000 0.000000
vt 0.000000 0.000000
vt 0.000000 0.000000
vt 0.000000 0.000000
vt 0.000000 0.000000
vt 0.000000 0.000000
vt 0.000000 0.000000
vt 0.000000 0.000000
vt 0.000000 0.000000
vt 0.000000 0.000000
vt 0.000000 0.000000
vt 0.000000 0.000000
vt 0.000000 0.000000
vt 0.000000 0.000000
vt 0.000000 0.000000
vt 0.000000 0.000000
vt 0.000000 0.000000
vt 0.000000 0.000000
vt 0.000000 0.000000
vt 0.000000 0.000000
vt 0.000000 0.000000
vt 0.000000 0.000000
vt 0.000000 0.000000
vt 0.000000 0.000000
vt 0.000000 0.000000
vt 0.000000 0.000000
vt 0.000000 0.000000
vt 0.000000 0.000000
vt 0.000000 0.000000
vt 0.000000 0.000000
vt 0.000000 0.000000
vt 0.000000 0.000000
vt 0.000000 0.000000
vt 0.000000 0.000000
vt 0.000000 0.000000
vt 0.000000 0.000000
vt 0.000000 0.000000
vt 0.000000 0.000000
vt 0.000000 0.000000
vt 0.000000 0.000000
vt 0.000000 0.000000
vt 0.000000 0.000000
vt 0.000000 0.000000
vt 0.000000 0.000000
vt 0.000000 0.000000
vt 0.000000 0.000000
vt 0.000000 0.000000
vt 0.000000 0.000000
vt 0.000000 0.000000
vt 0.000000 0.000000
vt 0.000000 0.000000
vt 0.000000 0.000000
vt 0.000000 0.000000
vt 0.000000 0.000000
vt 0.000000 0.000000
vt 0.000000 0.000000
vt 0.000000 0.000000
vt 0.000000 0.000000
vt 0.000000 0.000000
vt 0.000000 0.000000
vt 0.000000 0.000000
vt 0.000000 0.000000
vt 0.000000 0.000000
vt 0.000000 0.000000
vt 0.000000 0.000000
vt 0.000000 0.000000
vt 0.000000 0.000000
vt 0.000000 0.000000
vt 0.000000 0.000000
vt 0.000000 0.000000
vt 0.000000 0.000000
vt 0.000000 0.000000
vt 0.000000 0.000000
vt 0.000000 0.000000
vt 0.000000 0.000000
vt 0.000000 0.000000
vt 0.000000 0.000000
vt 0.000000 0.000000
vt 0.000000 0.000000
vt 0.000000 0.000000
vt 0.000000 0.000000
vt 0.000000 0.000000
vt 0.000000 0.000000
vt 0.000000 0.000000
vt 0.000000 0.000000
vt 0.000000 0.000000
vt 0.000000 0.000000
vt 0.000000 0.000000
vt 0.000000 0.000000
vt 0.000000 0.000000
vt 0.000000 0.000000
vt 0.000000 0.000000
vt 0.000000 0.000000
vt 0.000000 0.000000
vt 0.000000 0.000000
vt 0.000000 0.000000
vt 0.000000 0.000000
vt 0.000000 0.000000
vt 0.000000 0.000000
vt 0.000000 0.000000
vt 0.000000 0.000000
vt 0.000000 0.000000
vt 0.000000 0.000000
vt 0.000000 0.000000
vt 0.000000 0.000000
vt 0.000000 0.000000
vt 0.000000 0.000000
vt 0.000000 0.000000
vt 0.000000 0.000000
vt 0.000000 0.000000
vt 0.000000 0.000000
vt 0.000000 0.000000
vt 0.000000 0.000000
vt 0.000000 0.000000
vt 0.000000 0.000000
vt 0.000000 0.000000
vt 0.000000 0.000000
vt 0.000000 0.000000
vt 0.000000 0.000000
vt 0.000000 0.000000
vt 0.000000 0.000000
vt 0.000000 0.000000
vt 0.000000 0.000000
vt 0.000000 0.000000
vt 0.000000 0.000000
vt 0.000000 0.000000
vt 0.000000 0.000000
vt 0.000000 0.000000
vt 0.000000 0.000000
vt 0.000000 0.000000
vt 0.000000 0.000000
vt 0.000000 0.000000
vt 0.000000 0.000000
vt 0.000000 0.000000
vt 0.000000 0.000000
vt 0.000000 0.000000
vt 0.000000 0.000000
vt 0.000000 0.000000
vt 0.000000 0.000000
vt 0.000000 0.000000
vt 0.000000 0.000000
vt 0.000000 0.000000
vt 0.000000 0.000000
vt 0.000000 0.000000
vt 0.000000 0.000000
vt 0.000000 0.000000
vt 0.000000 0.000000
vt 0.000000 0.000000
vt 0.000000 0.000000
vt 0.000000 0.000000
vt 0.000000 0.000000
vt 0.000000 0.000000
vt 0.000000 0.000000
vt 0.000000 0.000000
vt 0.000000 0.000000
vt 0.000000 0.000000
vt 0.000000 0.000000
vt 0.000000 0.000000
vt 0.000000 0.000000
vt 0.000000 0.000000
vt 0.000000 0.000000
vt 0.000000 0.000000
vt 0.000000 0.000000
vt 0.000000 0.000000
vt 0.000000 0.000000
vt 0.000000 0.000000
vt 0.000000 0.000000
vt 0.000000 0.000000
vt 0.000000 0.000000
vt 0.000000 0.000000
vt 0.000000 0.000000
vt 0.000000 0.000000
vt 0.000000 0.000000
vt 0.000000 0.000000
vt 0.000000 0.000000
vt 0.000000 0.000000
vt 0.000000 0.000000
vt 0.000000 0.000000
vt 0.000000 0.000000
vt 0.000000 0.000000
vt 0.000000 0.000000
vt 0.000000 0.000000
vt 0.000000 0.000000
vt 0.000000 0.000000
vt 0.000000 0.000000
vt 0.000000 0.000000
vt 0.000000 0.000000
vt 0.000000 0.000000
vt 0.000000 0.000000
vt 0.000000 0.000000
vt 0.000000 0.000000
vt 0.000000 0.000000
vt 0.000000 0.000000
vt 0.000000 0.000000
vt 0.000000 0.000000
vt 0.000000 0.000000
vt 0.000000 0.000000
vt 0.000000 0.000000
vt 0.000000 0.000000
vt 0.000000 0.000000
vt 0.000000 0.000000
vt 0.000000 0.000000
vt 0.000000 0.000000
vt 0.000000 0.000000
vt 0.000000 0.000000
vt 0.000000 0.000000
vt 0.000000 0.000000
vt 0.000000 0.000000
vt 0.000000 0.000000
vt 0.000000 0.000000
vt 0.000000 0.000000
vt 0.000000 0.000000
vt 0.000000 0.000000
vt 0.000000 0.000000
vt 0.000000 0.000000
vt 0.000000 0.000000
vt 0.000000 0.000000
vt 0.000000 0.000000
vt 0.000000 0.000000
vt 0.000000 0.000000
vt 0.000000 0.000000
vt 0.000000 0.000000
vt 0.000000 0.000000
vt 0.000000 0.000000
vt 0.000000 0.000000
vt 0.000000 0.000000
vt 0.000000 0.000000
vt 0.000000 0.000000
vt 0.000000 0.000000
vt 0.000000 0.000000
vt 0.000000 0.000000
vt 0.000000 0.000000
vt 0.000000 0.000000
vt 0.000000 0.000000
vt 0.000000 0.000000
vt 0.000000 0.000000
vt 0.000000 0.000000
vt 0.000000 0.000000
vt 0.000000 0.000000
vt 0.000000 0.000000
vt 0.000000 0.000000
vt 0.000000 0.000000
vt 0.000000 0.000000
vt 0.000000 0.000000
vt 0.000000 0.000000
vt 0.000000 0.000000
vt 0.000000 0.000000
vt 0.000000 0.000000
vt 0.000000 0.000000
vt 0.000000 0.000000
vt 0.000000 0.000000
vt 0.000000 0.000000
vt 0.000000 0.000000
vt 0.000000 0.000000
vt 0.000000 0.000000
vt 0.000000 0.000000
vt 0.000000 0.000000
vt 0.000000 0.000000
vt 0.000000 0.000000
vt 0.000000 0.000000
vt 0.000000 0.000000
vt 0.000000 0.000000
vt 0.000000 0.000000
vt 0.000000 0.000000
vt 0.000000 0.000000
vt 0.000000 0.000000
vt 0.000000 0.000000
vt 0.000000 0.000000
vt 0.000000 0.000000
vt 0.000000 0.000000
vt 0.000000 0.000000
vt 0.000000 0.000000
vt 0.000000 0.000000
vt 0.000000 0.000000
vt 0.000000 0.000000
vt 0.000000 0.000000
vt 0.000000 0.000000
vt 0.000000 0.000000
vt 0.000000 0.000000
vt 0.000000 0.000000
vt 0.000000 0.000000
vt 0.000000 0.000000
vt 0.000000 0.000000
vt 0.000000 0.000000
vt 0.000000 0.000000
vt 0.000000 0.000000
vt 0.000000 0.000000
vt 0.000000 0.000000
vt 0.000000 0.000000
vt 0.000000 0.000000
vt 0.000000 0.000000
vt 0.000000 0.000000
vt 0.000000 0.000000
vt 0.000000 0.000000
vt 0.000000 0.000000
vt 0.000000 0.000000
vt 0.000000 0.000000
vt 0.000000 0.000000
vt 0.000000 0.000000
vt 0.000000 0.000000
vt 0.000000 0.000000
vt 0.000000 0.000000
vt 0.000000 0.000000
vt 0.000000 0.000000
vt 0.000000 0.000000
vt 0.000000 0.000000
vt 0.000000 0.000000
vt 0.000000 0.000000
vt 0.000000 0.000000
vt 0.000000 0.000000
vt 0.000000 0.000000
vt 0.000000 0.000000
vt 0.000000 0.000000
vt 0.000000 0.000000
vt 0.000000 0.000000
vt 0.000000 0.000000
vt 0.000000 0.000000
vt 0.000000 0.000000
vt 0.000000 0.000000
vt 0.000000 0.000000
vt 0.000000 0.000000
vt 0.000000 0.000000
vt 0.000000 0.000000
vt 0.000000 0.000000
vt 0.000000 0.000000
vt 0.000000 0.000000
vt 0.000000 0.000000
vt 0.000000 0.000000
vt 0.000000 0.000000
vt 0.000000 0.000000
vt 0.000000 0.000000
vt 0.000000 0.000000
vt 0.000000 0.000000
vt 0.000000 0.000000
vt 0.000000 0.000000
vt 0.000000 0.000000
vt 0.000000 0.000000
vt 0.000000 0.000000
vt 0.000000 0.000000
vt 0.000000 0.000000
vt 0.000000 0.000000
vt 0.000000 0.000000
vt 0.000000 0.000000
vt 0.000000 0.000000
vt 0.000000 0.000000
vt 0.000000 0.000000
vt 0.000000 0.000000
vt 0.000000 0.000000
vt 0.000000 0.000000
vt 0.000000 0.000000
vt 0.000000 0.000000
vt 0.000000 0.000000
vt 0.000000 0.000000
vt 0.000000 0.000000
vt 0.000000 0.000000
vt 0.000000 0.000000
vt 0.000000 0.000000
vt 0.000000 0.000000
vt 0.000000 0.000000
vt 0.000000 0.000000
vt 0.000000 0.000000
vt 0.000000 0.000000
vt 0.000000 0.000000
vt 0.000000 0.000000
vt 0.000000 0.000000
vt 0.000000 0.000000
vt 0.000000 0.000000
vt 0.000000 0.000000
vt 0.000000 0.000000
vt 0.000000 0.000000
vt 0.000000 0.000000
vt 0.000000 0.000000
vt 0.000000 0.000000
vt 0.000000 0.000000
vt 0.000000 0.000000
vt 0.000000 0.000000
vt 0.000000 0.000000
vt 0.000000 0.000000
vt 0.000000 0.000000
vt 0.000000 0.000000
vt 0.000000 0.000000
vt 0.000000 0.000000
vt 0.000000 0.000000
vt 0.000000 0.000000
vt 0.000000 0.000000
vt 0.000000 0.000000
vt 0.000000 0.000000
vt 0.000000 0.000000
vt 0.000000 0.000000
vt 0.000000 0.000000
vt 0.000000 0.000000
vt 0.000000 0.000000
vt 0.000000 0.000000
vt 0.000000 0.000000
vt 0.000000 0.000000
vt 0.000000 0.000000
vt 0.000000 0.000000
vt 0.000000 0.000000
vt 0.000000 0.000000
vt 0.000000 0.000000
vt 0.000000 0.000000
vt 0.000000 0.000000
vt 0.000000 0.000000
vt 0.000000 0.000000
vt 0.000000 0.000000
vt 0.000000 0.000000
vt 0.000000 0.000000
vt 0.000000 0.000000
vt 0.000000 0.000000
vt 0.000000 0.000000
vt 0.000000 0.000000
vn 0.0464 -0.8823 -0.4684
vn 0.0194 -0.9576 -0.2876
vn -0.0067 -0.9954 -0.0952
vn -0.0310 -0.9944 0.1008
vn -0.0524 -0.9548 0.2926
vn -0.0701 -0.8784 0.4727
vn -0.0836 -0.7686 0.6343
vn -0.0923 -0.6295 0.7715
vn -0.0958 -0.4668 0.8792
vn -0.0941 -0.2863 0.9535
vn -0.0873 -0.0949 0.9917
vn -0.0755 0.1005 0.9921
vn -0.0593 0.2924 0.9544
vn -0.0391 0.4735 0.8799
vn -0.0157 0.6365 0.7712
vn 0.0099 0.7748 0.6322
vn 0.0366 0.8826 0.4686
vn 0.0635 0.9558 0.2870
vn 0.0894 0.9915 0.0949
vn 0.1133 0.9885 -0.1002
vn 0.1343 0.9475 -0.2903
vn 0.1516 0.8704 -0.4684
vn 0.1647 0.7607 -0.6278
vn 0.1730 0.6227 -0.7631
vn 0.1765 0.4616 -0.8694
vn 0.1749 0.2831 -0.9430
vn 0.1682 0.0939 -0.9813
vn 0.1568 -0.0996 -0.9826
vn 0.1410 -0.2900 -0.9466
vn 0.1212 -0.4703 -0.8741
vn 1.0000 -0.0000 0.0000
vn 0.0983 -0.6335 -0.7675
vn 0.0730 -0.7727 -0.6306
vn -0.0120 0.9561 -0.2929
vn -0.0394 0.8799 -0.4735
vn -0.0646 0.7696 -0.6352
vn -0.0867 0.6298 -0.7719
vn -0.1050 0.4663 -0.8784
vn -0.1186 0.2856 -0.9510
vn -0.1272 0.0944 -0.9874
vn -0.1304 -0.0999 -0.9864
vn -0.1282 -0.2906 -0.9482
vn -0.1207 -0.4704 -0.8742
vn 0.0843 -0.7720 -0.6300
vn 0.1133 -0.6325 -0.7662
vn 0.1397 -0.4692 -0.8720
vn 0.1623 -0.2891 -0.9434
vn 0.1804 -0.0992 -0.9786
vn 0.1935 0.0935 -0.9766
vn 0.2010 0.2817 -0.9382
vn 0.2028 0.4592 -0.8649
vn 0.1989 0.6196 -0.7593
vn 0.1894 0.7573 -0.6250
vn 0.1745 0.8671 -0.4666
vn 0.1546 0.9446 -0.2894
vn 0.1306 0.9864 -0.0999
vn 0.1031 0.9901 0.0948
vn 0.0733 0.9552 0.2868
vn 0.0423 0.8825 0.4685
vn 0.0114 0.7747 0.6322
vn -0.0182 0.6365 0.7711
vn -0.0451 0.4733 0.8797
vn -0.0684 0.2923 0.9539
vn -0.0872 0.1004 0.9911
vn -0.1007 -0.0948 0.9904
vn -0.1086 -0.2859 0.9521
vn -0.1105 -0.4661 0.8778
vn -0.1064 -0.6286 0.7704
vn -0.0965 -0.7677 0.6336
vn -0.0810 -0.8777 0.4723
vn -0.0605 -0.9544 0.2924
vn -0.0358 -0.9943 0.1008
vn -0.0077 -0.9954 -0.0952
vn 0.0224 -0.9575 -0.2876
vn 0.0535 -0.8820 -0.4682
vn -0.9839 -0.0837 -0.1577
vn 0.8854 -0.2179 -0.4107
vn 0.0003 0.9568 -0.2908
vn -0.0014 -0.4687 -0.8833
vn 0.0024 0.4687 0.8833
vn -0.0003 -0.9312 0.3644
vn -0.0973 -0.8540 0.5110
vn 0.2355 0.8777 -0.4174
vn 0.3802 -0.4335 -0.8170
vn 0.3802 0.4334 0.8171
vn 0.3802 0.4335 0.8170
vn 0.3793 0.8853 -0.2689
vn 0.3802 0.4336 0.8170
vn 0.3979 -0.8543 0.3343
vn -0.0464 -0.8823 -0.4684
vn -0.0194 -0.9576 -0.2876
vn 0.0067 -0.9954 -0.0952
vn 0.0309 -0.9944 0.1007
vn 0.0524 -0.9548 0.2926
vn 0.0701 -0.8784 0.4727
vn 0.0836 -0.7685 0.6343
vn 0.0923 -0.6295 0.7715
vn 0.0958 -0.4668 0.8792
vn 0.0941 -0.2863 0.9535
vn 0.0873 -0.0948 0.9917
vn 0.0755 0.1005 0.9921
vn 0.0593 0.2924 0.9544
vn 0.0391 0.4735 0.8800
vn 0.0157 0.6365 0.7711
vn -0.0098 0.7747 0.6322
vn -0.0366 0.8826 0.4686
vn -0.0635 0.9558 0.2870
vn -0.0894 0.9915 0.0949
vn -0.1133 0.9885 -0.1002
vn -0.1343 0.9475 -0.2903
vn -0.1516 0.8704 -0.4684
vn -0.1647 0.7607 -0.6279
vn -0.1730 0.6227 -0.7631
vn -0.1765 0.4616 -0.8694
vn -0.1749 0.2831 -0.9430
vn -0.1682 0.0939 -0.9813
vn -0.1568 -0.0996 -0.9826
vn -0.1410 -0.2900 -0.9466
vn -0.1212 -0.4703 -0.8741
vn -1.0000 -0.0000 0.0000
vn -0.0983 -0.6335 -0.7675
vn -0.0730 -0.7727 -0.6305
vn 0.0120 0.9561 -0.2929
vn 0.0394 0.8799 -0.4735
vn 0.0646 0.7696 -0.6352
vn 0.0867 0.6298 -0.7719
vn 0.1050 0.4663 -0.8784
vn 0.1186 0.2856 -0.9510
vn 0.1272 0.0944 -0.9874
vn 0.1304 -0.0999 -0.9864
vn 0.1282 -0.2906 -0.9482
vn -0.0843 -0.7720 -0.6300
vn -0.1133 -0.6325 -0.7662
vn -0.1397 -0.4692 -0.8720
vn -0.1623 -0.2891 -0.9434
vn -0.1804 -0.0992 -0.9786
vn -0.1934 0.0935 -0.9766
vn -0.2010 0.2817 -0.9382
vn -0.2028 0.4592 -0.8649
vn -0.1989 0.6196 -0.7593
vn -0.1894 0.7573 -0.6251
vn -0.1745 0.8671 -0.4666
vn -0.1546 0.9446 -0.2894
vn -0.1306 0.9864 -0.1000
vn -0.1031 0.9901 0.0948
vn -0.0733 0.9552 0.2868
vn -0.0423 0.8824 0.4685
vn -0.0114 0.7747 0.6322
vn 0.0182 0.6364 0.7711
vn 0.0451 0.4734 0.8797
vn 0.0684 0.2923 0.9539
vn 0.0872 0.1004 0.9911
vn 0.1007 -0.0948 0.9904
vn 0.1086 -0.2859 0.9521
vn 0.1105 -0.4661 0.8778
vn 0.1064 -0.6286 0.7704
vn 0.0965 -0.7676 0.6336
vn 0.0810 -0.8777 0.4723
vn 0.0605 -0.9544 0.2924
vn 0.0357 -0.9943 0.1007
vn 0.0077 -0.9954 -0.0952
vn -0.0224 -0.9575 -0.2875
vn -0.0535 -0.8820 -0.4683
vn 0.9839 -0.0837 -0.1577
vn -0.8854 -0.2179 -0.4107
vn -0.0003 0.9568 -0.2908
vn 0.0014 -0.4687 -0.8833
vn -0.0024 0.4687 0.8833
vn 0.0002 -0.9312 0.3645
vn 0.0973 -0.8540 0.5110
vn -0.1629 0.8282 -0.5363
vn -0.3802 -0.4335 -0.8170
vn -0.3802 0.4335 0.8170
vn -0.3793 0.8853 -0.2689
vn -0.3979 -0.8543 0.3343
vn -0.0907 -0.3783 -0.9212
vn -0.0390 -0.9795 -0.1979
vn -0.0662 -0.9978 -0.0030
vn -0.0913 -0.9773 0.1913
vn -0.1133 -0.9191 0.3774
vn -0.1314 -0.8259 0.5482
vn -0.1449 -0.7018 0.6975
vn -0.1566 -0.3807 0.9113
vn -0.1544 -0.1957 0.9684
vn -0.1470 -0.0030 0.9891
vn -0.1344 0.1904 0.9725
vn -0.1172 0.3773 0.9187
vn -0.0960 0.5505 0.8293
vn 0.0120 0.9801 0.1980
vn 0.0394 0.9992 0.0030
vn 0.0646 0.9793 -0.1918
vn 0.0867 0.9215 -0.3785
vn 0.1050 0.8285 -0.5500
vn 0.1186 0.7042 -0.7000
vn 0.1272 0.5536 -0.8230
vn 0.1304 0.3822 -0.9148
vn 0.1282 0.1964 -0.9721
vn 0.1207 0.0030 -0.9927
vn 0.1080 -0.1910 -0.9756
vn 0.0693 -0.5517 -0.8312
vn -0.0446 -0.7043 -0.7085
vn 0.0390 -0.9795 -0.1979
vn 0.0662 -0.9978 -0.0030
vn 0.0913 -0.9773 0.1913
vn 0.1133 -0.9191 0.3774
vn 0.1314 -0.8259 0.5483
vn 0.1449 -0.7018 0.6975
vn 0.1566 -0.3807 0.9113
vn 0.1544 -0.1956 0.9684
vn 0.1470 -0.0030 0.9891
vn 0.1344 0.1904 0.9725
vn 0.1172 0.3773 0.9187
vn 0.0960 0.5505 0.8293
vn -0.0120 0.9801 0.1980
vn -0.0394 0.9992 0.0030
vn -0.0646 0.9793 -0.1917
vn -0.0868 0.9216 -0.3784
vn -0.1050 0.8286 -0.5500
vn -0.1186 0.7043 -0.7000
vn -0.1272 0.5535 -0.8231
vn -0.1304 0.3822 -0.9148
vn -0.1282 0.1964 -0.9721
vn -0.1207 0.0030 -0.9927
vn -0.1081 -0.1910 -0.9756
vn 0.0000 0.9993 -0.0374
vn 0.0000 -0.2972 0.9548
vn 0.0000 -0.0041 1.0000
vn 0.0000 0.6077 0.7941
vn 0.0000 -0.7222 -0.6917
vn 0.0000 0.0041 -1.0000
vn -0.1687 -0.6744 0.7188
vn -0.2339 0.2925 -0.9272
vn 0.1724 -0.6889 0.7041
vn 0.2270 0.2831 -0.9318
vn -0.2350 -0.1239 0.9641
vn -0.2483 0.0039 -0.9687
vn 0.2382 0.0039 -0.9712
vn 0.2450 -0.1223 0.9618
vn -0.1630 0.1670 0.9724
vn -0.2497 0.4998 0.8294
vn 0.2564 0.5165 0.8170
vn 0.1665 0.1780 0.9698
vn -0.1737 -0.3904 -0.9041
vn -0.1722 -0.9274 -0.3320
vn 0.1704 -0.9178 -0.3586
vn 0.1690 -0.3798 -0.9095
vn 0.0000 -0.3799 -0.9250
vn 0.0000 -0.1921 -0.9814
vn 0.0000 0.0030 -1.0000
vn 0.0000 0.1980 -0.9802
vn 0.0000 0.3855 -0.9227
vn 0.0000 0.5581 -0.8298
vn 0.0000 0.7092 -0.7050
vn 0.0000 0.8331 -0.5531
vn 0.0000 0.9250 -0.3799
vn 0.0000 0.9814 -0.1922
vn 0.0000 1.0000 0.0030
vn 0.0000 0.8298 0.5580
vn 0.0000 0.7050 0.7092
vn 0.0000 0.5531 0.8331
vn 0.0000 0.3799 0.9250
vn 0.0000 0.1921 0.9814
vn 0.0000 -0.0030 1.0000
vn 0.0000 -0.1981 0.9802
vn 0.0000 -0.3855 0.9227
vn 0.0000 -0.5581 0.8298
vn 0.0000 -0.7092 0.7050
vn 0.0000 -0.8332 0.5530
vn 0.0000 -0.9250 0.3798
vn 0.0000 -0.9814 0.1921
vn 0.0000 -0.8298 -0.5581
vn 0.0000 -0.7050 -0.7092
vn 0.0000 -0.5530 -0.8332
vn 0.0000 0.2957 -0.9553
vn 0.2483 -0.0039 0.9687
vn -0.2382 -0.0039 0.9712
vn -0.2472 0.0036 -0.9689
vn 0.2392 0.0043 -0.9710
vn 0.0000 -0.1523 0.9883
vn 0.9961 0.0004 -0.0877
vn 0.0000 0.0040 -1.0000
vn -0.9960 -0.0140 0.0883
vn 0.2456 0.6009 0.7606
vn 0.0000 0.5251 0.8510
vn -0.2407 0.5782 0.7796
vn 0.0000 0.1748 0.9846
vn 0.2486 -0.2879 0.9248
vn -0.2389 -0.2881 0.9273
vn -0.5988 0.8008 0.0122
vn 0.5940 0.8011 -0.0726
vn 0.2396 -0.6905 -0.6825
vn 0.0000 -0.9365 -0.3506
vn -0.2466 -0.7107 -0.6588
vn 0.0000 -0.3908 -0.9205
vn -0.2428 -0.9677 0.0672
vn 0.2433 -0.9696 0.0245
vn 0.9962 0.0004 -0.0876
vn -0.9960 -0.0140 0.0882
vn 0.0907 -0.3783 -0.9212
vn 0.0980 0.0298 -0.9947
vn 0.2903 0.0286 -0.9565
vn 0.4714 0.0264 -0.8815
vn -0.4714 0.0264 -0.8815
vn 0.0817 0.5765 -0.8130
vn -0.2903 0.0286 -0.9565
vn -0.0980 0.0298 -0.9947
vn -0.0817 0.5765 -0.8130
vn -0.5290 0.5709 -0.6278
vn -0.7980 0.5589 -0.2254
vn -0.7355 0.5634 -0.3764
vn -0.2421 0.5278 0.8141
vn -0.8299 0.5492 0.0982
vn -0.6446 0.5358 0.5453
vn 0.7980 0.5444 0.2585
vn 0.0817 0.5268 0.8460
vn 0.5290 0.5324 0.6608
vn -0.3931 0.5297 0.7516
vn 0.8299 0.5541 -0.0652
vn 0.6446 0.5675 -0.5123
vn 0.7354 0.5399 0.4094
vn 0.2421 0.5755 -0.7811
vn 0.3931 0.5736 -0.7186
vn -0.3931 0.5736 -0.7186
vn -0.2421 0.5755 -0.7811
vn -0.8299 0.5541 -0.0652
vn -0.7354 0.5399 0.4094
vn -0.6446 0.5675 -0.5123
vn -0.7980 0.5444 0.2585
vn 0.3931 0.5297 0.7516
vn -0.5290 0.5324 0.6608
vn -0.0817 0.5268 0.8460
vn 0.6446 0.5358 0.5453
vn 0.8299 0.5492 0.0982
vn 0.2421 0.5278 0.8141
vn 0.7354 0.5634 -0.3764
vn 0.7980 0.5589 -0.2255
vn 0.5290 0.5709 -0.6278
vn 0.0980 -0.0298 0.9947
vn 0.0000 0.9996 0.0299
vn 0.0000 0.9996 0.0300
vn 0.9569 0.0087 -0.2902
vn 0.2903 -0.0286 0.9565
vn -0.9569 -0.0087 0.2902
vn 0.9952 -0.0029 0.0979
vn 0.6344 -0.0231 0.7727
vn -0.9952 0.0029 -0.0980
vn -0.9569 0.0087 -0.2902
vn -0.6344 0.0231 -0.7726
vn -0.6344 -0.0231 0.7727
vn 0.0980 -0.0099 0.9951
vn 0.2903 -0.0096 0.9569
vn 0.4714 -0.0088 0.8819
vn 0.6344 -0.0077 0.7730
vn 0.7730 -0.0063 0.6344
vn 0.8819 -0.0047 0.4713
vn 0.9569 -0.0029 0.2903
vn 0.9952 -0.0010 0.0980
vn 0.9952 0.0010 -0.0980
vn 0.9569 0.0029 -0.2903
vn 0.8819 0.0047 -0.4714
vn 0.7730 0.0063 -0.6344
vn 0.6344 0.0077 -0.7730
vn 0.4714 0.0088 -0.8819
vn 0.2903 0.0096 -0.9569
vn 0.0980 0.0099 -0.9951
vn -0.0980 0.0099 -0.9951
vn -0.2903 0.0096 -0.9569
vn -0.4714 0.0088 -0.8819
vn -0.6344 0.0077 -0.7730
vn -0.7730 0.0063 -0.6343
vn -0.8819 0.0047 -0.4714
vn -0.9569 0.0029 -0.2903
vn -0.9952 0.0010 -0.0980
vn -0.9952 -0.0010 0.0980
vn -0.9569 -0.0029 0.2903
vn -0.8819 -0.0047 0.4714
vn -0.7730 -0.0063 0.6344
vn -0.6344 -0.0077 0.7730
vn -0.4714 -0.0088 0.8819
vn 0.6758 -0.4799 -0.5595
vn -0.2903 -0.0096 0.9569
vn -0.0980 -0.0099 0.9951
vn 0.0871 0.4492 0.8892
vn 0.0857 -0.4941 0.8652
vn -0.0857 -0.4941 0.8652
vn -0.5546 -0.4922 0.6709
vn 0.6758 -0.4910 0.5498
vn 0.2538 -0.4938 0.8317
vn 0.8701 -0.4863 0.0809
vn -0.4121 -0.4931 0.7661
vn -0.2538 -0.4938 0.8317
vn -0.6758 -0.4910 0.5498
vn -0.7730 0.0063 -0.6344
vn 0.0981 -0.0099 0.9951
vn -0.2581 0.4495 0.8552
vn -0.6871 0.4524 0.5685
vn -0.8846 0.4572 0.0917
vn -0.5640 0.4649 -0.6825
vn -0.8506 0.4554 0.2626
vn -0.0871 0.4669 -0.8800
vn -0.8506 0.4606 -0.2535
vn -0.2580 0.4665 -0.8460
vn 0.8847 0.4589 -0.0825
vn 0.2580 0.4665 -0.8460
vn 0.6871 0.4637 -0.5593
vn 0.8507 0.4554 0.2626
vn 0.5639 0.4511 0.6917
vn 0.8507 0.4606 -0.2535
vn 0.2581 0.4495 0.8552
vn -0.0872 0.4492 0.8892
vn -0.5639 0.4512 0.6917
vn -0.4190 0.4502 0.7885
vn -0.8846 0.4589 -0.0825
vn -0.6872 0.4637 -0.5593
vn -0.7840 0.4538 0.4236
vn -0.7840 0.4622 -0.4144
vn 0.5639 0.4649 -0.6825
vn -0.4191 0.4659 -0.7793
vn 0.0871 0.4669 -0.8800
vn 0.4190 0.4658 -0.7794
vn 0.6871 0.4524 0.5685
vn 0.7840 0.4622 -0.4144
vn 0.8847 0.4571 0.0917
vn 0.4191 0.4502 0.7885
vn 0.7840 0.4538 0.4236
vn 0.8819 0.0047 -0.4713
vn 0.8819 -0.0047 0.4714
vn -0.7730 -0.0063 0.6343
vn 0.6758 0.4799 0.5595
vn 0.0871 -0.4492 -0.8892
vn 0.0857 0.4941 -0.8652
vn -0.0857 0.4941 -0.8652
vn -0.5546 0.4922 -0.6709
vn 0.6758 0.4910 -0.5498
vn 0.2538 0.4938 -0.8317
vn 0.8701 0.4863 -0.0808
vn -0.4121 0.4931 -0.7661
vn -0.2538 0.4938 -0.8317
vn -0.6758 0.4910 -0.5498
vn 0.0981 0.0099 -0.9951
vn -0.2581 -0.4495 -0.8552
vn -0.6871 -0.4524 -0.5685
vn -0.8846 -0.4572 -0.0917
vn -0.5640 -0.4649 0.6825
vn -0.8506 -0.4554 -0.2626
vn -0.0871 -0.4669 0.8800
vn -0.8506 -0.4606 0.2535
vn -0.2580 -0.4665 0.8460
vn 0.8846 -0.4589 0.0825
vn 0.2580 -0.4665 0.8460
vn 0.6871 -0.4637 0.5593
vn 0.8507 -0.4554 -0.2625
vn 0.5639 -0.4511 -0.6917
vn 0.8507 -0.4606 0.2534
vn 0.2580 -0.4495 -0.8552
vn -0.0872 -0.4492 -0.8892
vn -0.5639 -0.4512 -0.6917
vn -0.4190 -0.4502 -0.7885
vn -0.8846 -0.4589 0.0825
vn -0.6872 -0.4637 0.5593
vn -0.7840 -0.4538 -0.4236
vn -0.7840 -0.4622 0.4144
vn 0.5640 -0.4649 0.6825
vn -0.4190 -0.4659 0.7794
vn 0.0871 -0.4669 0.8800
vn 0.4190 -0.4658 0.7794
vn 0.6872 -0.4524 -0.5685
vn 0.7840 -0.4622 0.4144
vn 0.8846 -0.4572 -0.0917
vn 0.4191 -0.4502 -0.7885
vn 0.7840 -0.4538 -0.4236
vn 0.0000 -1.0000 -0.0066
vn 0.0000 -0.0066 1.0000
vn 0.0000 0.0066 -1.0000
vn 0.1553 -0.8670 0.4735
vn 0.3783 0.4943 0.7827
vn 0.1261 -0.6968 -0.7061
vn 0.1723 0.2338 -0.9569
vn 0.0000 0.2374 -0.9714
vn 0.1769 0.0065 -0.9842
vn 0.1769 -0.9842 -0.0065
vn 0.6038 0.7971 0.0052
vn 0.4980 -0.0057 0.8672
vn 0.0000 -0.9400 0.3411
vn 0.0000 -0.7024 -0.7118
vn 0.0000 0.7830 0.6220
vn 0.0000 1.0000 0.0066
vn 0.4404 0.0059 -0.8978
vn 0.8918 -0.4524 -0.0030
vn 0.0000 -1.0000 -0.0065
vn -0.8918 -0.4524 -0.0030
vn 0.0000 -0.3979 -0.9174
vn 0.0000 -0.4099 0.9121
vn 0.0000 -0.8062 -0.5917
vn -0.1553 -0.8670 0.4735
vn -0.3783 0.4943 0.7827
vn -0.1261 -0.6968 -0.7061
vn -0.1723 0.2338 -0.9569
vn -0.1769 0.0065 -0.9842
vn -0.1770 -0.9842 -0.0065
vn -0.6038 0.7971 0.0052
vn -0.4980 -0.0057 0.8672
vn -0.4404 0.0059 -0.8978
vn 0.0000 -0.3978 -0.9175
vn -0.0693 -0.8811 -0.4678
vn -0.0689 -0.8816 -0.4670
vn -0.0693 -0.8810 -0.4680
vn 0.0000 -0.7955 -0.6060
vn 0.0000 -0.7071 -0.7071
vn -0.0692 -0.8812 -0.4676
vn -0.0446 -0.9568 -0.2873
vn -0.0445 -0.9569 -0.2870
vn -0.0445 -0.9571 -0.2864
vn -0.0446 -0.9568 -0.2874
vn -0.0446 -0.9568 -0.2872
vn -0.0446 -0.9567 -0.2876
vn 0.0000 -1.0000 0.0000
vn -0.0176 -0.9953 -0.0952
vn -0.0175 -0.9953 -0.0952
vn 0.0000 0.0000 1.0000
vn 0.2567 -0.9116 -0.3212
vn 0.0107 -0.9948 0.1008
vn 0.0108 -0.9949 0.1007
vn 0.0107 -0.9949 0.1008
vn 0.0390 -0.9554 0.2927
vn 0.0390 -0.9554 0.2926
vn 0.0389 -0.9554 0.2927
vn 0.0390 -0.9554 0.2928
vn -0.2460 -0.8857 0.3937
vn 0.0662 -0.8787 0.4728
vn 0.0663 -0.8787 0.4728
vn -0.3332 -0.6879 0.6449
vn 0.0661 -0.8787 0.4728
vn -0.3431 -0.7098 0.6152
vn 0.0913 -0.7680 0.6339
vn 0.0914 -0.7680 0.6339
vn 0.0913 -0.7681 0.6338
vn 0.5923 -0.7701 0.2369
vn 0.5408 -0.7524 0.3762
vn 0.1133 -0.6281 0.7698
vn 0.1132 -0.6282 0.7698
vn 0.0851 -0.6462 0.7584
vn 0.0924 -0.6121 0.7854
vn 0.1314 -0.4648 0.8756
vn 0.1314 -0.4649 0.8756
vn 0.1311 -0.4649 0.8756
vn 0.0848 -0.4842 0.8708
vn 0.1449 -0.2845 0.9477
vn 0.1448 -0.2846 0.9476
vn 0.1445 -0.2846 0.9477
vn 0.1449 -0.2846 0.9476
vn 0.1449 -0.2846 0.9477
vn 0.1534 -0.0941 0.9837
vn 0.1531 -0.0941 0.9837
vn 0.1528 -0.0942 0.9838
vn 0.1433 -0.0913 0.9855
vn 0.1534 -0.0942 0.9837
vn 0.1533 -0.0941 0.9837
vn 0.1539 -0.0937 0.9836
vn 0.1566 0.0996 0.9826
vn 0.1548 0.0988 0.9830
vn 0.1636 0.1017 0.9813
vn 0.1566 0.0995 0.9826
vn 0.1544 0.2894 0.9447
vn 0.1544 0.2895 0.9446
vn 0.1541 0.2894 0.9447
vn 0.1427 0.2735 0.9512
vn 0.1470 0.4687 0.8710
vn 0.1469 0.4687 0.8711
vn 0.1344 0.6308 0.7642
vn 0.1344 0.6308 0.7643
vn 0.1345 0.6308 0.7642
vn 0.0000 0.5812 0.8137
vn 0.1172 0.7694 0.6280
vn 0.1173 0.7695 0.6278
vn 0.1173 0.7694 0.6279
vn 0.1172 0.7692 0.6281
vn 0.1170 0.7694 0.6279
vn 0.0960 0.8792 0.4667
vn 0.0960 0.8792 0.4668
vn 0.0956 0.8803 0.4647
vn 0.0714 0.9553 0.2868
vn 0.0714 0.9553 0.2869
vn 0.0713 0.9558 0.2853
vn 0.0713 0.9553 0.2869
vn 0.0445 0.9945 0.0951
vn 0.0442 0.9947 0.0931
vn 0.0444 0.9946 0.0938
vn 0.0445 0.9945 0.0950
vn 0.0163 0.9948 -0.1008
vn 0.0163 0.9948 -0.1007
vn -0.1080 -0.6329 -0.7667
vn -0.1080 -0.6328 -0.7667
vn -0.0907 -0.7716 -0.6296
vn -0.0907 -0.7716 -0.6297
vn -0.0843 0.7720 0.6300
vn -0.1133 0.6325 0.7662
vn -0.1397 0.4692 0.8720
vn -0.1623 0.2891 0.9434
vn -0.1804 0.0992 0.9786
vn -0.1935 -0.0935 0.9766
vn -0.2010 -0.2817 0.9382
vn -0.0535 0.8820 0.4682
vn -0.8875 -0.2183 -0.4058
vn -0.8874 -0.2161 -0.4072
vn -0.0946 -0.9653 0.2436
vn 0.9974 -0.0073 -0.0718
vn 0.9975 -0.0206 -0.0674
vn -0.8938 -0.2102 -0.3961
vn 0.1769 0.8065 -0.5641
vn 0.9975 -0.0334 -0.0629
vn -0.9052 -0.1992 -0.3754
vn 0.9978 -0.0308 -0.0580
vn -0.8741 -0.3763 -0.3071
vn -0.9189 -0.1849 -0.3485
vn 0.9961 0.0254 -0.0846
vn -0.8512 -0.4636 -0.2461
vn -0.8846 -0.2968 -0.3596
vn 0.9976 -0.0324 -0.0611
vn 0.9970 0.0074 -0.0771
vn 0.0693 -0.8810 -0.4679
vn 0.0693 -0.8811 -0.4678
vn 0.0692 -0.8811 -0.4678
vn -0.0070 -0.8555 -0.5178
vn -0.0072 -0.8536 -0.5209
vn 0.0695 -0.8812 -0.4675
vn 0.0690 -0.8816 -0.4670
vn 0.0692 -0.8812 -0.4677
vn 0.0445 -0.9567 -0.2876
vn 0.0446 -0.9568 -0.2873
vn 0.0444 -0.9568 -0.2873
vn 0.0446 -0.9567 -0.2875
vn 0.0445 -0.9571 -0.2864
vn 0.0446 -0.9568 -0.2874
vn 0.0446 -0.9571 -0.2864
vn 0.0444 -0.9569 -0.2871
vn 0.0000 -0.4472 -0.8944
vn 0.0176 -0.9953 -0.0952
vn 0.0177 -0.9953 -0.0952
vn 0.0179 -0.9953 -0.0951
vn 0.0176 -0.9953 -0.0953
vn 0.9461 -0.1449 0.2897
vn -0.0107 -0.9949 0.1008
vn -0.0106 -0.9948 0.1008
vn -0.0107 -0.9948 0.1008
vn -0.0106 -0.9949 0.1006
vn 0.0000 -0.7071 0.7071
vn -0.0391 -0.9554 0.2927
vn -0.0390 -0.9554 0.2927
vn 0.1486 -0.9509 0.2717
vn -0.0390 -0.9554 0.2926
vn -0.0392 -0.9554 0.2926
vn -0.0390 -0.9554 0.2928
vn -0.0662 -0.8787 0.4728
vn -0.0296 -0.9483 0.3161
vn -0.0663 -0.8786 0.4729
vn -0.0662 -0.8786 0.4729
vn -0.0913 -0.7680 0.6339
vn -0.0912 -0.7680 0.6339
vn -0.0914 -0.7680 0.6339
vn -0.1133 -0.6282 0.7698
vn -0.1133 -0.6281 0.7698
vn -0.1092 -0.6278 0.7707
vn 0.2673 -0.5345 0.8018
vn -0.1314 -0.4649 0.8756
vn -0.1314 -0.4648 0.8756
vn -0.1321 -0.4644 0.8757
vn -0.1449 -0.2846 0.9476
vn -0.1449 -0.2845 0.9477
vn -0.1449 -0.2848 0.9476
vn -0.1457 -0.2844 0.9476
vn -0.1569 -0.2694 0.9502
vn -0.2800 -0.2240 0.9335
vn -0.1534 -0.0941 0.9837
vn -0.2065 -0.0680 0.9761
vn -0.1566 0.0996 0.9826
vn -0.1566 0.0995 0.9826
vn 0.1644 0.0000 0.9864
vn -0.1544 0.2894 0.9447
vn -0.1545 0.2894 0.9446
vn 0.0000 0.2676 0.9635
vn -0.5912 0.3345 0.7339
vn -0.5842 0.4089 0.7010
vn -0.1470 0.4687 0.8710
vn -0.1470 0.4688 0.8710
vn -0.1471 0.4688 0.8710
vn -0.1480 0.4690 0.8707
vn -0.1478 0.4689 0.8708
vn -0.1469 0.4687 0.8711
vn -0.1344 0.6308 0.7642
vn -0.1345 0.6297 0.7651
vn -0.1173 0.7694 0.6279
vn -0.1172 0.7695 0.6279
vn -0.1172 0.7694 0.6279
vn -0.1171 0.7694 0.6279
vn -0.0960 0.8792 0.4668
vn -0.0960 0.8791 0.4668
vn -0.0960 0.8792 0.4667
vn -0.0960 0.8791 0.4669
vn -0.0956 0.8804 0.4646
vn -0.0714 0.9553 0.2869
vn -0.0713 0.9558 0.2852
vn -0.0713 0.9551 0.2874
vn -0.0445 0.9945 0.0952
vn -0.0445 0.9945 0.0951
vn -0.0442 0.9948 0.0913
vn -0.0444 0.9945 0.0946
vn -0.0163 0.9948 -0.1008
vn -0.0163 0.9948 -0.1007
vn 0.1207 -0.4704 -0.8742
vn 0.1080 -0.6329 -0.7667
vn 0.1080 -0.6328 -0.7667
vn 0.1082 -0.6372 -0.7631
vn 0.1087 -0.6330 -0.7665
vn 0.0907 -0.7716 -0.6296
vn 0.0907 -0.7716 -0.6297
vn 0.0908 -0.7715 -0.6297
vn 0.0740 -0.7762 -0.6261
vn 0.0907 -0.7717 -0.6295
vn 0.0843 0.7720 0.6300
vn 0.1133 0.6325 0.7662
vn 0.1397 0.4692 0.8720
vn 0.1623 0.2891 0.9434
vn 0.1804 0.0992 0.9786
vn 0.1934 -0.0935 0.9766
vn 0.2010 -0.2817 0.9382
vn 0.0535 0.8820 0.4683
vn 0.8875 -0.2183 -0.4058
vn 0.8881 -0.1347 -0.4394
vn 0.0603 -0.9731 0.2225
vn -0.9974 -0.0073 -0.0719
vn -0.9975 -0.0206 -0.0674
vn 0.8819 -0.0475 -0.4690
vn -0.1769 0.8065 -0.5641
vn -0.9975 -0.0338 -0.0627
vn 0.8654 0.0477 -0.4987
vn -0.9961 -0.0784 -0.0416
vn 0.8741 -0.3763 -0.3071
vn -0.9973 -0.0467 -0.0566
vn 0.8297 0.1605 -0.5346
vn -0.9961 0.0254 -0.0846
vn 0.8512 -0.4636 -0.2461
vn 0.8846 -0.2968 -0.3596
vn -0.9969 -0.0609 -0.0497
vn -0.9970 0.0074 -0.0771
vn 0.0446 -0.7043 -0.7085
vn -0.0448 0.7042 0.7085
vn -0.0446 0.7042 0.7086
vn 0.0176 -0.8297 -0.5580
vn -0.0107 -0.9227 -0.3854
vn -0.0107 -0.9227 -0.3855
vn -0.1534 -0.5515 0.8200
vn -0.1534 -0.5514 0.8200
vn -0.0714 0.7032 0.7074
vn -0.0714 0.7034 0.7072
vn -0.0445 0.8289 0.5576
vn -0.0445 0.8290 0.5575
vn -0.0163 0.9226 0.3854
vn -0.0170 0.9232 0.3840
vn -0.0176 -0.8297 -0.5580
vn -0.0176 -0.8296 -0.5580
vn 0.0106 -0.9227 -0.3854
vn 0.0107 -0.9226 -0.3855
vn 0.0107 -0.9227 -0.3854
vn 0.1533 -0.5516 0.8199
vn 0.1534 -0.5515 0.8200
vn 0.1533 -0.5513 0.8201
vn 0.0714 0.7032 0.7074
vn 0.0445 0.8290 0.5575
vn 0.0445 0.8290 0.5574
vn 0.0170 0.9230 0.3844
vn 0.0164 0.9226 0.3854
vn 0.0163 0.9226 0.3854
vn -0.0000 -0.9989 0.0473
vn -0.0693 -0.5518 -0.8311
vn -0.0693 -0.5517 -0.8312
vn 0.9962 0.0003 -0.0876
vn 0.9961 0.0000 -0.0879
vn 0.9961 0.0005 -0.0878
vn 0.9961 0.0003 -0.0877
vn 0.9962 0.0004 -0.0877
vn 0.9961 0.0003 -0.0878
vn 0.9961 0.0006 -0.0878
vn 0.9962 0.0001 -0.0877
vn -0.9279 -0.3125 -0.2032
vn -0.9973 -0.0156 0.0722
vn -0.9969 -0.0256 0.0746
vn -0.9973 -0.0157 0.0717
vn -0.9975 -0.0117 0.0700
vn -0.9976 -0.0095 0.0686
vn -0.9989 0.0083 0.0470
vn -0.9961 -0.0092 0.0877
vn -0.9960 0.0598 0.0657
vn -0.9821 -0.0865 0.1675
vn -0.9952 -0.0267 0.0938
vn -0.9951 -0.0276 0.0955
vn -0.9957 -0.0277 0.0889
vn -0.9957 -0.0279 0.0889
vn -0.9281 -0.3122 -0.2032
vn -0.9970 -0.0068 -0.0774
vn -0.9994 -0.0215 0.0273
vn -0.9987 -0.0017 0.0511
vn -0.9995 -0.0001 0.0321
vn -0.9997 0.0070 -0.0228
vn -0.9972 -0.0020 0.0751
vn -0.9972 -0.0016 0.0752
vn -0.9971 -0.0010 0.0758
vn -0.9971 -0.0009 0.0762
vn -0.9970 -0.0008 0.0771
vn -0.9971 -0.0011 0.0755
vn -0.9972 -0.0012 0.0754
vn -0.9956 -0.0277 0.0891
vn -0.9952 -0.0269 0.0937
vn -0.9956 -0.0275 0.0894
vn 0.9215 -0.3678 0.1247
vn 0.9523 0.0168 0.3047
vn 0.9999 0.0018 -0.0132
vn 0.9972 0.0221 -0.0710
vn 0.9972 0.0220 -0.0709
vn 0.9972 0.0222 -0.0711
vn 0.9972 0.0222 -0.0710
vn 0.9970 0.0284 -0.0726
vn 0.9962 0.0003 -0.0877
vn 0.9961 0.0004 -0.0880
vn 0.9955 0.0019 -0.0952
vn 0.9954 0.0018 -0.0958
vn 0.9957 0.0024 -0.0922
vn 0.9958 0.0027 -0.0912
vn 0.9938 -0.0080 -0.1105
vn 0.9927 -0.0172 -0.1193
vn 0.9904 0.1324 -0.0391
vn 0.9969 0.0294 -0.0724
vn 0.9972 0.0221 -0.0711
vn 0.9950 0.0338 -0.0945
vn 0.9444 -0.2177 0.2463
vn 0.9283 -0.2380 0.2856
vn -0.9962 0.0007 0.0876
vn -0.9961 -0.0008 0.0879
vn -0.9962 -0.0004 0.0877
vn -0.9961 -0.0004 0.0877
vn -0.9962 -0.0004 0.0876
vn -0.9961 -0.0002 0.0877
vn -0.9962 -0.0002 0.0875
vn -0.9961 -0.0006 0.0878
vn -0.9961 -0.0003 0.0877
vn -0.9962 -0.0005 0.0876
vn -0.9961 -0.0003 0.0878
vn 0.0000 0.4667 0.8844
vn 0.0000 0.6312 0.7756
vn 0.0000 0.7711 0.6368
vn 0.0000 0.7710 0.6368
vn 0.0000 0.8805 0.4740
vn -0.0002 0.8805 0.4740
vn 0.0000 0.8805 0.4741
vn 0.0000 0.9558 0.2941
vn 0.0000 0.9558 0.2942
vn -0.0003 0.9558 0.2941
vn 0.0000 0.9557 0.2942
vn 0.0003 0.9558 0.2941
vn 0.0000 0.9946 0.1041
vn -0.0000 0.9946 0.1040
vn -0.0000 0.9946 0.1042
vn 0.0000 0.9960 -0.0897
vn 0.0000 0.9959 -0.0899
vn 0.0000 0.9598 -0.2807
vn 0.0000 0.9598 -0.2806
vn 0.0000 0.8869 -0.4621
vn -0.0000 0.8869 -0.4620
vn 0.0000 0.8868 -0.4621
vn 0.0002 0.8869 -0.4621
vn 0.0000 0.7791 -0.6268
vn 0.0000 0.7792 -0.6268
vn 0.0000 0.6404 -0.7681
vn 0.0000 0.4757 -0.8796
vn 0.0000 0.2920 -0.9564
vn 0.0000 0.2919 -0.9564
vn 0.0000 0.0968 -0.9953
vn 0.0000 -0.1014 -0.9948
vn 0.0000 -0.2946 -0.9556
vn 0.0000 -0.4751 -0.8799
vn 0.0000 -0.6365 -0.7713
vn 0.0000 -0.7733 -0.6340
vn 0.0000 -0.7734 -0.6340
vn 0.0000 -0.8811 -0.4729
vn -0.0000 -0.8811 -0.4728
vn 0.0000 -0.8812 -0.4728
vn 0.0000 -0.9561 -0.2931
vn -0.0005 -0.9561 -0.2931
vn -0.0000 -0.9563 -0.2925
vn 0.0000 -0.9949 -0.1011
vn 0.0000 -0.9949 -0.1010
vn 0.0000 -0.9954 0.0959
vn 0.0000 -0.9572 0.2894
vn 0.0000 -0.8819 0.4714
vn 0.0000 -0.7729 0.6345
vn 0.0000 -0.6349 0.7726
vn 0.0000 -0.4732 0.8810
vn 0.0000 -0.4731 0.8810
vn 0.0000 -0.2938 0.9559
vn 0.0000 -0.1032 0.9947
vn 0.0000 -0.1031 0.9947
vn 0.0000 0.0920 0.9958
vn 0.0000 0.2844 0.9587
vn -0.3349 0.4179 0.8445
vn -0.3619 0.2503 0.8980
vn -0.3220 0.5742 0.7528
vn -0.3220 0.5742 0.7527
vn -0.3222 0.5743 0.7526
vn -0.2053 -0.6193 -0.7578
vn -0.2053 -0.6193 -0.7579
vn -0.2052 -0.6193 -0.7579
vn -0.2053 -0.6192 -0.7579
vn -0.1868 -0.4623 -0.8668
vn -0.1868 -0.4622 -0.8669
vn -0.3814 0.0767 0.9212
vn -0.3811 0.0767 0.9214
vn -0.3811 0.0767 0.9213
vn -0.3920 -0.0966 0.9149
vn -0.3920 -0.0965 0.9149
vn -0.2689 -0.9324 -0.2413
vn -0.2697 -0.9260 -0.2643
vn -0.2456 -0.8591 -0.4491
vn -0.2458 -0.8590 -0.4490
vn -0.2247 -0.7546 -0.6165
vn -0.2248 -0.7546 -0.6165
vn -0.3976 -0.2646 0.8786
vn -0.3976 -0.2645 0.8786
vn -0.2951 -0.9528 -0.0717
vn -0.2951 -0.9528 -0.0718
vn -0.3975 -0.4236 0.8140
vn 0.3919 0.5700 -0.7222
vn -0.3919 -0.5700 0.7222
vn -0.3441 -0.8900 0.2992
vn -0.3441 -0.8899 0.2993
vn -0.3441 -0.8900 0.2993
vn -0.3205 -0.9398 0.1190
vn -0.3646 -0.8081 0.4626
vn -0.3807 -0.6997 0.6045
vn 0.2426 -0.8419 -0.4820
vn 0.2427 -0.8419 -0.4820
vn 0.4085 -0.1002 0.9072
vn 0.1637 0.1098 -0.9804
vn 0.1630 0.1098 -0.9805
vn 0.2762 0.8560 0.4370
vn 0.2762 0.8560 0.4369
vn 0.2498 0.9336 0.2570
vn 0.1523 0.4825 -0.8626
vn 0.1618 0.4545 -0.8759
vn 0.1618 0.4544 -0.8760
vn 0.1633 0.4538 -0.8760
vn 0.2568 0.6945 -0.6722
vn 0.1740 0.4298 -0.8860
vn 0.2673 0.7452 -0.6109
vn 0.1348 0.5421 -0.8294
vn 0.1354 0.5413 -0.8299
vn 0.1094 0.5925 -0.7981
vn 0.1354 0.5413 -0.8298
vn 0.0966 0.6276 -0.7725
vn 0.3576 0.4391 0.8242
vn 0.3577 0.4391 0.8242
vn 0.3319 0.6018 0.7265
vn 0.3318 0.6018 0.7265
vn 0.0000 0.0000 -1.0000
vn 0.0000 0.1240 0.9923
vn 0.3041 0.7433 0.5958
vn 0.2203 -0.7335 -0.6430
vn 0.2203 -0.7336 -0.6429
vn 0.2202 -0.7336 -0.6429
vn 0.2017 -0.5956 -0.7775
vn 0.2017 -0.5957 -0.7775
vn 0.1895 -0.5704 -0.7992
vn 0.3798 0.2632 0.8868
vn 0.1705 0.7437 -0.6463
vn 0.1705 0.7438 -0.6463
vn 0.2410 0.8531 -0.4627
vn 0.1649 0.6095 -0.7754
vn 0.1708 0.6296 -0.7579
vn 0.1649 0.6096 -0.7754
vn 0.1628 0.6021 -0.7817
vn 0.1696 0.6255 -0.7616
vn 0.1612 0.6008 -0.7830
vn 0.1689 -0.0752 -0.9828
vn 0.1686 -0.0752 -0.9828
vn 0.1761 -0.2592 -0.9496
vn 0.1762 -0.2592 -0.9496
vn 0.1762 -0.2591 -0.9496
vn 0.1797 -0.2611 -0.9484
vn 0.1871 -0.4350 -0.8808
vn 0.2687 -0.9147 -0.3020
vn 0.2689 -0.9146 -0.3020
vn 0.2686 -0.9147 -0.3020
vn 0.3972 0.0813 0.9141
vn 0.3970 0.0813 0.9142
vn 0.3971 0.0812 0.9142
vn -0.1837 0.8724 -0.4530
vn -0.1837 0.8724 -0.4531
vn -0.1725 0.6342 -0.7536
vn -0.1725 0.6342 -0.7537
vn -0.1725 0.6343 -0.7536
vn -0.1726 0.6342 -0.7536
vn -0.1719 0.6328 -0.7550
vn -0.1721 0.6334 -0.7544
vn -0.1939 0.9424 -0.2727
vn -0.1939 0.9423 -0.2728
vn -0.1939 0.9424 -0.2726
vn 0.0053 0.9755 0.2198
vn -0.1769 0.7682 -0.6153
vn -0.1767 0.7682 -0.6153
vn -0.2254 0.9677 0.1129
vn -0.2252 0.9678 0.1129
vn -0.2254 0.9677 0.1130
vn -0.2077 0.9748 -0.0815
vn -0.1178 0.9238 0.3643
vn -0.1840 0.2454 -0.9518
vn -0.1714 0.2907 -0.9413
vn -0.1714 0.2908 -0.9413
vn -0.1825 0.2425 -0.9528
vn -0.1715 0.4692 -0.8663
vn -0.1674 0.4809 -0.8606
vn -0.1800 0.4679 -0.8652
vn -0.1716 0.4694 -0.8661
vn -0.1716 0.4689 -0.8664
vn -0.1715 0.4691 -0.8663
vn -0.2484 0.1689 -0.9538
vn -0.2704 0.8371 0.4756
vn -0.2705 0.8370 0.4756
vn -0.2795 0.7987 0.5329
vn -0.2755 0.8527 0.4439
vn -0.2861 0.8117 0.5093
vn -0.2705 0.8371 0.4756
vn -0.2466 0.9210 0.3016
vn -0.2466 0.9210 0.3015
vn -0.1404 0.5610 -0.8158
vn -0.1406 0.5610 -0.8158
vn -0.1406 0.5609 -0.8158
vn -0.1422 0.5681 -0.8106
vn -0.1422 0.5686 -0.8102
vn -0.1733 0.1009 -0.9797
vn -0.1733 0.1010 -0.9797
vn -0.1457 -0.0221 -0.9891
vn -0.1774 -0.0931 -0.9797
vn -0.1271 0.0000 -0.9919
vn -0.1607 -0.1583 -0.9742
vn -0.2824 0.6644 0.6920
vn -0.2823 0.6641 0.6923
vn -0.2820 0.6635 0.6930
vn -0.2957 0.7208 0.6269
vn -0.2958 0.7206 0.6271
vn -0.1840 -0.2838 -0.9411
vn -0.1840 -0.2838 -0.9410
vn -0.1840 -0.2837 -0.9411
vn 0.3635 -0.8259 0.4310
vn 0.3640 -0.8257 0.4309
vn 0.4123 -0.4407 0.7973
vn 0.1802 -0.4670 0.8657
vn 0.4136 -0.2758 0.8677
vn 0.4136 -0.2759 0.8677
vn 0.3907 -0.6946 0.6040
vn 0.3497 -0.8993 0.2625
vn 0.3878 -0.7204 0.5750
vn 0.3881 -0.7203 0.5749
vn 0.2137 0.9761 0.0392
vn 0.2264 0.9719 0.0648
vn 0.2264 0.9719 0.0649
vn 0.1927 0.4334 -0.8804
vn 0.2914 0.9482 0.1264
vn 0.2068 0.9697 -0.1298
vn 0.1911 0.9286 -0.3181
vn 0.1491 0.8947 -0.4210
vn 0.1911 0.9287 -0.3180
vn 0.1324 0.8567 -0.4985
vn 0.1791 0.8518 -0.4923
vn 0.1144 0.7653 -0.6334
vn 0.4046 -0.5903 0.6984
vn 0.4052 -0.5902 0.6982
vn 0.4046 -0.5904 0.6984
vn 0.1540 0.2873 -0.9454
vn 0.1551 0.2871 -0.9453
vn 0.1551 0.2872 -0.9452
vn 0.3234 -0.9429 0.0792
vn 0.2957 -0.9487 -0.1118
vn 0.0571 0.6318 0.7730
vn 0.0571 0.6319 0.7730
vn 0.0311 0.7711 0.6359
vn 0.0312 0.7711 0.6359
vn 0.0311 0.7712 0.6359
vn 0.0034 0.8805 0.4740
vn 0.0035 0.8805 0.4740
vn -0.0249 0.9556 0.2936
vn -0.0249 0.9555 0.2939
vn -0.0252 0.9556 0.2936
vn -0.0527 0.9934 0.1020
vn -0.0527 0.9934 0.1019
vn -0.0790 0.9925 -0.0933
vn -0.1027 0.9532 -0.2844
vn -0.1026 0.9532 -0.2844
vn -0.1228 0.8773 -0.4639
vn -0.1228 0.8773 -0.4640
vn -0.1387 0.7682 -0.6250
vn -0.1387 0.7681 -0.6251
vn -0.1387 0.7682 -0.6251
vn -0.1390 0.7682 -0.6250
vn -0.1498 0.6301 -0.7619
vn -0.1496 0.6298 -0.7623
vn -0.1498 0.6302 -0.7619
vn -0.1555 0.4689 -0.8695
vn -0.1557 0.4685 -0.8696
vn -0.1559 0.4686 -0.8695
vn -0.1562 0.2894 -0.9444
vn -0.1568 0.2893 -0.9443
vn -0.1553 0.2893 -0.9445
vn -0.1514 0.0992 -0.9835
vn -0.1510 0.0992 -0.9835
vn -0.1413 -0.0951 -0.9854
vn -0.1413 -0.0952 -0.9854
vn -0.1263 -0.2864 -0.9497
vn -0.1262 -0.2864 -0.9498
vn -0.1070 -0.4674 -0.8776
vn -0.1069 -0.4674 -0.8776
vn -0.1070 -0.4674 -0.8775
vn -0.0840 -0.6310 -0.7713
vn -0.0839 -0.6310 -0.7713
vn -0.0841 -0.6310 -0.7712
vn -0.0581 -0.7705 -0.6348
vn -0.0581 -0.7705 -0.6347
vn -0.0583 -0.7705 -0.6347
vn -0.0580 -0.7706 -0.6347
vn -0.0305 -0.8804 -0.4732
vn -0.0305 -0.8804 -0.4733
vn -0.0305 -0.8801 -0.4737
vn -0.0021 -0.9561 -0.2931
vn -0.0022 -0.9561 -0.2931
vn 0.0258 -0.9945 -0.1011
vn 0.0254 -0.9945 -0.1015
vn 0.0258 -0.9945 -0.1015
vn 0.0257 -0.9945 -0.1015
vn 0.0521 -0.9942 0.0939
vn 0.0521 -0.9942 0.0938
vn 0.0760 -0.9554 0.2854
vn 0.0759 -0.9554 0.2854
vn 0.0759 -0.9554 0.2855
vn 0.0962 -0.8798 0.4655
vn 0.0962 -0.8799 0.4653
vn 0.1126 -0.7706 0.6273
vn 0.1122 -0.7705 0.6275
vn 0.1122 -0.7707 0.6273
vn 0.1122 -0.7706 0.6273
vn 0.1239 -0.6323 0.7647
vn 0.1235 -0.6323 0.7648
vn 0.1234 -0.6324 0.7648
vn 0.1234 -0.6324 0.7647
vn 0.1237 -0.6324 0.7647
vn 0.1294 -0.4703 0.8730
vn 0.1295 -0.4699 0.8732
vn 0.1300 -0.2905 0.9480
vn 0.1299 -0.2905 0.9480
vn 0.1299 -0.2902 0.9481
vn 0.1293 -0.2905 0.9481
vn 0.1250 -0.0996 0.9871
vn 0.1251 -0.0996 0.9871
vn 0.1149 0.0953 0.9888
vn 0.1149 0.0954 0.9888
vn 0.1148 0.0953 0.9888
vn 0.0997 0.2871 0.9527
vn 0.0998 0.2871 0.9527
vn 0.0000 0.9802 0.1982
vn 0.0000 0.9802 0.1981
vn 0.0000 0.9227 0.3855
vn 0.0000 -1.0000 -0.0031
vn 0.0000 -1.0000 -0.0030
vn -0.0000 -0.9802 -0.1980
vn 0.0000 -0.9802 -0.1982
vn 0.0000 -0.9227 -0.3855
vn -0.0571 0.6318 0.7730
vn -0.0571 0.6319 0.7730
vn -0.0312 0.7711 0.6359
vn -0.0327 0.7623 0.6464
vn -0.0310 0.7712 0.6359
vn -0.0311 0.7712 0.6358
vn -0.0311 0.7711 0.6359
vn -0.0035 0.8805 0.4740
vn 0.0249 0.9556 0.2936
vn 0.0249 0.9556 0.2935
vn 0.0240 0.9556 0.2936
vn 0.0527 0.9934 0.1019
vn 0.0527 0.9934 0.1020
vn 0.0790 0.9925 -0.0933
vn 0.1027 0.9532 -0.2844
vn 0.1026 0.9532 -0.2844
vn 0.1228 0.8773 -0.4639
vn 0.1387 0.7681 -0.6251
vn 0.1387 0.7682 -0.6250
vn 0.1387 0.7682 -0.6251
vn 0.1498 0.6301 -0.7619
vn 0.1557 0.4685 -0.8696
vn 0.1558 0.4685 -0.8696
vn 0.1491 0.2899 -0.9454
vn 0.1562 0.2894 -0.9444
vn 0.1577 0.2893 -0.9441
vn 0.1514 0.0992 -0.9835
vn 0.1510 0.0992 -0.9835
vn 0.1511 0.0994 -0.9835
vn 0.1413 -0.0951 -0.9854
vn 0.1413 -0.0952 -0.9854
vn 0.1263 -0.2864 -0.9497
vn 0.1262 -0.2864 -0.9498
vn 0.1263 -0.2864 -0.9498
vn 0.1070 -0.4674 -0.8776
vn 0.1070 -0.4674 -0.8775
vn 0.1069 -0.4674 -0.8776
vn 0.0839 -0.6310 -0.7712
vn 0.0839 -0.6309 -0.7713
vn 0.0839 -0.6310 -0.7713
vn 0.0841 -0.6310 -0.7713
vn 0.0840 -0.6310 -0.7712
vn 0.0581 -0.7705 -0.6348
vn 0.0581 -0.7705 -0.6347
vn 0.0581 -0.7706 -0.6346
vn 0.0583 -0.7705 -0.6347
vn 0.0305 -0.8804 -0.4733
vn 0.0305 -0.8804 -0.4732
vn 0.0306 -0.8805 -0.4730
vn 0.0021 -0.9561 -0.2931
vn 0.0029 -0.9561 -0.2931
vn -0.0258 -0.9945 -0.1016
vn -0.0258 -0.9945 -0.1015
vn -0.0257 -0.9945 -0.1015
vn -0.0521 -0.9942 0.0939
vn -0.0759 -0.9554 0.2854
vn -0.0962 -0.8798 0.4655
vn -0.1122 -0.7707 0.6273
vn -0.1122 -0.7706 0.6273
vn -0.1123 -0.7707 0.6273
vn -0.1235 -0.6324 0.7648
vn -0.1234 -0.6324 0.7648
vn -0.1234 -0.6324 0.7647
vn -0.1294 -0.4703 0.8730
vn -0.1299 -0.2905 0.9480
vn -0.1300 -0.2905 0.9480
vn -0.1250 -0.0996 0.9871
vn -0.1256 -0.0996 0.9871
vn -0.1149 0.0953 0.9888
vn -0.1149 0.0954 0.9888
vn -0.0997 0.2871 0.9527
vn -0.0998 0.2871 0.9527
vn 0.0000 -0.6917 0.7222
vn 0.0000 -0.6916 0.7222
vn -0.3099 0.4881 0.8159
vn 0.3086 -0.5113 -0.8021
vn 0.3086 -0.5112 -0.8021
vn 0.3221 -0.3517 -0.8789
vn -0.3215 0.3700 0.8716
vn -0.1874 -0.6988 -0.6904
vn 0.1883 0.7021 0.6868
vn 0.1708 0.5558 0.8136
vn -0.1690 -0.5472 -0.8198
vn -0.1690 -0.5471 -0.8198
vn 0.3475 -0.1766 -0.9209
vn -0.3475 0.1856 0.9191
vn 0.3649 0.0028 -0.9310
vn -0.3649 -0.0028 0.9310
vn 0.2302 0.9044 0.3593
vn -0.2302 -0.9044 -0.3593
vn 0.2076 0.8204 0.5328
vn -0.2076 -0.8204 -0.5328
vn -0.3738 -0.1800 0.9099
vn 0.3738 0.1800 -0.9099
vn 0.2552 0.9511 0.1739
vn 0.2551 0.9511 0.1739
vn -0.2552 -0.9511 -0.1739
vn 0.3735 0.5088 -0.7756
vn 0.3735 0.5088 -0.7757
vn -0.3735 -0.5088 0.7756
vn 0.3767 0.3503 -0.8576
vn -0.3767 -0.3503 0.8576
vn 0.2812 0.9595 -0.0153
vn -0.2812 -0.9595 0.0153
vn 0.3068 0.9304 -0.2005
vn -0.3068 -0.9304 0.2005
vn 0.3496 0.7718 -0.5312
vn -0.3496 -0.7717 0.5312
vn 0.3644 0.6509 -0.6660
vn -0.3644 -0.6509 0.6660
vn 0.3301 0.8665 -0.3745
vn -0.3301 -0.8665 0.3745
vn -0.1300 -0.1976 0.9716
vn 0.1306 0.2081 -0.9693
vn 0.1306 0.2080 -0.9694
vn -0.2626 -0.8106 -0.5235
vn -0.2626 -0.8105 -0.5235
vn 0.2626 0.8106 0.5235
vn 0.2354 0.9043 0.3562
vn 0.2354 0.9043 0.3561
vn -0.2354 -0.9043 -0.3562
vn -0.2354 -0.9043 -0.3561
vn -0.1354 -0.5411 0.8300
vn -0.1354 -0.5413 0.8299
vn -0.1354 -0.5412 0.8299
vn -0.1354 -0.5414 0.8298
vn -0.1354 -0.5415 0.8298
vn 0.1354 0.5414 -0.8298
vn 0.1354 0.5412 -0.8299
vn -0.3184 -0.5345 -0.7829
vn -0.3184 -0.5344 -0.7830
vn -0.3184 -0.5344 -0.7829
vn -0.2908 -0.6853 -0.6676
vn -0.2934 -0.6316 -0.7176
vn 0.2908 0.6853 0.6676
vn 0.3137 0.6714 0.6714
vn -0.1841 0.6810 0.7088
vn -0.1843 0.6809 0.7088
vn 0.1842 -0.6810 -0.7087
vn 0.1841 -0.6810 -0.7088
vn -0.3434 -0.3648 -0.8655
vn 0.3434 0.3648 0.8655
vn -0.3642 -0.1833 -0.9131
vn 0.3642 0.1834 0.9131
vn 0.3642 0.1833 0.9131
vn -0.1399 -0.6898 0.7103
vn 0.1399 0.6898 -0.7104
vn -0.1379 -0.0092 0.9904
vn 0.1379 0.0109 -0.9904
vn 0.1379 0.0108 -0.9904
vn -0.1450 0.1805 0.9728
vn -0.1450 0.1804 0.9728
vn 0.1450 -0.1805 -0.9728
vn -0.1676 0.5326 0.8296
vn 0.1676 -0.5326 -0.8296
vn -0.2044 0.8023 0.5609
vn 0.2044 -0.8022 -0.5609
vn -0.1546 0.3634 0.9187
vn 0.1546 -0.3635 -0.9187
vn -0.2282 0.8912 0.3919
vn 0.2282 -0.8913 -0.3919
vn 0.2282 -0.8912 -0.3919
vn -0.3795 0.0028 -0.9252
vn 0.3795 -0.0027 0.9252
vn -0.1513 0.8349 -0.5293
vn -0.1513 0.8349 -0.5292
vn 0.1513 -0.8349 0.5292
vn 0.1607 -0.9213 0.3542
vn 0.1606 -0.9213 0.3542
vn -0.1607 0.9212 -0.3542
vn -0.1607 0.9212 -0.3543
vn 0.1449 -0.7145 0.6845
vn -0.1449 0.7144 -0.6845
vn -0.1894 0.9816 0.0254
vn 0.1894 -0.9816 -0.0254
vn 0.1733 -0.9706 0.1668
vn 0.1733 -0.9706 0.1669
vn -0.1733 0.9706 -0.1669
vn -0.1412 0.5646 -0.8132
vn -0.1412 0.5645 -0.8132
vn -0.1414 0.5646 -0.8132
vn -0.1413 0.5647 -0.8131
vn -0.1412 0.5645 -0.8133
vn 0.1412 -0.5645 0.8132
vn 0.1412 -0.5646 0.8132
vn -0.1405 0.3841 -0.9125
vn -0.1408 0.3845 -0.9123
vn -0.1405 0.3840 -0.9126
vn 0.1405 -0.3841 0.9126
vn 0.2317 -0.8898 -0.3931
vn 0.2316 -0.8899 -0.3930
vn -0.2317 0.8899 0.3931
vn -0.2317 0.8899 0.3930
vn 0.2090 -0.9541 -0.2145
vn 0.2089 -0.9542 -0.2141
vn 0.2091 -0.9541 -0.2145
vn -0.2089 0.9541 0.2145
vn 0.1418 -0.5595 0.8166
vn 0.1419 -0.5591 0.8169
vn 0.1419 -0.5589 0.8170
vn 0.1415 -0.1932 0.9709
vn -0.1415 0.1932 -0.9709
vn 0.1450 0.0052 0.9894
vn -0.1450 -0.0052 -0.9894
vn -0.1450 -0.0051 -0.9894
vn -0.2825 0.6656 0.6908
vn -0.2825 0.6655 0.6909
vn -0.2825 0.6655 0.6908
vn 0.2837 -0.6617 -0.6940
vn 0.2564 -0.6681 -0.6985
vn 0.2566 -0.7921 -0.5539
vn -0.2566 0.7920 0.5539
vn 0.1511 0.2024 0.9676
vn 0.1511 0.2025 0.9676
vn -0.1511 -0.2025 -0.9676
vn -0.1511 -0.2025 -0.9675
vn 0.1549 0.3904 0.9075
vn 0.1549 0.3903 0.9075
vn -0.1571 -0.4028 -0.9017
vn -0.3361 0.8766 -0.3443
vn 0.3370 -0.8671 0.3667
vn 0.3370 -0.8672 0.3667
vn -0.3906 0.3631 -0.8459
vn 0.3906 -0.3631 0.8459
vn -0.3496 0.7897 -0.5041
vn 0.3494 -0.7977 0.4916
vn -0.2107 -0.9622 -0.1725
vn 0.2107 0.9622 0.1726
vn 0.2107 0.9622 0.1725
vn -0.1893 -0.9817 0.0197
vn -0.1893 -0.9817 0.0193
vn 0.1893 0.9817 -0.0196
vn 0.1893 0.9817 -0.0194
vn 0.1893 0.9817 -0.0193
vn -0.1717 -0.9622 0.2114
vn 0.1717 0.9622 -0.2114
vn -0.1578 -0.9049 0.3953
vn 0.1578 0.9049 -0.3953
vn -0.3717 0.6697 -0.6429
vn -0.3718 0.6697 -0.6429
vn 0.3719 -0.6753 0.6369
vn -0.3859 0.5255 -0.7582
vn 0.3859 -0.5255 0.7582
vn -0.3885 0.1869 -0.9023
vn 0.3885 -0.1870 0.9023
vn -0.1336 -0.3731 0.9181
vn -0.1352 -0.3846 0.9131
vn -0.1329 -0.3713 0.9189
vn 0.1325 0.3626 -0.9225
vn 0.1461 0.3906 -0.9089
vn 0.1308 0.3523 -0.9267
vn -0.3104 0.9359 -0.1666
vn 0.3104 -0.9359 0.1666
vn -0.2827 0.9590 0.0203
vn 0.2827 -0.9590 -0.0203
vn -0.2547 0.9441 0.2092
vn 0.2547 -0.9441 -0.2091
vn 0.2547 -0.9441 -0.2092
vn -0.1473 -0.8127 0.5637
vn 0.1472 0.8127 -0.5638
vn 0.1473 0.8127 -0.5638
vn 0.1473 0.8127 -0.5637
vn 0.0802 0.4683 0.8799
vn -0.0802 0.4683 0.8799
vn 0.6344 0.0230 -0.7727
vn 0.6360 0.0232 -0.7713
vn 0.6343 0.0231 -0.7727
vn 0.6362 0.0232 -0.7712
vn 0.7730 0.0189 -0.6341
vn 0.7730 0.0190 -0.6341
vn 0.7731 0.0190 -0.6341
vn 0.8819 0.0141 -0.4712
vn 0.9569 0.0087 -0.2901
vn 0.9952 0.0029 -0.0980
vn 0.9952 -0.0029 0.0980
vn 0.9569 -0.0087 0.2901
vn 0.8819 -0.0141 0.4712
vn 0.7730 -0.0190 0.6341
vn 0.6343 -0.0231 0.7727
vn 0.4714 -0.0264 0.8815
vn 0.0981 -0.0298 0.9947
vn -0.0980 -0.0298 0.9947
vn -0.0977 -0.0298 0.9948
vn -0.0980 -0.0297 0.9947
vn -0.2903 -0.0286 0.9565
vn -0.4714 -0.0264 0.8815
vn -0.4715 -0.0264 0.8815
vn -0.6343 -0.0231 0.7727
vn -0.7730 -0.0190 0.6341
vn -0.8819 -0.0141 0.4712
vn -0.9569 -0.0087 0.2901
vn -0.9952 -0.0029 0.0980
vn -0.9569 0.0087 -0.2901
vn -0.8819 0.0141 -0.4712
vn -0.7730 0.0190 -0.6341
vn -0.7730 0.0189 -0.6341
vn -0.7731 0.0190 -0.6340
vn -0.6359 0.0232 -0.7714
vn -0.6344 0.0231 -0.7727
vn -0.6343 0.0232 -0.7727
vn -0.6362 0.0232 -0.7712
vn 0.0000 -0.9996 -0.0299
vn 0.0000 -0.9996 -0.0300
vn 0.0001 -0.9995 -0.0300
vn 0.0001 -0.9996 -0.0298
vn 0.0001 -0.9996 -0.0299
vn -0.0001 -0.9996 -0.0299
vn 0.0002 -0.9996 -0.0298
vn -0.1032 0.9479 -0.3013
vn 0.6186 0.1177 -0.7769
vn 0.9919 0.0706 -0.1059
vn 0.4583 0.8888 0.0000
vn -0.2481 0.8448 -0.4741
vn 0.4138 0.8671 0.2775
vn -0.1449 0.9894 0.0000
vn 0.2917 0.8843 0.3646
vn -0.2950 0.8464 0.4434
vn 0.9157 0.3595 -0.1798
vn -0.5657 0.1023 -0.8182
vn -0.0398 0.9836 0.1758
vn -0.2371 0.9627 -0.1307
vn -0.2002 0.9684 -0.1490
vn 0.0519 0.9082 -0.4152
vn -0.0545 0.8985 -0.4356
vn -0.4392 0.8716 -0.2179
vn -0.0001 0.9996 0.0298
vn 0.2604 0.9655 0.0000
vn -0.7608 0.6026 0.2410
vn -0.0001 0.9996 0.0299
vn -0.0726 0.6761 0.7333
vn 0.0000 0.9531 -0.3027
vn -0.4042 0.8587 0.3151
vn -0.2962 0.8817 0.3674
vn 0.2672 0.7665 0.5840
vn 0.1166 0.8637 -0.4903
vn 0.0000 0.3511 0.9363
vn 0.0001 0.9996 0.0298
vn -0.2575 0.9635 0.0730
vn 0.2408 0.8681 -0.4341
vn 0.0000 0.9995 0.0300
vn 0.0001 0.9996 0.0300
vn -0.0001 0.9996 0.0300
vn -0.0000 0.9996 0.0298
vn 0.0003 0.9996 0.0299
vn 0.0001 0.9996 0.0299
vn -0.0001 0.9995 0.0301
vn 0.0001 0.9995 0.0301
vn -0.9952 -0.0035 0.0975
vn -0.0981 -0.0298 0.9947
vn 0.9569 -0.0087 0.2902
vn -0.2902 -0.0286 0.9565
vn 0.6346 0.0231 -0.7725
vn 0.6344 0.0231 -0.7727
vn 0.6344 0.0231 -0.7726
vn 0.9975 0.0000 -0.0703
vn 0.9829 0.0000 -0.1843
vn 0.9952 0.0029 -0.0979
vn -0.0000 -0.9995 -0.0300
vn -0.0001 -0.9996 -0.0298
vn -0.0001 -0.9995 -0.0300
vn 0.0000 -0.9996 -0.0298
vn 0.0002 -0.9996 -0.0296
vn -0.0002 -0.9996 -0.0298
vn -0.0003 -0.9996 -0.0297
vn -0.0001 -0.9996 -0.0300
vn -0.0001 -0.9995 -0.0301
vn 0.0001 -0.9995 -0.0301
vn -0.0003 -0.9996 -0.0299
vn -0.0004 0.9996 0.0298
vn -0.0002 0.9996 0.0299
vn 0.0002 0.9996 0.0299
vn 0.0003 0.9996 0.0297
vn 0.0002 0.9995 0.0300
vn -0.0002 0.9995 0.0300
vn 0.0000 0.9995 0.0302
vn -0.0000 0.9995 0.0301
vn 0.9697 -0.0087 0.2442
vn -0.6262 0.0253 -0.7793
vn -0.4715 -0.0263 0.8815
vn -0.4715 -0.0261 0.8815
vn 0.5362 0.0261 -0.8437
vn 0.8194 0.0329 -0.5723
vn 0.6341 -0.0235 0.7729
vn 0.6407 -0.0229 0.7674
vn 0.6406 -0.0230 0.7675
vn -0.0983 0.0298 -0.9947
vn 0.4715 -0.0264 0.8815
vn 0.4715 -0.0261 0.8815
vn 0.9759 -0.1897 -0.1075
vn -0.8818 0.0141 -0.4714
vn -0.7727 -0.0190 0.6344
vn -0.7729 -0.0190 0.6342
vn 0.7727 -0.0190 0.6344
vn -0.2904 0.0286 -0.9565
vn -0.8209 -0.0194 0.5707
vn 0.9570 0.0087 -0.2901
vn 0.9503 -0.3015 -0.0779
vn -0.9952 0.0029 -0.0979
vn -0.9895 -0.0029 -0.1447
vn 0.0983 0.0298 -0.9947
vn -0.9570 0.0087 -0.2901
vn -0.9650 -0.1639 -0.2049
vn -0.6343 0.0231 -0.7727
vn 0.8397 -0.0184 0.5428
vn 0.2904 0.0286 -0.9565
vn 0.1925 -0.5458 -0.8155
vn 0.9653 0.0078 -0.2609
vn -0.6344 -0.0231 0.7726
vn -0.4715 0.0264 -0.8815
vn 0.8818 0.0141 -0.4714
vn -0.9952 -0.0029 0.0979
vn 0.8701 -0.4846 -0.0905
vn 0.8700 -0.4846 -0.0906
vn 0.0000 -0.2830 -0.9591
vn 0.2538 -0.4771 -0.8414
vn 0.3124 -0.5700 -0.7599
vn 0.7710 -0.4895 0.4072
vn 0.7710 -0.4896 0.4072
vn 0.7196 -0.0141 0.6942
vn 0.8366 -0.4880 0.2489
vn 0.5546 -0.4922 0.6709
vn 0.0053 -0.9998 -0.0183
vn -0.8366 -0.4880 0.2489
vn 0.0000 -0.9990 0.0446
vn -0.7711 -0.4895 0.4072
vn -0.7710 -0.4895 0.4073
vn -0.7871 -0.6168 0.0000
vn 0.0000 -0.5083 -0.8612
vn -0.3253 -0.4344 -0.8399
vn -0.3186 -0.7402 -0.5921
vn -0.8701 -0.4846 -0.0905
vn -0.8646 -0.4913 -0.1053
vn -0.6758 -0.4799 -0.5595
vn 0.0000 -0.4472 0.8944
vn 0.0857 -0.4767 -0.8749
vn 0.0000 -0.5360 -0.8442
vn 0.0579 -0.2946 -0.9539
vn 0.0000 -0.6000 -0.8000
vn 0.5546 -0.4787 -0.6806
vn 0.0000 -0.4279 -0.9038
vn -0.4121 -0.4777 -0.7758
vn -0.5498 -0.5501 -0.6286
vn 0.0000 -0.8321 -0.5547
vn 0.8366 -0.4829 -0.2586
vn 0.7711 -0.4813 -0.4169
vn 0.7710 -0.4813 -0.4169
vn 0.4121 -0.4931 0.7662
vn 0.1557 -0.5927 0.7902
vn -0.7710 -0.4813 -0.4170
vn -0.8701 -0.4863 0.0808
vn -0.7129 -0.4959 0.4959
vn -0.8807 -0.4654 0.0886
vn 0.4121 -0.4777 -0.7758
vn 0.3543 -0.1160 -0.9279
vn -0.5735 -0.4915 -0.6554
vn -0.6223 -0.4149 -0.6638
vn -0.5574 -0.4400 -0.7041
vn -0.0049 -0.2955 -0.9553
vn -0.0857 -0.4767 -0.8749
vn -0.0624 -0.4313 -0.9001
vn -0.8366 -0.4829 -0.2586
vn 0.2344 -0.8695 0.4348
vn 0.0000 -0.9999 -0.0102
vn -0.0000 -0.9999 -0.0100
vn 0.0000 -1.0000 -0.0100
vn -0.0000 -1.0000 -0.0099
vn -0.0001 -0.9999 -0.0100
vn -0.0001 -1.0000 -0.0095
vn 0.0000 -0.9999 -0.0101
vn -0.0003 -1.0000 -0.0098
vn 0.0001 -0.9999 -0.0100
vn -0.0002 -0.9999 -0.0101
vn -0.0002 -0.9999 -0.0104
vn 0.9952 0.0010 -0.0979
vn -0.8819 -0.0047 0.4713
vn -0.8819 0.0047 -0.4713
vn -0.9999 0.0156 0.0000
vn -0.9569 -0.0029 0.2902
vn 0.7730 -0.0063 0.6343
vn -0.0001 0.9999 0.0100
vn -0.0000 1.0000 0.0100
vn -0.0000 0.9999 0.0100
vn 0.0000 1.0000 0.0099
vn -0.0001 1.0000 0.0098
vn 0.0001 1.0000 0.0098
vn 0.0001 0.9999 0.0100
vn 0.0001 0.9999 0.0101
vn 0.0001 1.0000 0.0100
vn -0.0000 0.9999 0.0102
vn 0.0000 1.0000 0.0098
vn 0.0000 0.9999 0.0101
vn -0.0004 1.0000 0.0096
vn -0.0002 0.9999 0.0102
vn 0.0004 1.0000 0.0098
vn 0.0002 0.9999 0.0102
vn 0.8700 0.4846 0.0906
vn 0.8701 0.4846 0.0905
vn 0.0000 0.7630 0.6464
vn 0.2538 0.4771 0.8414
vn 0.4985 0.8669 0.0000
vn 0.7710 0.4895 -0.4072
vn 0.7710 0.4895 -0.4073
vn 0.8347 0.5443 -0.0833
vn 0.8366 0.4880 -0.2489
vn 0.5546 0.4922 -0.6709
vn 0.0035 0.7071 -0.7071
vn -0.8366 0.4880 -0.2489
vn 0.0000 0.9996 -0.0298
vn -0.7710 0.4895 -0.4073
vn 0.1527 0.8581 -0.4903
vn -0.3193 0.4674 0.8244
vn -0.3373 0.4615 0.8205
vn -0.8701 0.4846 0.0905
vn -0.8646 0.4913 0.1053
vn -0.6758 0.4799 0.5594
vn -0.6758 0.4799 0.5595
vn 0.0000 0.3768 -0.9263
vn 0.0000 0.5360 0.8442
vn 0.0857 0.4767 0.8749
vn 0.0000 0.7071 0.7071
vn 0.0000 0.6000 0.8000
vn 0.5546 0.4787 0.6806
vn 0.0000 0.5076 0.8616
vn 0.0000 0.3670 0.9302
vn -0.4121 0.4777 0.7758
vn 0.0000 0.7809 0.6247
vn -0.2921 0.5738 0.7651
vn 0.8366 0.4829 0.2586
vn 0.7710 0.4813 0.4169
vn 0.7710 0.4813 0.4171
vn 0.4121 0.4931 -0.7662
vn 0.2451 0.8859 -0.3938
vn -0.7711 0.4813 0.4169
vn -0.8701 0.4863 -0.0808
vn -0.7343 0.4470 -0.5108
vn -0.8715 0.4825 -0.0877
vn 0.4121 0.4777 0.7758
vn 0.7300 0.6835 0.0000
vn -0.5546 0.4787 0.6806
vn -0.5546 0.4787 0.6807
vn -0.7214 0.6925 0.0000
vn -0.5501 0.4632 0.6948
vn -0.0857 0.4767 0.8749
vn -0.0611 0.3376 0.9393
vn -0.8366 0.4829 0.2586
vn -0.7356 -0.6774 0.0000
vn 0.0001 0.9999 0.0102
vn 0.0010 1.0000 0.0086
vn -0.0002 1.0000 0.0095
vn 0.0001 0.9999 0.0105
vn -0.0000 1.0000 0.0082
vn 0.0000 0.9999 0.0103
vn -0.0001 1.0000 0.0095
vn -0.0000 1.0000 0.0097
vn -0.0001 1.0000 0.0099
vn -0.0002 0.9999 0.0104
vn 0.9952 -0.0010 0.0979
vn -0.8819 0.0047 -0.4715
vn -0.6343 -0.0077 0.7730
vn 0.7730 0.0063 -0.6343
vn 0.0004 -1.0000 -0.0098
vn -0.0001 -1.0000 -0.0100
vn -0.0004 -1.0000 -0.0096
vn -0.0001 -0.9999 -0.0101
vn 0.0000 -1.0000 -0.0098
vn 0.0001 -1.0000 -0.0100
vn 0.0001 -0.9999 -0.0101
vn -0.0005 -1.0000 -0.0098
vn -0.0001 -1.0000 -0.0098
vn 0.0001 -1.0000 -0.0099
vn 0.0000 0.7831 0.6219
vn -0.0000 0.8139 -0.5810
vn -0.0003 0.7831 0.6220
vn 0.0000 0.8140 -0.5809
vn -0.0309 -0.9944 0.1007
vn -0.0701 -0.8785 0.4726
vn -0.0836 -0.7685 0.6344
vn -0.0941 -0.2864 0.9535
vn -0.0873 -0.0948 0.9917
vn -0.0391 0.4734 0.8800
vn -0.0157 0.6365 0.7711
vn 0.0098 0.7747 0.6322
vn 0.0894 0.9915 0.0948
vn 0.1516 0.8705 -0.4683
vn 0.1647 0.7607 -0.6279
vn 0.1568 -0.0995 -0.9826
vn 0.1212 -0.4704 -0.8741
vn 1.0000 -0.0001 0.0000
vn 1.0000 0.0001 0.0000
vn 0.0730 -0.7727 -0.6305
vn -0.0867 0.6299 -0.7718
vn -0.1272 0.0945 -0.9874
vn 0.1306 0.9864 -0.1000
vn 0.1031 0.9901 0.0947
vn 0.0423 0.8824 0.4685
vn -0.0182 0.6364 0.7711
vn -0.0451 0.4734 0.8797
vn -0.1007 -0.0947 0.9904
vn -0.0077 -0.9954 -0.0953
vn 0.0224 -0.9575 -0.2875
vn 0.8853 -0.2179 -0.4107
vn 0.0005 0.9568 -0.2907
vn -0.0002 -0.9312 0.3645
vn -0.1417 -0.8862 0.4411
vn 0.1629 0.8282 -0.5363
vn 0.3802 0.4337 0.8169
vn -0.0194 -0.9576 -0.2875
vn 0.0309 -0.9944 0.1008
vn 0.0873 -0.0949 0.9917
vn 0.0391 0.4735 0.8799
vn -0.0098 0.7748 0.6322
vn -0.0366 0.8827 0.4686
vn -0.1765 0.4615 -0.8694
vn -0.1682 0.0938 -0.9813
vn -0.1568 -0.0995 -0.9826
vn -0.1410 -0.2901 -0.9466
vn -1.0000 -0.0001 0.0000
vn -1.0000 0.0001 0.0000
vn 0.0867 0.6299 -0.7718
vn 0.1272 0.0945 -0.9874
vn -0.1133 -0.6325 -0.7663
vn -0.2028 0.4591 -0.8649
vn -0.1894 0.7573 -0.6250
vn -0.1744 0.8671 -0.4666
vn 0.0182 0.6365 0.7711
vn 0.0077 -0.9954 -0.0953
vn -0.0535 -0.8820 -0.4682
vn 0.9839 -0.0838 -0.1577
vn -0.0005 0.9568 -0.2907
vn 0.0003 -0.9312 0.3644
vn 0.9839 -0.0836 -0.1578
vn 0.1417 -0.8862 0.4411
vn -0.2355 0.8777 -0.4174
vn -0.0390 -0.9794 -0.1979
vn -0.1314 -0.8259 0.5483
vn -0.1566 -0.3807 0.9114
vn -0.1172 0.3773 0.9186
vn 0.0394 0.9992 0.0031
vn 0.0646 0.9793 -0.1917
vn 0.1186 0.7043 -0.7000
vn 0.1272 0.5535 -0.8231
vn 0.0693 -0.5518 -0.8311
vn 0.0390 -0.9794 -0.1979
vn 0.0663 -0.9978 -0.0030
vn 0.1133 -0.9191 0.3775
vn 0.1314 -0.8259 0.5482
vn 0.1544 -0.1957 0.9684
vn -0.0646 0.9793 -0.1918
vn -0.0867 0.9215 -0.3785
vn -0.1050 0.8285 -0.5500
vn -0.1186 0.7042 -0.7000
vn -0.1272 0.5536 -0.8230
vn -0.1304 0.3821 -0.9149
vn -0.2453 -0.1477 0.9581
vn 0.2563 -0.1472 0.9553
vn 0.0000 0.3854 -0.9227
vn 0.0000 -0.8331 0.5531
vn 0.0000 -0.9251 0.3798
vn 0.0000 0.2956 -0.9553
vn 0.9931 -0.0122 0.1163
vn -0.9997 -0.0001 0.0263
vn 0.2475 -0.2885 0.9249
vn -0.2379 -0.2887 0.9274
vn -0.5967 0.8024 0.0128
vn 0.5961 0.7997 -0.0719
vn 0.2397 -0.6905 -0.6825
vn -0.7980 0.5589 -0.2255
vn -0.7354 0.5634 -0.3764
vn 0.7355 0.5634 -0.3764
vn 0.7980 0.5589 -0.2254
vn 0.8701 -0.4863 0.0808
vn -0.2580 0.4495 0.8552
vn -0.6872 0.4524 0.5685
vn -0.5639 0.4649 -0.6826
vn -0.0872 0.4669 -0.8800
vn 0.5640 0.4512 0.6917
vn 0.2580 0.4495 0.8552
vn -0.0871 0.4492 0.8892
vn -0.5640 0.4511 0.6917
vn -0.6871 0.4637 -0.5593
vn 0.5640 0.4649 -0.6825
vn -0.4190 0.4658 -0.7794
vn 0.0872 0.4669 -0.8800
vn 0.4191 0.4659 -0.7793
vn 0.4190 0.4502 0.7885
vn 0.8701 0.4863 -0.0809
vn -0.2580 -0.4495 -0.8552
vn -0.6872 -0.4524 -0.5685
vn -0.5639 -0.4649 0.6826
vn -0.0872 -0.4669 0.8800
vn 0.8507 -0.4554 -0.2626
vn 0.5640 -0.4512 -0.6917
vn 0.8507 -0.4606 0.2535
vn 0.2581 -0.4495 -0.8552
vn -0.0871 -0.4492 -0.8892
vn -0.5640 -0.4511 -0.6917
vn -0.6871 -0.4637 0.5593
vn 0.5639 -0.4649 0.6825
vn -0.4191 -0.4658 0.7793
vn 0.0872 -0.4669 0.8800
vn 0.4191 -0.4659 0.7793
vn 0.6871 -0.4524 -0.5685
vn 0.7839 -0.4622 0.4145
vn 0.4190 -0.4502 -0.7885
vn 0.7839 -0.4538 -0.4237
vn 0.1770 -0.9842 -0.0065
vn -0.0001 -1.0000 -0.0066
vn 0.0001 -1.0000 -0.0066
vn -0.0693 -0.8812 -0.4677
vn -0.0692 -0.8811 -0.4678
vn -0.0689 -0.8814 -0.4674
vn -0.0692 -0.8813 -0.4674
vn -0.0693 -0.8812 -0.4676
vn -0.0693 -0.8811 -0.4679
vn -0.0693 -0.8810 -0.4681
vn 0.1171 -0.9724 -0.2017
vn -0.0446 -0.9568 -0.2875
vn 0.4965 -0.7222 -0.4815
vn 0.5169 -0.3259 -0.7916
vn -0.0177 -0.9953 -0.0952
vn -0.0176 -0.9953 -0.0950
vn 0.2768 -0.9380 -0.2085
vn 0.1743 -0.9826 0.0634
vn 0.0106 -0.9948 0.1008
vn -0.2939 -0.8549 0.4275
vn 0.0662 -0.8786 0.4730
vn 0.0662 -0.8782 0.4737
vn 0.0912 -0.7680 0.6339
vn 0.1133 -0.6282 0.7698
vn 0.1134 -0.6281 0.7698
vn 0.1134 -0.6282 0.7698
vn 0.1131 -0.6281 0.7698
vn 0.1312 -0.4648 0.8756
vn 0.1313 -0.4651 0.8755
vn 0.1313 -0.4649 0.8756
vn 0.0843 -0.4777 0.8745
vn 0.0607 -0.4943 0.8672
vn 0.0000 -0.5039 0.8638
vn 0.1451 -0.2870 0.9469
vn 0.1464 -0.2852 0.9472
vn 0.1448 -0.2845 0.9477
vn 0.0000 -0.4763 0.8793
vn 0.1535 -0.0941 0.9837
vn 0.1535 -0.0940 0.9837
vn 0.1532 -0.0943 0.9837
vn 0.1540 -0.0940 0.9836
vn 0.1564 0.0995 0.9827
vn 0.1565 0.0996 0.9826
vn 0.1587 0.1004 0.9822
vn 0.1544 0.0988 0.9831
vn 0.1565 0.0995 0.9826
vn 0.1543 0.2894 0.9447
vn 0.1545 0.2895 0.9446
vn 0.1466 0.2657 0.9528
vn 0.1543 0.2893 0.9447
vn 0.1470 0.4687 0.8711
vn 0.1469 0.4687 0.8710
vn 0.1500 0.4928 0.8571
vn -0.0400 0.5995 0.7994
vn 0.1172 0.7694 0.6279
vn 0.1172 0.7695 0.6279
vn 0.1172 0.7695 0.6278
vn 0.1527 0.5599 0.8144
vn 0.0959 0.8792 0.4668
vn 0.0960 0.8791 0.4668
vn 0.0960 0.8792 0.4666
vn 0.0957 0.8797 0.4657
vn 0.0958 0.8796 0.4659
vn 0.0714 0.9553 0.2867
vn 0.0714 0.9553 0.2870
vn 0.0713 0.9553 0.2871
vn 0.0715 0.9553 0.2869
vn 0.0445 0.9945 0.0952
vn 0.0446 0.9945 0.0951
vn 0.0442 0.9947 0.0932
vn 0.0444 0.9945 0.0949
vn 0.0163 0.9948 -0.1009
vn -0.0907 -0.7715 -0.6297
vn -0.0906 -0.7716 -0.6296
vn -0.0907 -0.7717 -0.6295
vn -0.8881 -0.1347 -0.4394
vn -0.0603 -0.9731 0.2225
vn 0.9976 -0.0325 -0.0613
vn -0.8819 -0.0475 -0.4690
vn 0.1625 0.8139 -0.5579
vn 0.9975 -0.0337 -0.0627
vn -0.8654 0.0477 -0.4987
vn 0.9961 -0.0784 -0.0416
vn -0.8944 -0.2096 -0.3951
vn 0.9973 -0.0467 -0.0566
vn -0.8297 0.1605 -0.5346
vn 0.9981 -0.0288 -0.0543
vn -0.9060 -0.1984 -0.3740
vn -0.8876 -0.2159 -0.4069
vn 0.9969 -0.0609 -0.0497
vn 0.9978 -0.0309 -0.0582
vn 0.0692 -0.8812 -0.4676
vn 0.0692 -0.8811 -0.4677
vn 0.0693 -0.8812 -0.4677
vn 0.0695 -0.8810 -0.4679
vn -0.0323 -0.9409 -0.3371
vn 0.0446 -0.9568 -0.2872
vn 0.0176 -0.9953 -0.0951
vn 0.8768 -0.3401 0.3401
vn 0.0175 -0.9954 -0.0945
vn 0.0000 -0.9900 -0.1408
vn -0.0103 -0.9948 0.1008
vn -0.0106 -0.9949 0.1008
vn -0.2200 -0.9070 0.3592
vn 0.1492 -0.9181 0.3672
vn -0.0385 -0.9555 0.2926
vn -0.0389 -0.9554 0.2927
vn -0.0392 -0.9554 0.2928
vn -0.0664 -0.8786 0.4729
vn -0.4396 -0.3806 0.8136
vn -0.1138 -0.6282 0.7697
vn -0.1133 -0.6283 0.7697
vn -0.1134 -0.6282 0.7698
vn -0.1134 -0.6279 0.7700
vn 0.2491 -0.4983 0.8305
vn -0.1309 -0.4652 0.8755
vn -0.1299 -0.4654 0.8755
vn -0.1305 -0.4650 0.8756
vn -0.1448 -0.2846 0.9476
vn -0.1457 -0.2841 0.9477
vn -0.1448 -0.2845 0.9477
vn -0.1449 -0.2847 0.9476
vn -0.2689 -0.2420 0.9323
vn -0.1597 -0.2675 0.9502
vn -0.1536 -0.0940 0.9836
vn -0.1533 -0.0942 0.9837
vn -0.1564 0.0995 0.9827
vn 0.2425 0.0000 0.9701
vn -0.1545 0.2894 0.9447
vn -0.1544 0.2895 0.9446
vn -0.1544 0.2895 0.9447
vn 0.0000 0.2663 0.9639
vn -0.1469 0.4687 0.8710
vn -0.1470 0.4687 0.8711
vn -0.1344 0.6306 0.7644
vn -0.1345 0.6308 0.7642
vn -0.1173 0.7695 0.6277
vn -0.1172 0.7697 0.6275
vn -0.1172 0.7693 0.6281
vn -0.1171 0.7695 0.6279
vn -0.0958 0.8804 0.4644
vn -0.0959 0.8801 0.4650
vn -0.0714 0.9553 0.2868
vn -0.0714 0.9552 0.2871
vn -0.0712 0.9553 0.2869
vn -0.0713 0.9553 0.2870
vn -0.0445 0.9945 0.0950
vn -0.0445 0.9945 0.0953
vn -0.0442 0.9948 0.0923
vn -0.0444 0.9945 0.0949
vn -0.0163 0.9948 -0.1009
vn 0.1081 -0.6328 -0.7667
vn 0.1080 -0.6328 -0.7668
vn 0.1081 -0.6329 -0.7667
vn 0.1080 -0.6327 -0.7668
vn 0.1083 -0.6328 -0.7667
vn 0.1078 -0.6327 -0.7669
vn 0.0907 -0.7715 -0.6297
vn 0.0535 0.8820 0.4682
vn 0.8874 -0.2161 -0.4072
vn 0.0946 -0.9653 0.2436
vn -0.9976 -0.0325 -0.0613
vn -0.9975 -0.0334 -0.0629
vn 0.8938 -0.2102 -0.3961
vn -0.1625 0.8139 -0.5579
vn 0.9052 -0.1992 -0.3754
vn -0.9978 -0.0308 -0.0580
vn 0.8944 -0.2097 -0.3951
vn 0.9189 -0.1850 -0.3485
vn -0.9981 -0.0288 -0.0543
vn 0.9060 -0.1984 -0.3740
vn 0.8876 -0.2159 -0.4069
vn -0.9976 -0.0324 -0.0611
vn -0.9978 -0.0309 -0.0582
vn 0.0176 -0.8298 -0.5578
vn 0.0175 -0.8298 -0.5578
vn -0.0160 0.9233 0.3837
vn 0.0107 -0.9227 -0.3853
vn 0.0106 -0.9227 -0.3855
vn 0.0107 -0.9227 -0.3855
vn 0.0163 0.9226 0.3855
vn 0.0160 0.9242 0.3817
vn -0.0001 -0.9989 0.0473
vn 0.0000 -0.9989 0.0475
vn 0.0001 -0.9988 0.0488
vn 0.0001 -0.9989 0.0473
vn -0.0000 -0.9989 0.0470
vn -0.0010 -0.9989 0.0467
vn 0.0011 -0.9989 0.0462
vn -0.0007 -0.9989 0.0478
vn -0.0005 -0.9989 0.0465
vn -0.0006 -0.9989 0.0472
vn 0.0004 -0.9989 0.0470
vn 0.0005 -0.9989 0.0475
vn -0.0003 -0.9989 0.0475
vn -0.0000 -0.9989 0.0472
vn -0.0005 -0.9989 0.0466
vn 0.0007 -0.9988 0.0482
vn -0.0001 -0.9989 0.0475
vn 0.0000 -0.9989 0.0471
vn -0.0008 -0.9990 0.0450
vn -0.0001 -0.9989 0.0472
vn 0.0023 -0.9989 0.0473
vn 0.0008 -0.9990 0.0448
vn 0.0004 -0.9989 0.0473
vn -0.0004 -0.9989 0.0474
vn -0.0048 -0.9989 0.0469
vn 0.0002 -0.9989 0.0470
vn 0.0069 -0.9989 0.0469
vn -0.0012 -0.9989 0.0470
vn -0.0016 -0.9989 0.0474
vn -0.0029 -0.9989 0.0459
vn 0.0016 -0.9988 0.0488
vn 0.0001 -0.9989 0.0460
vn 0.0000 -0.9989 0.0474
vn 0.0000 -0.9988 0.0489
vn 0.0000 -0.9991 0.0414
vn -0.0000 -0.9988 0.0485
vn 0.0001 -0.9989 0.0469
vn -0.0016 -0.9988 0.0483
vn -0.0001 -0.9989 0.0470
vn 0.0000 -0.9988 0.0481
vn -0.0001 0.6312 0.7756
vn 0.0001 0.6312 0.7756
vn -0.0006 0.8805 0.4740
vn 0.0006 0.8805 0.4740
vn 0.0002 0.8805 0.4740
vn 0.0005 0.8805 0.4741
vn -0.0005 0.8805 0.4741
vn 0.0001 0.8805 0.4740
vn -0.0001 0.8805 0.4741
vn -0.0002 0.9560 0.2934
vn 0.0000 0.9557 0.2943
vn 0.0000 0.9560 0.2933
vn 0.0002 0.9559 0.2936
vn 0.0001 0.9946 0.1041
vn -0.0001 0.9946 0.1041
vn -0.0000 0.9945 0.1043
vn -0.0001 0.8869 -0.4621
vn 0.0002 0.8869 -0.4620
vn -0.0001 0.8869 -0.4620
vn -0.0008 0.7792 -0.6268
vn 0.0007 0.7792 -0.6268
vn 0.0000 0.6403 -0.7681
vn 0.0002 0.6404 -0.7681
vn -0.0004 0.6404 -0.7681
vn 0.0079 0.4757 -0.8796
vn -0.0117 0.4754 -0.8797
vn -0.0113 0.4754 -0.8797
vn 0.0079 0.4756 -0.8796
vn 0.0013 0.0968 -0.9953
vn -0.0006 0.0968 -0.9953
vn -0.0005 0.0968 -0.9953
vn 0.0013 0.0969 -0.9953
vn -0.0004 -0.1014 -0.9948
vn 0.0003 -0.1014 -0.9948
vn 0.0004 -0.1014 -0.9948
vn 0.0001 -0.2946 -0.9556
vn -0.0001 -0.2946 -0.9556
vn 0.0001 -0.4751 -0.8799
vn -0.0001 -0.4751 -0.8799
vn 0.0002 -0.7733 -0.6340
vn -0.0002 -0.7733 -0.6340
vn -0.0002 -0.8811 -0.4729
vn 0.0002 -0.8811 -0.4729
vn 0.0000 -0.8808 -0.4734
vn -0.0000 -0.8811 -0.4730
vn -0.0002 -0.8812 -0.4728
vn 0.0002 -0.8811 -0.4728
vn -0.0004 -0.9561 -0.2931
vn 0.0005 -0.9561 -0.2931
vn 0.0001 -0.9566 -0.2914
vn -0.0001 -0.9563 -0.2923
vn 0.0000 -0.9560 -0.2932
vn 0.0000 -0.9565 -0.2917
vn 0.0002 -0.9949 -0.1011
vn -0.0004 -0.9949 -0.1011
vn -0.0004 -0.9949 -0.1010
vn 0.0002 -0.9949 -0.1010
vn -0.0001 -0.9954 0.0959
vn 0.0001 -0.9954 0.0959
vn 0.0000 -0.9572 0.2895
vn -0.0004 -0.8819 0.4714
vn 0.0004 -0.8819 0.4714
vn 0.0004 -0.7729 0.6345
vn 0.0005 -0.7729 0.6345
vn 0.0004 -0.7730 0.6345
vn -0.0001 -0.6349 0.7726
vn 0.0068 -0.4729 0.8811
vn -0.0050 -0.4730 0.8811
vn 0.0069 -0.4732 0.8809
vn -0.0048 -0.4732 0.8810
vn -0.0006 -0.1032 0.9947
vn 0.0006 -0.1032 0.9947
vn -0.3349 0.4180 0.8445
vn -0.3618 0.2503 0.8980
vn -0.3221 0.5742 0.7527
vn -0.3218 0.5741 0.7529
vn -0.3220 0.5739 0.7529
vn -0.3220 0.5741 0.7528
vn -0.1869 -0.4622 -0.8668
vn -0.3812 0.0766 0.9213
vn -0.3924 -0.0965 0.9147
vn -0.4112 -0.0851 0.9076
vn -0.3809 0.0053 0.9246
vn -0.3923 -0.0965 0.9147
vn -0.2698 -0.9260 -0.2642
vn -0.2692 -0.9261 -0.2643
vn -0.2698 -0.9259 -0.2643
vn -0.2674 -0.9303 -0.2511
vn -0.2249 -0.7546 -0.6164
vn -0.2248 -0.7546 -0.6164
vn -0.2275 -0.7346 -0.6392
vn -0.2952 -0.9527 -0.0717
vn -0.2983 -0.9519 -0.0700
vn -0.4013 -0.4226 0.8126
vn -0.4038 -0.2729 0.8732
vn -0.4011 -0.4228 0.8126
vn -0.3926 -0.5698 0.7219
vn -0.3927 -0.4712 0.7898
vn -0.3926 -0.5698 0.7220
vn -0.3775 -0.8481 0.3718
vn -0.3443 -0.8899 0.2992
vn -0.2848 -0.7752 0.5638
vn -0.3442 -0.8899 0.2993
vn -0.3204 -0.9398 0.1190
vn -0.3204 -0.9398 0.1189
vn -0.3649 -0.8080 0.4626
vn -0.2040 -0.9790 0.0000
vn -0.3809 -0.6997 0.6045
vn 0.2480 -0.8534 -0.4584
vn 0.2564 -0.8498 -0.4606
vn 0.4082 -0.1002 0.9074
vn 0.4041 -0.0902 0.9102
vn 0.4081 -0.1002 0.9074
vn 0.4115 -0.0990 0.9060
vn 0.1636 0.1098 -0.9804
vn 0.1630 0.1097 -0.9805
vn 0.2762 0.8561 0.4369
vn 0.2755 0.8562 0.4370
vn 0.2759 0.8561 0.4370
vn 0.2762 0.8564 0.4363
vn 0.2517 0.8816 0.3992
vn 0.2498 0.9335 0.2570
vn 0.2504 0.9334 0.2569
vn 0.2499 0.9336 0.2569
vn 0.2499 0.9336 0.2570
vn 0.2503 0.9335 0.2569
vn 0.1586 0.4617 -0.8727
vn 0.1577 0.4746 -0.8660
vn 0.1619 0.4551 -0.8756
vn 0.1619 0.4545 -0.8759
vn 0.1618 0.4544 -0.8759
vn 0.1558 0.4663 -0.8708
vn 0.1575 0.4597 -0.8740
vn 0.0492 0.5578 -0.8285
vn 0.1353 0.5412 -0.8299
vn 0.1448 0.5401 -0.8291
vn 0.1352 0.5533 -0.8219
vn 0.1343 0.5392 -0.8314
vn 0.1412 0.5411 -0.8290
vn 0.1347 0.5415 -0.8298
vn 0.3536 0.4437 0.8235
vn 0.3160 0.3222 0.8923
vn 0.3317 0.6018 0.7265
vn 0.3184 0.5345 0.7829
vn 0.0000 -0.1240 -0.9923
vn 0.3043 0.7433 0.5958
vn 0.2969 0.7685 0.5668
vn 0.3042 0.7433 0.5958
vn 0.3112 0.7679 0.5599
vn 0.3041 0.7433 0.5959
vn 0.2204 -0.7335 -0.6430
vn 0.1909 -0.5592 -0.8067
vn 0.2087 -0.6093 -0.7650
vn 0.1819 -0.5807 -0.7935
vn 0.2018 -0.5956 -0.7775
vn 0.3798 0.2632 0.8869
vn 0.3799 0.2632 0.8868
vn 0.1702 0.7438 -0.6464
vn 0.1983 0.7937 -0.5750
vn 0.2341 0.8380 -0.4929
vn 0.1650 0.6093 -0.7756
vn 0.1645 0.6072 -0.7774
vn 0.1655 0.6094 -0.7754
vn 0.1625 0.6037 -0.7804
vn 0.1622 0.6045 -0.7799
vn 0.1604 0.6000 -0.7838
vn 0.1693 0.6215 -0.7649
vn 0.1687 -0.0752 -0.9828
vn 0.1684 -0.0748 -0.9829
vn 0.1689 -0.0751 -0.9828
vn 0.1763 -0.2591 -0.9496
vn 0.1711 -0.2468 -0.9538
vn 0.1797 -0.2588 -0.9491
vn 0.1754 -0.2665 -0.9477
vn 0.1871 -0.4351 -0.8808
vn 0.1871 -0.4351 -0.8807
vn 0.3149 -0.6814 -0.6607
vn 0.2682 -0.9148 -0.3020
vn 0.3915 0.0574 0.9184
vn -0.1733 0.6360 -0.7520
vn -0.1721 0.6336 -0.7543
vn -0.1725 0.6339 -0.7539
vn -0.1942 0.9423 -0.2727
vn -0.2225 0.9575 -0.1837
vn -0.1941 0.9423 -0.2727
vn -0.1939 0.9423 -0.2727
vn -0.1680 0.7544 -0.6346
vn -0.2252 0.9677 0.1129
vn -0.2022 0.9747 -0.0948
vn -0.1186 0.9490 0.2920
vn -0.2077 0.9748 -0.0813
vn -0.2077 0.9748 -0.0814
vn -0.2079 0.9748 -0.0815
vn -0.2101 0.9756 -0.0641
vn -0.1700 0.3044 -0.9373
vn -0.1715 0.2907 -0.9413
vn -0.1701 0.2788 -0.9452
vn -0.1715 0.4694 -0.8662
vn -0.1712 0.4706 -0.8656
vn -0.1714 0.4693 -0.8663
vn -0.1711 0.4692 -0.8664
vn -0.1804 0.4685 -0.8648
vn -0.1712 0.4704 -0.8657
vn -0.2704 0.8371 0.4755
vn -0.2711 0.8368 0.4756
vn -0.2704 0.8370 0.4756
vn -0.2868 0.8075 0.5154
vn -0.2711 0.8369 0.4755
vn -0.2703 0.8371 0.4756
vn -0.2705 0.8371 0.4755
vn -0.2467 0.9210 0.3016
vn -0.2462 0.9370 0.2478
vn -0.1399 0.5610 -0.8159
vn -0.1409 0.5610 -0.8157
vn -0.1410 0.5609 -0.8158
vn -0.1405 0.5611 -0.8157
vn -0.1422 0.5693 -0.8097
vn -0.1739 0.1009 -0.9796
vn -0.1777 -0.0931 -0.9797
vn -0.2137 0.0000 -0.9769
vn -0.1708 -0.1335 -0.9762
vn -0.1568 -0.1546 -0.9755
vn -0.1774 -0.0932 -0.9797
vn -0.1776 -0.0931 -0.9797
vn -0.2821 0.6642 0.6923
vn -0.2961 0.7207 0.6268
vn -0.1841 -0.2838 -0.9410
vn 0.3639 -0.8258 0.4309
vn 0.4785 -0.3083 0.8222
vn 0.1787 -0.4742 0.8621
vn 0.3496 -0.8994 0.2625
vn 0.3497 -0.8994 0.2624
vn 0.3497 -0.8993 0.2624
vn 0.3269 -0.9296 0.1703
vn 0.3878 -0.7205 0.5749
vn 0.3880 -0.7203 0.5750
vn 0.2977 0.9405 0.1636
vn 0.1846 0.4517 -0.8729
vn -0.0403 -0.8554 0.5164
vn 0.2265 0.9719 0.0647
vn 0.2069 0.9697 -0.1298
vn 0.1911 0.9286 -0.3180
vn 0.1908 0.9287 -0.3180
vn 0.1683 0.9239 -0.3438
vn 0.1911 0.9286 -0.3182
vn 0.1908 0.9066 -0.3763
vn 0.1908 0.9287 -0.3181
vn 0.1910 0.9287 -0.3180
vn 0.1788 0.8519 -0.4923
vn 0.1782 0.8513 -0.4936
vn 0.1159 0.7705 -0.6268
vn 0.1788 0.8519 -0.4922
vn 0.4051 -0.5902 0.6982
vn 0.1551 0.2873 -0.9452
vn 0.1541 0.2873 -0.9454
vn 0.1551 0.2871 -0.9452
vn 0.2956 -0.9487 -0.1118
vn 0.3000 -0.9380 -0.1738
vn 0.0573 0.6318 0.7730
vn 0.0308 0.7711 0.6359
vn 0.0311 0.7715 0.6355
vn 0.0311 0.7711 0.6360
vn 0.0311 0.7712 0.6358
vn 0.0308 0.7712 0.6359
vn 0.0306 0.7711 0.6360
vn 0.0035 0.8805 0.4741
vn -0.0248 0.9556 0.2937
vn -0.0252 0.9556 0.2935
vn -0.0531 0.9934 0.1019
vn -0.0528 0.9934 0.1015
vn -0.0531 0.9934 0.1021
vn -0.0522 0.9934 0.1018
vn -0.0528 0.9934 0.1020
vn -0.0790 0.9925 -0.0932
vn -0.0789 0.9925 -0.0933
vn -0.0791 0.9925 -0.0933
vn -0.1228 0.8774 -0.4638
vn -0.1229 0.8773 -0.4639
vn -0.1231 0.8773 -0.4639
vn -0.1387 0.7683 -0.6248
vn -0.1388 0.7681 -0.6251
vn -0.1498 0.6304 -0.7617
vn -0.1491 0.6302 -0.7620
vn -0.1496 0.6298 -0.7622
vn -0.1498 0.6294 -0.7625
vn -0.1501 0.6301 -0.7618
vn -0.1557 0.4681 -0.8699
vn -0.1560 0.4685 -0.8696
vn -0.1569 0.4686 -0.8694
vn -0.1569 0.4683 -0.8695
vn -0.1555 0.4685 -0.8697
vn -0.1550 0.4686 -0.8697
vn -0.1661 0.2890 -0.9428
vn -0.1553 0.2894 -0.9445
vn -0.1559 0.3007 -0.9409
vn -0.1562 0.2887 -0.9446
vn -0.1513 0.0997 -0.9834
vn -0.1414 -0.0952 -0.9854
vn -0.1264 -0.2864 -0.9497
vn -0.0839 -0.6310 -0.7712
vn -0.0581 -0.7706 -0.6347
vn -0.0304 -0.8804 -0.4733
vn -0.0308 -0.8804 -0.4733
vn -0.0299 -0.8804 -0.4733
vn -0.0307 -0.8804 -0.4731
vn -0.0030 -0.9561 -0.2931
vn -0.0018 -0.9572 -0.2895
vn -0.0020 -0.9561 -0.2930
vn -0.0022 -0.9561 -0.2930
vn 0.0263 -0.9945 -0.1015
vn 0.0517 -0.9942 0.0939
vn 0.0520 -0.9942 0.0939
vn 0.0961 -0.8798 0.4655
vn 0.1123 -0.7707 0.6273
vn 0.1126 -0.7707 0.6272
vn 0.1127 -0.7706 0.6272
vn 0.1236 -0.6329 0.7643
vn 0.1239 -0.6324 0.7647
vn 0.1235 -0.6324 0.7647
vn 0.1300 -0.4703 0.8729
vn 0.1301 -0.4702 0.8729
vn 0.1295 -0.4701 0.8731
vn 0.1258 -0.2905 0.9486
vn 0.1350 -0.4546 0.8804
vn 0.1292 -0.2905 0.9481
vn 0.1294 -0.2905 0.9481
vn -0.1209 -0.2834 0.9513
vn 0.1256 -0.2906 0.9485
vn 0.1250 -0.0998 0.9871
vn 0.1253 -0.0996 0.9871
vn 0.1148 0.0952 0.9888
vn 0.0000 0.9802 0.1980
vn 0.0002 0.9810 0.1942
vn -0.0000 0.9801 0.1984
vn -0.0002 0.9806 0.1960
vn 0.0002 0.9810 0.1938
vn -0.0002 0.9812 0.1931
vn 0.0000 0.9802 0.1979
vn 0.0000 0.9226 0.3857
vn -0.0000 0.9227 0.3854
vn -0.0000 -1.0000 -0.0032
vn 0.0002 -0.9801 -0.1987
vn -0.0001 -0.9801 -0.1985
vn 0.0000 -0.9802 -0.1979
vn -0.0000 -0.9803 -0.1976
vn -0.0572 0.6318 0.7730
vn -0.0571 0.6316 0.7732
vn -0.0574 0.6318 0.7730
vn -0.0327 0.7586 0.6507
vn -0.0308 0.7711 0.6359
vn -0.0308 0.7712 0.6359
vn -0.0310 0.7711 0.6359
vn -0.0311 0.7712 0.6359
vn -0.0035 0.8804 0.4742
vn -0.0034 0.8805 0.4741
vn -0.0034 0.8805 0.4740
vn 0.0247 0.9556 0.2936
vn 0.0252 0.9556 0.2936
vn 0.0531 0.9934 0.1020
vn 0.0525 0.9934 0.1020
vn 0.0531 0.9934 0.1019
vn 0.0793 0.9925 -0.0933
vn 0.0789 0.9925 -0.0933
vn 0.0792 0.9925 -0.0933
vn 0.1225 0.8774 -0.4639
vn 0.1389 0.7681 -0.6251
vn 0.1388 0.7682 -0.6250
vn 0.1491 0.6302 -0.7620
vn 0.1496 0.6301 -0.7619
vn 0.1493 0.6299 -0.7622
vn 0.1527 0.4616 -0.8738
vn 0.1559 0.4685 -0.8696
vn 0.1535 0.4686 -0.8700
vn 0.1619 0.2892 -0.9435
vn 0.1539 0.2947 -0.9431
vn 0.1576 0.2893 -0.9442
vn 0.1555 0.2894 -0.9445
vn 0.1485 0.2898 -0.9455
vn 0.1603 0.2924 -0.9428
vn 0.1547 0.2962 -0.9425
vn 0.1511 0.0992 -0.9835
vn 0.1412 -0.0951 -0.9854
vn 0.0841 -0.6309 -0.7713
vn 0.0582 -0.7706 -0.6346
vn 0.0580 -0.7705 -0.6348
vn 0.0582 -0.7705 -0.6347
vn 0.0581 -0.7706 -0.6347
vn 0.0580 -0.7705 -0.6347
vn 0.0583 -0.7705 -0.6348
vn 0.0304 -0.8804 -0.4733
vn 0.0018 -0.9566 -0.2914
vn 0.0020 -0.9561 -0.2930
vn 0.0022 -0.9561 -0.2930
vn -0.0252 -0.9945 -0.1016
vn -0.0254 -0.9945 -0.1015
vn -0.0252 -0.9945 -0.1017
vn -0.0522 -0.9942 0.0939
vn -0.0518 -0.9942 0.0939
vn -0.0522 -0.9942 0.0940
vn -0.0760 -0.9554 0.2854
vn -0.0758 -0.9554 0.2854
vn -0.0963 -0.8798 0.4655
vn -0.1126 -0.7706 0.6273
vn -0.1126 -0.7706 0.6272
vn -0.1231 -0.6324 0.7648
vn -0.1237 -0.6324 0.7647
vn -0.1236 -0.6323 0.7648
vn -0.1235 -0.6324 0.7647
vn -0.1303 -0.4702 0.8729
vn -0.1295 -0.4703 0.8730
vn -0.1302 -0.4702 0.8729
vn -0.1340 -0.2904 0.9475
vn -0.1240 -0.2906 0.9488
vn -0.1306 -0.2905 0.9479
vn -0.1299 -0.2904 0.9481
vn -0.1293 -0.2905 0.9481
vn -0.1235 -0.2906 0.9488
vn -0.1339 -0.2903 0.9475
vn -0.1306 -0.2904 0.9479
vn -0.1249 -0.0998 0.9871
vn -0.1251 -0.0996 0.9871
vn -0.1255 -0.0996 0.9871
vn 0.0000 -0.6916 0.7223
vn -0.0006 -0.7021 0.7120
vn -0.0001 -0.6915 0.7224
vn 0.0001 -0.6915 0.7224
vn -0.0490 -0.7210 0.6912
vn 0.0000 -0.6919 0.7220
vn -0.0000 -0.6915 0.7224
vn 0.1708 0.5557 0.8136
vn -0.1300 -0.1975 0.9717
vn -0.1304 -0.1976 0.9716
vn 0.1306 0.2081 -0.9694
vn 0.2354 0.9043 0.3560
vn 0.2354 0.9044 0.3558
vn -0.1355 -0.5429 0.8288
vn -0.1347 -0.5399 0.8309
vn -0.1354 -0.5415 0.8297
vn -0.2906 -0.6835 -0.6696
vn 0.2903 0.6833 0.6700
vn 0.1399 0.6898 -0.7103
vn 0.1400 0.6898 -0.7104
vn -0.1379 -0.0091 0.9904
vn -0.1378 -0.0091 0.9904
vn -0.1377 -0.0092 0.9904
vn 0.1378 0.0108 -0.9904
vn -0.1451 0.1805 0.9728
vn -0.1675 0.5326 0.8296
vn 0.1676 -0.5325 -0.8296
vn 0.1513 -0.8349 0.5293
vn -0.1606 0.9213 -0.3542
vn -0.1607 0.9213 -0.3542
vn -0.1606 0.9213 -0.3543
vn -0.1449 0.7144 -0.6846
vn -0.1450 0.7144 -0.6845
vn -0.1893 0.9816 0.0253
vn -0.1894 0.9816 0.0253
vn 0.1732 -0.9707 0.1667
vn 0.1732 -0.9707 0.1664
vn -0.1733 0.9706 -0.1668
vn -0.1732 0.9706 -0.1669
vn -0.1734 0.9706 -0.1669
vn -0.1412 0.5649 -0.8130
vn 0.1414 -0.5646 0.8131
vn -0.1405 0.3841 -0.9126
vn -0.1409 0.3841 -0.9125
vn 0.1405 -0.3841 0.9125
vn 0.2317 -0.8899 -0.3930
vn 0.2089 -0.9541 -0.2145
vn -0.2089 0.9542 0.2142
vn -0.2091 0.9541 0.2144
vn 0.1419 -0.5590 0.8169
vn 0.1419 -0.5590 0.8170
vn 0.1419 -0.5592 0.8168
vn 0.1415 -0.5579 0.8178
vn 0.2572 -0.6674 -0.6988
vn 0.2566 -0.7920 -0.5539
vn 0.2567 -0.7921 -0.5538
vn 0.1512 0.2024 0.9676
vn 0.1549 0.3903 0.9076
vn -0.1571 -0.4029 -0.9017
vn -0.2106 -0.9622 -0.1726
vn -0.1894 -0.9817 0.0194
vn -0.1893 -0.9817 0.0194
vn 0.1894 0.9817 -0.0194
vn 0.1578 0.9047 -0.3958
vn 0.1578 0.9049 -0.3954
vn 0.1404 0.3608 -0.9220
vn 0.1325 0.3627 -0.9224
vn 0.1325 0.3625 -0.9225
vn 0.1327 0.3626 -0.9225
vn 0.1285 0.3516 -0.9273
vn 0.0802 0.4684 0.8799
vn 0.0801 0.4683 0.8799
vn -0.0803 0.4683 0.8799
vn 0.7730 0.0190 -0.6342
vn -0.7730 0.0191 -0.6341
vn -0.6344 0.0230 -0.7727
vn 0.1987 0.9740 -0.1086
vn -0.4059 0.2726 -0.8723
vn 0.1004 0.9608 0.2584
vn -0.1810 0.8987 0.3994
vn 0.0000 0.9674 -0.2533
vn -0.2894 0.8311 -0.4749
vn -0.3134 0.8678 -0.3857
vn 0.9324 0.3566 -0.0594
vn -0.4527 0.7594 -0.4673
vn 0.6040 0.1933 -0.7732
vn 0.0000 0.2425 -0.9701
vn 0.1376 0.9860 -0.0939
vn 0.2339 0.9183 -0.3194
vn 0.3591 0.0000 -0.9333
vn -0.3064 0.5711 -0.7615
vn -0.2736 0.9363 -0.2203
vn 0.0000 1.0000 0.0000
vn 0.9221 0.3787 -0.0789
vn 0.1877 0.9360 0.2977
vn -0.1977 0.9714 -0.1317
vn -0.3230 0.9464 0.0000
vn -0.2335 0.9724 0.0000
vn 0.4191 0.8838 -0.2079
vn 0.2377 0.9625 -0.1310
vn 0.2217 0.9625 -0.1566
vn -0.9274 0.1541 -0.3408
vn 0.2402 0.9476 -0.2106
vn 0.0483 0.9852 0.1642
vn 0.0000 0.9285 0.3714
vn -0.5595 0.8169 0.1400
vn 0.8959 0.4088 0.1739
vn 0.0430 0.9263 -0.3743
vn 0.1508 0.9885 0.0102
vn -0.3591 0.0000 -0.9333
vn -0.2256 0.9242 -0.3081
vn -0.1391 0.9821 -0.1267
vn 0.0156 0.9608 0.2770
vn 0.0004 0.9996 0.0300
vn 0.2903 0.8811 -0.3734
vn -0.0012 0.9996 0.0298
vn -0.0003 0.9996 0.0299
vn -0.0003 0.9996 0.0298
vn -0.0011 0.9996 0.0298
vn 0.9952 0.0000 -0.0977
vn -0.0002 -0.9996 -0.0297
vn 0.9689 -0.0121 0.2472
vn 0.9570 -0.0087 0.2901
vn -0.6123 0.0247 -0.7903
vn 0.6709 -0.5266 -0.5221
vn 0.5357 0.0181 -0.8442
vn 0.6344 -0.0231 0.7726
vn -0.9570 -0.0087 0.2901
vn 0.9977 0.0026 -0.0679
vn 0.7729 -0.0190 0.6342
vn -0.6622 0.1327 0.7375
vn -0.5635 0.8225 -0.0775
vn -0.7839 -0.0154 0.6206
vn 0.9109 0.0129 -0.4123
vn -0.9935 0.0000 -0.1138
vn -0.9943 -0.0022 -0.1065
vn -0.9149 0.0093 -0.4035
vn -0.5340 0.0253 -0.8451
vn -0.6679 -0.5150 -0.5374
vn -0.8222 0.0331 -0.5683
vn -0.5321 0.0179 -0.8465
vn 0.7865 0.1498 0.5992
vn 0.6757 0.7372 0.0000
vn 0.7946 -0.0149 0.6070
vn -0.2739 -0.2852 0.9185
vn -0.6345 -0.0231 0.7726
vn -0.9241 -0.0108 0.3821
vn 0.6288 0.0222 -0.7772
vn 0.6131 -0.7900 0.0000
vn 0.2989 -0.4678 0.8317
vn 0.3095 -0.4662 -0.8288
vn 0.7018 -0.3186 0.6371
vn 0.7711 -0.4895 0.4072
vn 0.0000 -0.9844 -0.1759
vn -0.8366 -0.4880 0.2490
vn -0.5721 -0.6613 0.4852
vn 0.0000 -0.1165 -0.9932
vn -0.2538 -0.4771 -0.8414
vn -0.4571 -0.6803 -0.5729
vn -0.3373 -0.4615 -0.8205
vn -0.2297 -0.1232 -0.9654
vn -0.8503 -0.5264 0.0000
vn -0.8530 -0.5167 -0.0738
vn -0.6758 -0.4799 -0.5594
vn 0.0523 -0.2777 -0.9593
vn 0.4320 -0.9019 0.0000
vn -0.4713 -0.5292 -0.7056
vn -0.4356 -0.4993 -0.7490
vn 0.3421 -0.5212 0.7819
vn 0.4121 -0.4931 0.7661
vn -0.7071 -0.7071 0.0000
vn -0.7711 -0.4813 -0.4169
vn -0.8701 -0.4862 0.0803
vn -0.8153 -0.4614 0.3499
vn -0.8404 -0.5415 0.0226
vn 0.4121 -0.4777 -0.7759
vn 0.4435 -0.4750 -0.7600
vn -0.3587 -0.3761 -0.8543
vn -0.5546 -0.4787 -0.6806
vn -0.6867 -0.6191 -0.3810
vn -0.3301 -0.2712 -0.9042
vn -0.7214 -0.6925 0.0000
vn -0.1777 -0.9841 0.0000
vn -0.0643 -0.2501 -0.9661
vn 0.0000 -0.6566 -0.7542
vn -0.9961 -0.0056 0.0879
vn 0.2667 0.4599 0.8469
vn 0.3154 0.5206 0.7934
vn 0.7018 0.3186 -0.6371
vn 0.7711 0.4895 -0.4072
vn -0.8366 0.4880 -0.2490
vn -0.7234 0.6904 0.0000
vn 0.0000 0.1165 0.9932
vn -0.7711 0.4895 -0.4072
vn -0.5713 0.6624 -0.4845
vn -0.7710 0.4895 -0.4072
vn -0.9115 0.4113 0.0000
vn 0.0000 0.4472 0.8944
vn -0.2538 0.4771 0.8414
vn -0.1788 0.0614 0.9820
vn -0.3186 0.7402 0.5921
vn -0.4571 0.6803 0.5729
vn -0.0351 -0.9994 0.0000
vn -0.8503 0.5264 0.0000
vn -0.8530 0.5167 0.0738
vn 0.0523 0.2762 0.9597
vn 0.4320 0.9019 0.0000
vn 0.0579 0.2911 0.9549
vn -0.5837 0.6701 0.4585
vn -0.3997 0.4494 0.7989
vn 0.7711 0.4813 0.4169
vn 0.3644 0.4165 -0.8329
vn 0.4121 0.4931 -0.7661
vn -0.7071 0.7071 0.0000
vn 0.1949 0.7331 -0.6516
vn -0.7710 0.4813 0.4170
vn -0.8701 0.4862 -0.0803
vn -0.8159 0.4600 -0.3502
vn -0.8608 0.5085 -0.0231
vn 0.4121 0.4777 0.7759
vn 0.3048 0.4799 0.8227
vn -0.6078 0.4180 0.6752
vn -0.5735 0.4915 0.6554
vn -0.3586 0.3766 0.8542
vn -0.0033 0.2425 0.9701
vn -0.6867 0.6191 0.3810
vn -0.3320 0.2501 0.9095
vn -0.0621 0.4389 0.8964
vn -0.1429 0.4643 0.8741
vn 0.0000 0.9201 -0.3917
vn 0.0001 1.0000 0.0084
vn -0.0000 1.0000 0.0077
vn -0.0002 1.0000 0.0098
vn -0.0000 0.9999 0.0104
vn -0.0001 0.9999 0.0101
vn -0.0001 0.9999 0.0102
vn 0.0005 1.0000 0.0095
vn -0.0002 1.0000 0.0097
vn -0.0002 1.0000 0.0100
vn -0.9961 0.0038 -0.0879
vn -0.9570 0.0029 -0.2902
vn -0.0005 1.0000 0.0067
vn 0.0001 1.0000 0.0065
vn -0.0001 1.0000 0.0066
vn -0.0001 0.7830 0.6220
vn 0.0000 0.7831 0.6220
vn 0.0000 0.2373 -0.9714
vn -0.0000 0.8138 -0.5812
vn 0.0003 0.8185 -0.5745
vn 0.0000 0.8136 -0.5814
vn -0.0024 0.8207 -0.5713
vn 0.0000 1.0000 0.0065
vn 0.0001 1.0000 0.0066
vn -0.0003 0.7828 0.6223
vn 0.0003 0.7835 0.6214
vn -0.0012 0.2372 -0.9715
vn -0.0003 0.8196 -0.5729
vn 0.0000 0.8137 -0.5813
vn -0.0000 0.8139 -0.5811
vn 0.0000 0.8141 -0.5808
vn 0.0024 0.8207 -0.5713
vn 0.2834 -0.4495 -0.8471
vn -0.2834 0.4496 0.8471
vn -0.2834 0.4495 0.8471
vn 0.2885 0.9161 -0.2783
vn 0.0000 -0.4687 -0.8833
vn 0.0000 0.4687 0.8833
vn -0.2918 -0.8907 0.3485
vn 0.0338 -0.9307 0.3642
vn -0.0566 0.9553 -0.2902
vn 0.3619 0.4370 0.8235
vn 0.3619 -0.4370 -0.8234
vn 0.3619 -0.4370 -0.8235
vn 0.3610 0.8923 -0.2711
vn 0.1892 0.4603 0.8674
vn -0.1892 -0.4603 -0.8674
vn 0.3620 -0.4370 -0.8234
vn 0.3619 -0.4369 -0.8235
vn 0.3790 -0.8618 0.3372
vn 0.2914 -0.4484 -0.8450
vn 0.2914 0.4484 0.8450
vn 0.3060 -0.8866 0.3469
vn -0.0221 -0.9310 0.3643
vn 0.0369 0.9562 -0.2905
vn 0.2906 0.9155 -0.2781
vn -0.1813 0.4610 0.8687
vn 0.1813 -0.4610 -0.8687
vn -0.0353 0.9562 -0.2905
vn 0.0211 -0.9310 0.3643
vn -0.2834 -0.4495 -0.8471
vn 0.2834 0.4495 0.8471
vn -0.2885 0.9161 -0.2783
vn 0.2917 -0.8907 0.3486
vn -0.0338 -0.9307 0.3642
vn 0.0566 0.9553 -0.2902
vn -0.3619 0.4370 0.8235
vn -0.3619 -0.4370 -0.8234
vn -0.3610 0.8923 -0.2711
vn -0.3619 -0.4370 -0.8235
vn -0.1892 0.4603 0.8674
vn 0.1892 -0.4603 -0.8674
vn -0.3619 -0.4368 -0.8235
vn -0.3791 -0.8617 0.3372
vn -0.2914 -0.4484 -0.8450
vn -0.2914 0.4484 0.8450
vn -0.3060 -0.8866 0.3469
vn 0.0221 -0.9310 0.3643
vn -0.0369 0.9562 -0.2904
vn -0.2906 0.9155 -0.2781
vn 0.1813 0.4610 0.8687
vn -0.1813 -0.4610 -0.8687
vn 0.0353 0.9562 -0.2905
vn -0.0211 -0.9310 0.3643
vn -0.2834 0.4494 0.8472
vn -0.2917 -0.8907 0.3486
vn 0.2918 -0.8907 0.3485
vn -0.3619 -0.4369 -0.8235
vn -0.3611 0.8923 -0.2710
vn -0.3620 -0.4370 -0.8234
vn -0.0000 -0.4686 -0.8834
vn -0.3790 -0.8618 0.3372
vn -0.3060 -0.8866 0.3470
vn 0.0493 -0.8822 -0.4684
vn 0.0134 -0.9577 -0.2876
vn -0.0214 -0.9952 -0.0952
vn -0.0537 -0.9935 0.1006
vn -0.0821 -0.9529 0.2920
vn -0.1056 -0.8757 0.4712
vn -0.1234 -0.7654 0.6317
vn -0.1348 -0.6265 0.7677
vn -0.1394 -0.4643 0.8746
vn -0.1372 -0.2849 0.9487
vn -0.1282 -0.0944 0.9872
vn -0.1127 0.1001 0.9886
vn -0.0912 0.2918 0.9521
vn -0.0645 0.4729 0.8788
vn -0.0334 0.6362 0.7708
vn 0.0006 0.7748 0.6322
vn 0.0363 0.8827 0.4686
vn 0.0721 0.9553 0.2869
vn 0.1065 0.9898 0.0947
vn 0.1381 0.9854 -0.0999
vn 0.1658 0.9429 -0.2889
vn 0.1885 0.8648 -0.4654
vn 0.2055 0.7548 -0.6229
vn 0.2164 0.6172 -0.7564
vn 0.2209 0.4574 -0.8614
vn 0.2188 0.2806 -0.9345
vn 0.2102 0.0931 -0.9732
vn 0.1953 -0.0989 -0.9757
vn 0.1746 -0.2884 -0.9415
vn 0.1486 -0.4686 -0.8708
vn 0.1183 -0.6321 -0.7658
vn 0.0848 -0.7720 -0.6300
vn 0.7182 -0.3297 -0.6127
vn 0.7182 0.6653 -0.2038
vn 0.7182 0.4429 0.5366
vn 0.7182 -0.6127 0.3297
vn 0.7182 0.4399 -0.5391
vn 0.7182 -0.6145 -0.3263
vn 0.7183 0.3262 -0.6146
vn 0.7182 0.6926 0.0662
vn 0.7183 -0.2001 0.6664
vn 0.7183 -0.0702 -0.6922
vn 0.7182 -0.6922 0.0702
vn 0.7182 -0.2038 -0.6653
vn 0.7182 -0.5391 -0.4399
vn 0.7182 0.3298 0.6127
vn 0.7182 -0.6653 0.2038
vn 0.7182 0.5366 -0.4429
vn 0.7182 -0.4399 0.5391
vn 0.7182 -0.3262 0.6146
vn 0.7182 0.0663 -0.6926
vn 0.7182 0.6664 0.2002
vn 0.7182 -0.6926 -0.0663
vn 0.7182 0.0701 0.6922
vn 0.7183 -0.4429 -0.5366
vn 0.7182 0.6127 -0.3298
vn 0.7182 0.2038 0.6653
vn 0.7183 0.5392 0.4398
vn 0.7182 -0.5366 0.4429
vn 0.7182 0.2001 -0.6664
vn 0.7182 0.6146 0.3262
vn 0.7182 -0.6664 -0.2001
vn 0.7183 0.6922 -0.0702
vn 0.7182 -0.0663 0.6926
vn -0.0493 -0.8822 -0.4684
vn -0.0134 -0.9577 -0.2876
vn 0.0214 -0.9952 -0.0952
vn 0.0537 -0.9935 0.1007
vn 0.0821 -0.9529 0.2920
vn 0.1056 -0.8757 0.4712
vn 0.1234 -0.7653 0.6317
vn 0.1348 -0.6265 0.7677
vn 0.1394 -0.4644 0.8746
vn 0.1372 -0.2849 0.9487
vn 0.1282 -0.0944 0.9872
vn 0.1127 0.1002 0.9886
vn 0.0912 0.2917 0.9521
vn 0.0645 0.4729 0.8788
vn 0.0334 0.6362 0.7708
vn -0.0006 0.7748 0.6322
vn -0.0363 0.8827 0.4686
vn -0.0721 0.9553 0.2869
vn -0.1065 0.9898 0.0947
vn -0.1381 0.9854 -0.0999
vn -0.1658 0.9429 -0.2889
vn -0.1885 0.8648 -0.4654
vn -0.2055 0.7548 -0.6230
vn -0.2164 0.6173 -0.7564
vn -0.2209 0.4573 -0.8614
vn -0.2188 0.2806 -0.9346
vn -0.2102 0.0931 -0.9732
vn -0.1953 -0.0989 -0.9757
vn -0.1746 -0.2884 -0.9415
vn -0.1486 -0.4686 -0.8708
vn -0.1183 -0.6321 -0.7658
vn -0.0848 -0.7720 -0.6300
vn -0.7182 -0.3297 -0.6127
vn -0.7182 0.6653 -0.2038
vn -0.7182 0.4429 0.5366
vn -0.7182 -0.6127 0.3297
vn -0.7182 0.4399 -0.5391
vn -0.7182 -0.6145 -0.3263
vn -0.7182 0.3263 -0.6146
vn -0.7182 0.6926 0.0663
vn -0.7182 -0.2001 0.6664
vn -0.7182 -0.0701 -0.6922
vn -0.7182 -0.6922 0.0702
vn -0.7182 -0.2038 -0.6653
vn -0.7182 -0.5391 -0.4399
vn -0.7182 0.3297 0.6127
vn -0.7182 -0.6653 0.2039
vn -0.7182 0.5366 -0.4429
vn -0.7182 -0.4399 0.5391
vn -0.7182 -0.3263 0.6145
vn -0.7182 0.0663 -0.6926
vn -0.7182 0.6664 0.2001
vn -0.7182 -0.6926 -0.0663
vn -0.7182 0.0701 0.6922
vn -0.7182 -0.4429 -0.5366
vn -0.7182 0.6127 -0.3297
vn -0.7182 0.2038 0.6653
vn -0.7182 0.5391 0.4399
vn -0.7183 -0.5366 0.4429
vn -0.7182 0.2001 -0.6664
vn -0.7182 0.6145 0.3263
vn -0.7182 -0.6664 -0.2001
vn -0.7183 0.6922 -0.0702
vn -0.7182 -0.0662 0.6926
vn 0.0493 -0.8821 -0.4684
vn -0.0537 -0.9935 0.1007
vn -0.0821 -0.9529 0.2919
vn -0.1234 -0.7653 0.6317
vn -0.1394 -0.4644 0.8746
vn -0.1282 -0.0945 0.9872
vn -0.1127 0.1002 0.9886
vn -0.0912 0.2917 0.9521
vn 0.0721 0.9552 0.2869
vn 0.1381 0.9854 -0.0998
vn 0.2055 0.7548 -0.6230
vn 0.2164 0.6173 -0.7564
vn 0.2209 0.4573 -0.8614
vn 0.1953 -0.0988 -0.9757
vn 0.1746 -0.2885 -0.9414
vn 0.1183 -0.6320 -0.7659
vn 0.0847 -0.7720 -0.6299
vn 0.7183 -0.3297 -0.6127
vn 0.7183 0.4428 0.5367
vn 0.7182 0.3263 -0.6146
vn 0.7182 -0.2001 0.6664
vn 0.7182 -0.0701 -0.6922
vn 0.7183 -0.2038 -0.6653
vn 0.7182 0.3297 0.6127
vn 0.7182 0.5367 -0.4428
vn 0.7182 -0.3263 0.6145
vn 0.7182 0.6664 0.2001
vn 0.7182 -0.6926 -0.0662
vn 0.7182 0.0702 0.6922
vn 0.7182 -0.4429 -0.5366
vn 0.7182 0.6127 -0.3297
vn 0.7182 0.5391 0.4399
vn 0.7183 0.6145 0.3263
vn 0.7182 0.6922 -0.0701
vn 0.1348 -0.6264 0.7677
vn 0.1127 0.1001 0.9886
vn 0.0912 0.2918 0.9521
vn -0.0006 0.7748 0.6323
vn -0.2055 0.7548 -0.6229
vn -0.2164 0.6172 -0.7564
vn -0.2209 0.4574 -0.8614
vn -0.2188 0.2806 -0.9345
vn -0.1953 -0.0988 -0.9757
vn -0.1746 -0.2885 -0.9414
vn -0.7183 -0.3297 -0.6127
vn -0.7183 0.6652 -0.2039
vn -0.7183 0.4428 0.5367
vn -0.7183 -0.6127 0.3297
vn -0.7183 0.4400 -0.5390
vn -0.7183 -0.6146 -0.3262
vn -0.7182 0.3263 -0.6145
vn -0.7183 0.6926 0.0662
vn -0.7183 -0.2001 0.6664
vn -0.7183 -0.0701 -0.6922
vn -0.7183 -0.6922 0.0700
vn -0.7182 -0.2039 -0.6653
vn -0.7182 0.3298 0.6127
vn -0.7182 -0.6652 0.2039
vn -0.7182 0.6664 0.2002
vn -0.7183 -0.6926 -0.0662
vn -0.7182 0.0702 0.6922
vn -0.7183 0.6127 -0.3297
vn -0.7183 0.2037 0.6653
vn -0.7183 0.5391 0.4398
vn -0.7182 -0.5366 0.4429
vn -0.7183 0.2001 -0.6664
vn -0.7183 0.6145 0.3263
vn -0.7183 -0.6664 -0.2002
vn -0.7182 0.6923 -0.0701
vn -0.7182 -0.0663 0.6926
vn -0.0002 0.9999 0.0101
vn 0.0001 1.0000 0.0099
vn -0.0001 1.0000 0.0100
vn 0.0002 0.9999 0.0101
vn 0.0000 -0.0205 0.9998
vn 0.0000 -0.0082 1.0000
vn 0.2589 -0.0101 0.9659
vn -0.9997 -0.0045 -0.0248
vn -0.4713 0.0088 -0.8819
vn -0.9693 0.0000 -0.2459
vn -0.9233 0.3840 0.0000
vn 0.0000 -0.0123 0.9999
vn 0.9742 0.0782 0.2116
vn 0.0000 -0.0093 1.0000
vn 0.0000 -0.0068 1.0000
vn 0.0000 -0.0078 1.0000
vn 0.0064 -0.2318 0.9727
vn 0.0001 -1.0000 -0.0092
vn 0.0003 -1.0000 -0.0099
vn -0.0003 -0.9999 -0.0105
vn 0.0012 -0.9999 -0.0101
vn -0.0001 -0.9999 -0.0102
vn 0.0002 -0.9999 -0.0104
vn -0.0001 -1.0000 -0.0099
vn -0.0000 -1.0000 -0.0097
vn 0.0003 0.9999 0.0100
vn -0.0003 0.9999 0.0100
vn -0.2465 -0.0103 0.9691
vn 0.0000 -0.2000 0.9798
vn -0.2357 -0.0103 0.9718
vn 0.9993 -0.0161 -0.0330
vn 0.0000 -0.0103 0.9999
vn -0.9482 0.3177 0.0000
vn 0.9569 0.0029 -0.2902
vn 0.8934 0.4489 0.0166
vn -0.9977 -0.0559 -0.0384
vn -0.9898 0.0017 -0.1423
vn -0.9693 0.0025 -0.2459
vn -0.9515 -0.3072 0.0177
vn 0.8819 -0.0047 0.4715
vn 0.9570 -0.0029 0.2902
vn 0.4310 0.2155 -0.8763
vn 0.0000 -0.0235 0.9997
vn 0.0000 -0.1240 0.9923
vn 0.1591 -0.9873 0.0000
vn 0.9999 -0.0156 0.0000
vn 0.9033 -0.0044 0.4290
vn 0.9482 0.3177 0.0000
vn -0.9569 0.0029 -0.2902
vn 0.9898 0.0017 -0.1423
vn 1.0000 0.0039 0.0000
vn -0.0981 -0.0099 0.9951
vn 0.9920 0.0026 -0.1258
vn 0.0000 0.7231 0.6908
vn 0.0000 -0.0624 0.9981
vn 0.4735 -0.0099 0.8808
vn 0.5491 -0.0086 0.8357
vn 0.2819 -0.1190 0.9520
vn -0.8928 0.0017 -0.4505
vn -0.9601 0.2779 -0.0318
vn 0.0001 -0.9999 -0.0102
vn 0.0002 -0.9999 -0.0100
vn -0.0007 -0.9999 -0.0101
vn 0.0001 -1.0000 -0.0094
vn -0.0000 -1.0000 -0.0094
vn 0.0000 -0.0117 0.9999
vn -0.9056 -0.0044 0.4241
vn 0.9693 -0.0050 -0.2459
vn -0.0371 0.9993 0.0000
vn -1.0000 -0.0017 0.0000
vn -0.4735 -0.0094 0.8808
vn -0.5614 -0.0075 0.8275
vn -0.4797 -0.0075 0.8774
vn 0.0000 0.8295 0.5585
vn 0.8937 0.0000 -0.4487
vn 0.6344 0.0077 -0.7729
usemtl col_pelek
s off
f 2/1/1 4/2/1 1/3/1
f 3/4/2 6/5/2 4/2/2
f 5/6/3 8/7/3 6/5/3
f 7/8/4 10/9/4 8/7/4
f 9/10/5 12/11/5 10/9/5
f 11/12/6 14/13/6 12/11/6
f 13/14/7 16/15/7 14/13/7
f 15/16/8 18/17/8 16/15/8
f 17/18/9 20/19/9 18/17/9
f 20/19/10 21/20/10 22/21/10
f 22/21/11 23/22/11 24/23/11
f 24/23/12 25/24/12 26/25/12
f 26/25/13 27/26/13 28/27/13
f 28/27/14 29/28/14 30/29/14
f 30/29/15 31/30/15 32/31/15
f 32/31/16 33/32/16 34/33/16
f 34/33/17 35/34/17 36/35/17
f 36/35/18 37/36/18 38/37/18
f 38/37/19 39/38/19 40/39/19
f 40/39/20 41/40/20 42/41/20
f 42/41/21 43/42/21 44/43/21
f 44/43/22 45/44/22 46/45/22
f 46/45/23 47/46/23 48/47/23
f 48/47/24 49/48/24 50/49/24
f 50/49/25 51/50/25 52/51/25
f 51/50/26 54/52/26 52/51/26
f 53/53/27 56/54/27 54/52/27
f 55/55/28 58/56/28 56/54/28
f 57/57/29 60/58/29 58/56/29
f 59/59/30 62/60/30 60/58/30
f 53/53/31 37/36/31 21/20/31
f 61/61/32 64/62/32 62/60/32
f 63/63/33 1/3/33 64/62/33
f 105/64/34 108/65/34 106/66/34
f 107/67/35 110/68/35 108/65/35
f 109/69/36 112/70/36 110/68/36
f 111/71/37 114/72/37 112/70/37
f 113/73/38 116/74/38 114/72/38
f 115/75/39 118/76/39 116/74/39
f 117/77/40 120/78/40 118/76/40
f 119/79/41 122/80/41 120/78/41
f 122/80/42 123/81/42 124/82/42
f 124/82/43 125/83/43 126/84/43
f 64/62/44 66/85/44 127/86/44
f 62/60/45 127/86/45 125/83/45
f 60/58/46 125/83/46 123/81/46
f 58/56/47 123/81/47 121/87/47
f 56/54/48 121/87/48 119/79/48
f 54/52/49 119/79/49 117/77/49
f 52/51/50 117/77/50 115/75/50
f 113/73/51 52/51/51 115/75/51
f 111/71/52 50/49/52 113/73/52
f 109/69/53 48/47/53 111/71/53
f 107/67/54 46/45/54 109/69/54
f 105/64/55 44/43/55 107/67/55
f 103/88/56 42/41/56 105/64/56
f 101/89/57 40/39/57 103/88/57
f 99/90/58 38/37/58 101/89/58
f 97/91/59 36/35/59 99/90/59
f 95/92/60 34/33/60 97/91/60
f 93/93/61 32/31/61 95/92/61
f 91/94/62 30/29/62 93/93/62
f 89/95/63 28/27/63 91/94/63
f 87/96/64 26/25/64 89/95/64
f 85/97/65 24/23/65 87/96/65
f 83/98/66 22/21/66 85/97/66
f 18/17/67 83/98/67 81/99/67
f 16/15/68 81/99/68 79/100/68
f 14/13/69 79/100/69 77/101/69
f 12/11/70 77/101/70 75/102/70
f 10/9/71 75/102/71 73/103/71
f 8/7/72 73/103/72 71/104/72
f 6/5/73 71/104/73 69/105/73
f 4/2/74 69/105/74 67/106/74
f 1/3/75 67/106/75 66/85/75
f 130/107/76 132/108/76 129/109/76
f 134/110/77 136/111/77 133/112/77
f 138/113/76 140/114/76 137/115/76
f 142/116/77 144/117/77 141/118/77
f 146/119/77 148/120/77 145/121/77
f 129/109/76 150/122/76 149/123/76
f 137/115/76 152/124/76 151/125/76
f 145/121/77 154/126/77 153/127/77
f 136/111/78 161/128/78 139/129/78
f 152/124/79 164/130/79 162/131/79
f 154/126/80 167/132/80 165/133/80
f 165/133/80 169/134/80 168/135/80
f 143/136/81 171/137/81 172/138/81
f 162/131/79 174/139/79 173/140/79
f 173/140/79 175/141/79 131/142/79
f 168/135/80 176/143/80 135/144/80
f 141/118/77 147/145/77 146/119/77
f 149/123/76 170/146/76 157/147/76
f 159/148/77 135/144/77 134/110/77
f 155/149/76 131/142/76 130/107/76
f 157/147/82 143/136/82 142/116/82
f 158/150/77 168/135/77 159/148/77
f 156/151/76 173/140/76 155/149/76
f 151/125/76 162/131/76 156/151/76
f 138/113/83 136/111/83 139/129/83
f 153/127/77 165/133/77 158/150/77
f 177/152/84 178/153/84 179/154/84
f 180/155/85 182/156/85 183/157/85
f 185/158/84 187/159/84 184/160/84
f 188/161/85 189/162/85 190/163/85
f 163/164/84 179/154/84 191/165/84
f 166/166/86 183/157/86 192/167/86
f 160/168/87 178/153/87 161/128/87
f 164/130/84 191/165/84 194/169/84
f 148/120/80 166/166/80 154/126/80
f 140/114/79 163/164/79 152/124/79
f 143/136/80 188/161/80 144/117/80
f 132/108/79 184/160/79 150/122/79
f 147/145/80 180/155/80 148/120/80
f 139/129/79 177/152/79 140/114/79
f 135/144/80 160/168/80 136/111/80
f 150/122/79 171/137/79 170/146/79
f 131/142/79 185/158/79 132/108/79
f 144/117/80 181/170/80 147/145/80
f 176/143/86 193/171/86 160/168/86
f 184/160/84 196/172/84 171/137/84
f 175/141/84 186/173/84 185/158/84
f 181/170/88 190/163/88 182/156/88
f 169/134/86 195/174/86 176/143/86
f 175/141/84 199/175/84 197/176/84
f 174/139/84 194/169/84 199/175/84
f 171/137/89 189/162/89 172/138/89
f 167/132/86 198/177/86 169/134/86
f 167/132/86 192/167/86 200/178/86
f 202/179/90 204/180/90 201/181/90
f 205/182/91 203/183/91 202/179/91
f 207/184/92 206/185/92 205/182/92
f 209/186/93 208/187/93 207/184/93
f 211/188/94 210/189/94 209/186/94
f 213/190/95 212/191/95 211/188/95
f 215/192/96 214/193/96 213/190/96
f 217/194/97 216/195/97 215/192/97
f 219/196/98 218/197/98 217/194/98
f 219/196/99 222/198/99 220/199/99
f 221/200/100 224/201/100 222/198/100
f 223/202/101 226/203/101 224/201/101
f 225/204/102 228/205/102 226/203/102
f 227/206/103 230/207/103 228/205/103
f 229/208/104 232/209/104 230/207/104
f 231/210/105 234/211/105 232/209/105
f 233/212/106 236/213/106 234/211/106
f 235/214/107 238/215/107 236/213/107
f 237/216/108 240/217/108 238/215/108
f 239/218/109 242/219/109 240/217/109
f 241/220/110 244/221/110 242/219/110
f 243/222/111 246/223/111 244/221/111
f 245/224/112 248/225/112 246/223/112
f 247/226/113 250/227/113 248/225/113
f 249/228/114 252/229/114 250/227/114
f 253/230/115 252/229/115 251/231/115
f 255/232/116 254/233/116 253/230/116
f 257/234/117 256/235/117 255/232/117
f 259/236/118 258/237/118 257/234/118
f 261/238/119 260/239/119 259/236/119
f 242/219/120 250/227/120 204/180/120
f 264/240/121 262/241/121 261/238/121
f 201/181/122 263/242/122 264/240/122
f 108/65/123 285/243/123 106/66/123
f 110/68/124 286/244/124 108/65/124
f 112/70/125 287/245/125 110/68/125
f 114/72/126 288/246/126 112/70/126
f 116/74/127 289/247/127 114/72/127
f 118/76/128 290/248/128 116/74/128
f 120/78/129 291/249/129 118/76/129
f 122/80/130 292/250/130 120/78/130
f 122/80/131 294/251/131 293/252/131
f 266/253/132 264/240/132 296/254/132
f 296/254/133 261/238/133 295/255/133
f 295/255/134 259/236/134 294/251/134
f 294/251/135 257/234/135 293/252/135
f 293/252/136 255/232/136 292/250/136
f 292/250/137 253/230/137 291/249/137
f 291/249/138 251/231/138 290/248/138
f 289/247/139 251/231/139 249/228/139
f 288/246/140 249/228/140 247/226/140
f 287/245/141 247/226/141 245/224/141
f 286/244/142 245/224/142 243/222/142
f 285/243/143 243/222/143 241/220/143
f 284/256/144 241/220/144 239/218/144
f 283/257/145 239/218/145 237/216/145
f 282/258/146 237/216/146 235/214/146
f 281/259/147 235/214/147 233/212/147
f 280/260/148 233/212/148 231/210/148
f 279/261/149 231/210/149 229/208/149
f 278/262/150 229/208/150 227/206/150
f 277/263/151 227/206/151 225/204/151
f 276/264/152 225/204/152 223/202/152
f 275/265/153 223/202/153 221/200/153
f 274/266/154 221/200/154 219/196/154
f 274/266/155 217/194/155 273/267/155
f 273/267/156 215/192/156 272/268/156
f 272/268/157 213/190/157 271/269/157
f 271/269/158 211/188/158 270/270/158
f 270/270/159 209/186/159 269/271/159
f 269/271/160 207/184/160 268/272/160
f 268/272/161 205/182/161 267/273/161
f 267/273/162 202/179/162 265/274/162
f 265/274/163 201/181/163 266/253/163
f 297/275/164 299/276/164 300/277/164
f 302/278/165 304/279/165 301/280/165
f 306/281/164 308/282/164 305/283/164
f 310/284/165 312/285/165 309/286/165
f 314/287/165 316/288/165 313/289/165
f 318/290/164 297/275/164 317/291/164
f 319/292/164 306/281/164 305/283/164
f 322/293/165 313/289/165 321/294/165
f 328/295/166 302/278/166 307/296/166
f 331/297/167 320/298/167 330/299/167
f 334/300/168 322/293/168 333/301/168
f 337/302/168 333/301/168 336/303/168
f 311/304/169 339/305/169 340/306/169
f 341/307/167 331/297/167 330/299/167
f 343/308/167 341/307/167 299/276/167
f 344/309/168 336/303/168 303/310/168
f 315/311/165 309/286/165 316/288/165
f 340/306/164 317/291/164 325/312/164
f 303/310/165 326/313/165 304/279/165
f 299/276/164 323/314/164 300/277/164
f 311/304/170 325/312/170 312/285/170
f 336/303/165 327/315/165 326/313/165
f 323/314/164 330/299/164 324/316/164
f 330/299/164 319/292/164 324/316/164
f 308/282/171 302/278/171 301/280/171
f 333/301/165 321/294/165 327/315/165
f 345/317/172 347/318/172 328/295/172
f 348/319/173 350/320/173 351/321/173
f 353/322/172 355/323/172 352/324/172
f 356/325/173 358/326/173 338/327/173
f 332/328/172 346/329/172 345/317/172
f 335/330/173 349/331/173 348/319/173
f 347/318/174 329/332/174 328/295/174
f 331/297/172 359/333/172 332/328/172
f 335/330/168 314/287/168 322/293/168
f 320/298/167 345/317/167 306/281/167
f 356/325/168 311/304/168 310/284/168
f 352/324/167 298/334/167 318/290/167
f 348/319/168 315/311/168 314/287/168
f 345/317/167 307/296/167 306/281/167
f 329/332/168 303/310/168 302/278/168
f 339/305/167 318/290/167 340/306/167
f 298/334/167 343/308/167 299/276/167
f 351/321/168 310/284/168 315/311/168
f 361/335/173 344/309/173 329/332/173
f 364/336/172 352/324/172 339/305/172
f 354/337/172 343/308/172 355/323/172
f 351/321/173 357/338/173 356/325/173
f 363/339/173 337/302/173 344/309/173
f 343/308/172 367/340/172 342/341/172
f 342/341/172 362/342/172 331/297/172
f 358/326/175 339/305/175 338/327/175
f 366/343/173 334/300/173 337/302/173
f 334/300/173 360/344/173 335/330/173
f 370/345/176 372/346/176 369/347/176
f 387/348/177 389/349/177 386/350/177
f 391/351/178 393/352/178 390/353/178
f 395/354/179 397/355/179 394/356/179
f 399/357/180 401/358/180 398/359/180
f 403/360/181 405/361/181 402/362/181
f 407/363/182 409/364/182 406/365/182
f 416/366/183 418/367/183 415/368/183
f 419/369/184 421/370/184 422/371/184
f 423/372/185 425/373/185 426/374/185
f 427/375/186 429/376/186 430/377/186
f 431/378/187 433/379/187 434/380/187
f 435/381/188 437/382/188 438/383/188
f 451/384/189 453/385/189 454/386/189
f 455/387/190 457/388/190 458/389/190
f 459/390/191 461/391/191 462/392/191
f 463/393/192 465/394/192 466/395/192
f 467/396/193 469/397/193 470/398/193
f 471/399/194 473/400/194 474/401/194
f 475/402/195 477/403/195 478/404/195
f 479/405/196 481/406/196 482/407/196
f 484/408/197 486/409/197 483/410/197
f 488/411/198 490/412/198 487/413/198
f 492/414/199 494/415/199 491/416/199
f 496/417/200 498/418/200 495/419/200
f 500/420/201 502/421/201 499/422/201
f 512/423/202 514/424/202 511/425/202
f 516/426/203 518/427/203 515/428/203
f 520/429/204 522/430/204 519/431/204
f 524/432/205 526/433/205 523/434/205
f 528/435/206 530/436/206 527/437/206
f 532/438/207 534/439/207 531/440/207
f 540/441/208 542/442/208 543/443/208
f 544/444/209 546/445/209 547/446/209
f 548/447/210 550/448/210 551/449/210
f 552/450/211 554/451/211 555/452/211
f 556/453/212 558/454/212 559/455/212
f 560/456/213 562/457/213 563/458/213
f 576/459/214 578/460/214 579/461/214
f 580/462/215 582/463/215 583/464/215
f 584/465/216 586/466/216 587/467/216
f 588/468/217 590/469/217 591/470/217
f 592/471/218 594/472/218 595/473/218
f 596/474/219 598/475/219 599/476/219
f 600/477/220 602/478/220 603/479/220
f 605/480/221 607/481/221 604/482/221
f 609/483/222 611/484/222 608/485/222
f 613/486/223 615/487/223 612/488/223
f 617/489/224 619/490/224 616/491/224
f 676/492/225 678/493/225 679/494/225
f 710/495/226 712/496/226 709/497/226
f 730/498/227 732/499/227 729/500/227
f 733/501/228 735/502/228 736/503/228
f 738/504/229 740/505/229 737/506/229
f 742/507/230 744/508/230 741/509/230
f 745/510/230 747/511/230 748/512/230
f 623/513/231 732/499/231 713/514/231
f 677/515/232 746/516/232 649/517/232
f 645/518/233 729/500/233 622/519/233
f 676/492/234 681/520/234 747/511/234
f 731/521/235 646/522/235 714/523/235
f 745/510/236 726/524/236 650/525/236
f 631/526/237 748/512/237 680/527/237
f 684/528/238 730/498/238 644/529/238
f 647/530/239 711/531/239 735/502/239
f 678/493/240 648/532/240 734/533/240
f 682/534/241 679/494/241 733/501/241
f 683/535/242 736/503/242 710/495/242
f 727/536/243 741/509/243 739/537/243
f 620/538/244 728/539/244 738/504/244
f 629/540/245 621/541/245 737/506/245
f 630/542/246 740/505/246 744/508/246
f 749/543/247 369/347/247 750/544/247
f 494/415/248 616/491/248 491/416/248
f 490/412/249 612/488/249 487/413/249
f 486/409/250 608/485/250 483/410/250
f 482/407/251 604/482/251 479/405/251
f 478/404/252 600/477/252 475/402/252
f 474/401/253 596/474/253 471/399/253
f 470/398/254 592/471/254 467/396/254
f 466/395/255 588/468/255 463/393/255
f 462/392/256 584/465/256 459/390/256
f 458/389/257 580/462/257 455/387/257
f 446/545/258 568/546/258 443/547/258
f 442/548/259 564/549/259 439/550/259
f 438/383/260 560/456/260 435/381/260
f 434/380/261 556/453/261 431/378/261
f 430/377/262 552/450/262 427/375/262
f 426/374/263 548/447/263 423/372/263
f 422/371/264 544/444/264 419/369/264
f 418/367/265 540/441/265 415/368/265
f 414/551/266 535/552/266 410/553/266
f 409/364/267 531/440/267 406/365/267
f 405/361/268 527/437/268 402/362/268
f 401/358/269 523/434/269 398/359/269
f 397/355/270 519/431/270 394/356/270
f 381/554/271 503/555/271 378/556/271
f 377/557/272 499/422/272 373/558/272
f 498/418/273 624/559/273 495/419/273
f 677/515/274 747/511/274 746/516/274
f 729/500/275 644/529/275 730/498/275
f 732/499/276 714/523/276 713/514/276
f 746/516/277 650/525/277 649/517/277
f 680/527/278 747/511/278 681/520/278
f 712/496/279 730/498/279 709/497/279
f 685/560/280 644/529/280 643/561/280
f 748/512/281 742/507/281 745/510/281
f 651/562/282 726/524/282 725/563/282
f 682/534/283 736/503/283 683/535/283
f 679/494/284 734/533/284 733/501/284
f 647/530/285 734/533/285 648/532/285
f 711/531/286 736/503/286 735/502/286
f 684/528/287 710/495/287 709/497/287
f 646/522/288 711/531/288 647/530/288
f 677/515/289 648/532/289 678/493/289
f 681/520/290 679/494/290 682/534/290
f 630/542/291 737/506/291 740/505/291
f 620/538/292 737/506/292 621/541/292
f 728/539/293 739/537/293 738/504/293
f 744/508/294 739/537/294 741/509/294
f 620/538/295 713/514/295 728/539/295
f 741/509/236 726/524/236 742/507/236
f 631/526/237 744/508/237 743/564/237
f 629/540/296 622/519/296 621/541/296
f 708/565/297 631/526/297 680/527/297
f 675/566/298 714/523/298 646/522/298
f 752/567/299 749/543/299 750/544/299
f 754/568/300 756/569/300 753/570/300
f 756/569/301 757/571/301 758/572/301
f 758/572/302 759/573/302 760/574/302
f 812/575/303 813/576/303 814/577/303
f 755/578/304 815/579/304 816/580/304
f 814/577/305 817/581/305 818/582/305
f 817/581/306 753/570/306 818/582/306
f 817/581/307 815/579/307 754/568/307
f 811/583/308 824/584/308 820/585/308
f 803/586/309 826/587/309 805/588/309
f 807/589/310 826/587/310 827/590/310
f 789/591/311 828/592/311 829/593/311
f 799/594/312 831/595/312 801/596/312
f 793/597/313 833/598/313 795/599/313
f 771/600/314 835/601/314 773/602/314
f 785/603/315 836/604/315 837/605/315
f 779/606/316 838/607/316 839/608/316
f 791/609/317 829/593/317 840/610/317
f 767/611/318 842/612/318 769/613/318
f 761/614/319 844/615/319 763/616/319
f 773/602/320 845/617/320 775/618/320
f 757/571/321 816/580/321 846/619/321
f 759/573/322 846/619/322 847/620/322
f 811/583/323 819/621/323 813/576/323
f 817/581/324 819/621/324 823/622/324
f 801/596/325 825/623/325 803/586/325
f 797/624/326 833/598/326 848/625/326
f 807/589/327 824/584/327 809/626/327
f 799/594/328 848/625/328 830/627/328
f 779/606/329 849/628/329 781/629/329
f 791/609/330 832/630/330 793/597/330
f 785/603/331 828/592/331 787/631/331
f 777/632/332 845/617/332 838/607/332
f 771/600/333 842/612/333 834/633/333
f 781/629/334 836/604/334 783/634/334
f 763/616/335 850/635/335 765/636/335
f 767/611/336 850/635/336 841/637/336
f 759/573/337 843/638/337 761/614/337
f 851/639/338 853/640/338 854/641/338
f 836/604/339 855/642/339 856/643/339
f 834/633/339 861/644/339 862/645/339
f 834/633/339 865/646/339 835/601/339
f 838/607/339 869/647/339 839/608/339
f 815/579/339 852/648/339 851/639/339
f 839/608/339 855/642/339 849/628/339
f 830/627/340 872/649/340 859/650/340
f 837/605/339 875/651/339 828/592/339
f 828/592/339 863/652/339 829/593/339
f 823/622/339 822/653/339 852/648/339
f 831/595/339 881/654/339 825/623/339
f 837/605/339 856/643/339 874/655/339
f 855/642/303 901/656/303 900/657/303
f 872/649/341 891/658/341 859/650/341
f 875/651/300 898/659/300 897/660/300
f 863/652/301 897/660/301 896/661/301
f 852/648/342 884/662/342 853/640/342
f 858/663/343 907/664/343 873/665/343
f 881/654/344 890/666/344 889/667/344
f 856/643/306 898/659/306 874/655/306
f 867/668/345 885/669/345 821/670/345
f 855/642/305 899/671/305 856/643/305
f 861/644/346 905/672/346 862/645/346
f 865/646/347 905/672/347 904/673/347
f 869/647/348 902/674/348 901/656/348
f 871/675/349 911/676/349 910/677/349
f 946/678/350 948/679/350 945/680/350
f 948/679/351 949/681/351 950/682/351
f 950/682/352 951/683/352 952/684/352
f 952/684/353 953/685/353 954/686/353
f 953/685/354 956/687/354 954/686/354
f 955/688/355 958/689/355 956/687/355
f 957/690/356 960/691/356 958/689/356
f 959/692/357 962/693/357 960/691/357
f 961/694/358 964/695/358 962/693/358
f 963/696/359 966/697/359 964/695/359
f 966/697/360 967/698/360 968/699/360
f 968/699/361 969/700/361 970/701/361
f 970/701/362 971/702/362 972/703/362
f 971/702/363 974/704/363 972/703/363
f 974/704/364 975/705/364 976/706/364
f 976/706/365 977/707/365 978/708/365
f 977/707/366 980/709/366 978/708/366
f 980/709/367 981/710/367 982/711/367
f 981/710/368 984/712/368 982/711/368
f 984/712/369 985/713/369 986/714/369
f 986/714/370 987/715/370 988/716/370
f 987/715/371 990/717/371 988/716/371
f 990/717/372 991/718/372 992/719/372
f 991/718/373 994/720/373 992/719/373
f 993/721/374 996/722/374 994/720/374
f 995/723/375 998/724/375 996/722/375
f 997/725/376 1000/726/376 998/724/376
f 1000/726/377 1001/727/377 1002/728/377
f 1001/727/378 1004/729/378 1002/728/378
f 1003/730/379 1006/731/379 1004/729/379
f 969/700/380 1007/732/380 1008/733/380
f 1005/734/381 1010/735/381 1006/731/381
f 1009/736/382 945/680/382 1010/735/382
f 945/680/383 1011/737/383 1012/738/383
f 1014/739/364 1016/740/364 1013/741/364
f 947/742/384 1026/743/384 1027/744/384
f 1009/736/385 1026/743/385 946/678/385
f 1003/730/386 1028/745/386 1029/746/386
f 955/688/387 1025/747/387 1021/748/387
f 947/742/388 1043/749/388 949/681/388
f 959/692/389 1017/750/389 961/694/389
f 1003/730/390 1014/739/390 1005/734/390
f 1009/736/391 1014/739/391 1013/741/391
f 999/751/392 1028/745/392 1001/727/392
f 1020/752/382 1060/753/382 1039/754/382
f 1027/744/366 1046/755/366 1045/756/366
f 1028/745/362 1047/757/362 1029/746/362
f 1037/758/353 1057/759/353 1056/760/353
f 1043/749/367 1045/756/367 1074/761/367
f 1025/747/393 1071/762/393 1021/748/393
f 1014/739/363 1047/757/363 1015/763/363
f 1019/764/381 1061/765/381 1020/752/381
f 1036/766/357 1053/767/357 1052/768/357
f 1028/745/361 1049/769/361 1048/770/361
f 1041/771/352 1058/772/352 1057/759/352
f 1026/743/365 1016/740/365 1046/755/365
f 1040/773/379 1062/774/379 1019/764/379
f 1035/775/356 1054/776/356 1053/767/356
f 1017/750/373 1069/777/373 1068/778/373
f 1039/754/394 1059/779/394 1033/780/394
f 1034/781/351 1059/779/351 1058/772/351
f 1008/733/377 1065/782/377 1064/783/377
f 1006/731/395 1104/784/395 1103/785/395
f 1002/728/396 1100/786/396 1000/726/396
f 994/720/397 1098/787/397 1097/788/397
f 984/712/398 1093/789/398 1092/790/398
f 998/724/399 1098/787/399 996/722/399
f 980/709/400 1089/791/400 978/708/400
f 992/719/401 1095/792/401 990/717/401
f 982/711/402 1090/793/402 980/709/402
f 964/695/403 1081/794/403 962/693/403
f 974/704/404 1088/795/404 1087/796/404
f 968/699/405 1085/797/405 1084/798/405
f 958/689/406 1080/799/406 1079/800/406
f 952/684/407 1077/801/407 1076/802/407
f 964/695/408 1083/803/408 1082/804/408
f 948/679/409 1075/805/409 1011/737/409
f 945/680/410 1104/784/410 1010/735/410
f 1004/729/411 1101/806/411 1002/728/411
f 1004/729/412 1103/785/412 1102/807/412
f 992/719/413 1097/788/413 1096/808/413
f 988/716/414 1093/789/414 986/714/414
f 1000/726/415 1099/809/415 998/724/415
f 988/716/416 1095/792/416 1094/810/416
f 972/703/417 1085/797/417 970/701/417
f 984/712/418 1091/811/418 982/711/418
f 978/708/419 1088/795/419 976/706/419
f 972/703/420 1087/796/420 1086/812/420
f 954/686/421 1078/813/421 1077/801/421
f 968/699/422 1083/803/422 966/697/422
f 962/693/423 1080/799/423 960/691/423
f 952/684/424 1075/805/424 950/682/424
f 956/687/425 1079/800/425 1078/813/425
f 1106/814/365 1108/815/365 1105/816/365
f 1107/817/364 1110/818/364 1108/815/364
f 1110/818/363 1111/819/363 1112/820/363
f 1112/820/362 1113/821/362 1114/822/362
f 1113/821/361 1116/823/361 1114/822/361
f 1115/824/426 1118/825/426 1116/823/426
f 1117/826/359 1120/827/359 1118/825/359
f 1120/827/358 1121/828/358 1122/829/358
f 1121/828/357 1124/830/357 1122/829/357
f 1123/831/356 1126/832/356 1124/830/356
f 1126/832/427 1127/833/427 1128/834/427
f 1127/833/354 1130/835/354 1128/834/354
f 1130/835/353 1131/836/353 1132/837/353
f 1131/836/352 1134/838/352 1132/837/352
f 1134/838/351 1135/839/351 1136/840/351
f 1135/839/350 1138/841/350 1136/840/350
f 1137/842/382 1140/843/382 1138/841/382
f 1140/843/381 1141/844/381 1142/845/381
f 1141/844/379 1144/846/379 1142/845/379
f 1143/847/378 1146/848/378 1144/846/378
f 1145/849/428 1148/850/428 1146/848/428
f 1147/851/376 1150/852/376 1148/850/376
f 1150/852/375 1151/853/375 1152/854/375
f 1152/854/374 1153/855/374 1154/856/374
f 1153/855/373 1156/857/373 1154/856/373
f 1156/857/372 1157/858/372 1158/859/372
f 1157/858/371 1160/860/371 1158/859/371
f 1160/860/393 1161/861/393 1162/862/393
f 1161/861/369 1164/863/369 1162/862/369
f 1163/864/368 1166/865/368 1164/863/368
f 1129/866/429 1167/867/429 1168/868/429
f 1165/869/367 1170/870/367 1166/865/367
f 1169/871/366 1105/816/366 1170/870/366
f 1105/816/430 1171/872/430 1172/873/430
f 1174/874/351 1176/875/351 1173/876/351
f 1107/817/431 1186/877/431 1187/878/431
f 1169/871/432 1186/877/432 1106/814/432
f 1163/864/433 1188/879/433 1189/880/433
f 1115/824/434 1185/881/434 1181/882/434
f 1109/883/435 1187/878/435 1203/884/435
f 1121/828/436 1183/885/436 1177/886/436
f 1163/864/437 1174/874/437 1165/869/437
f 1169/871/438 1174/874/438 1173/876/438
f 1159/887/439 1188/879/439 1161/861/439
f 1180/888/366 1220/889/366 1199/890/366
f 1186/877/382 1205/891/382 1187/878/382
f 1188/879/353 1207/892/353 1189/880/353
f 1201/893/362 1216/894/362 1197/895/362
f 1203/884/381 1205/891/381 1234/896/381
f 1181/882/377 1232/897/377 1231/898/377
f 1189/880/352 1175/899/352 1174/874/352
f 1179/900/367 1221/901/367 1180/888/367
f 1196/902/358 1213/903/358 1212/904/358
f 1188/879/354 1209/905/354 1208/906/354
f 1201/893/363 1218/907/363 1217/908/363
f 1186/877/350 1176/875/350 1206/909/350
f 1179/900/368 1223/910/368 1222/911/368
f 1195/912/359 1214/913/359 1213/903/359
f 1199/890/440 1219/914/440 1193/915/440
f 1194/916/364 1219/914/364 1218/907/364
f 1168/868/393 1225/917/393 1224/918/393
f 1166/865/441 1264/919/441 1263/920/441
f 1160/860/442 1261/921/442 1260/922/442
f 1154/856/443 1258/923/443 1257/924/443
f 1144/846/444 1253/925/444 1252/926/444
f 1158/859/445 1258/923/445 1156/857/445
f 1140/843/446 1249/927/446 1138/841/446
f 1152/854/447 1255/928/447 1150/852/447
f 1142/845/448 1250/929/448 1140/843/448
f 1124/830/449 1241/930/449 1122/829/449
f 1134/838/450 1248/931/450 1247/932/450
f 1128/834/451 1245/933/451 1244/934/451
f 1118/825/452 1240/935/452 1239/936/452
f 1112/820/453 1237/937/453 1236/938/453
f 1124/830/454 1243/939/454 1242/940/454
f 1110/818/455 1171/872/455 1108/815/455
f 1105/816/456 1264/919/456 1170/870/456
f 1164/863/457 1261/921/457 1162/862/457
f 1164/863/458 1263/920/458 1262/941/458
f 1152/854/459 1257/924/459 1256/942/459
f 1148/850/460 1253/925/460 1146/848/460
f 1160/860/461 1259/943/461 1158/859/461
f 1148/850/462 1255/928/462 1254/944/462
f 1130/835/463 1246/945/463 1245/933/463
f 1142/845/464 1252/926/464 1251/946/464
f 1138/841/465 1248/931/465 1136/840/465
f 1132/837/466 1247/932/466 1246/945/466
f 1114/822/467 1238/947/467 1237/937/467
f 1128/834/468 1243/939/468 1126/832/468
f 1122/829/469 1240/935/469 1120/827/469
f 1112/820/470 1235/948/470 1110/818/470
f 1118/825/471 1238/947/471 1116/823/471
f 1266/949/472 1268/950/472 1265/951/472
f 1270/952/473 1272/953/473 1269/954/473
f 1273/955/31 1275/956/31 1276/957/31
f 1278/958/474 1280/959/474 1277/960/474
f 1285/961/475 1276/957/475 1286/962/475
f 1287/963/476 1288/964/476 1275/956/476
f 1280/959/477 1273/955/477 1289/965/477
f 1290/966/478 1274/967/478 1279/968/478
f 1290/966/479 1278/958/479 1281/969/479
f 1273/955/480 1279/968/480 1274/967/480
f 1285/961/481 1273/955/481 1276/957/481
f 1290/966/482 1275/956/482 1274/967/482
f 1288/964/483 1276/957/483 1275/956/483
f 1267/970/484 1286/962/484 1269/954/484
f 1265/951/485 1277/960/485 1266/949/485
f 1285/961/472 1293/971/472 1289/965/472
f 1284/972/486 1288/964/486 1287/963/486
f 1266/949/485 1280/959/485 1289/965/485
f 1268/950/484 1269/954/484 1272/953/484
f 1281/969/487 1287/963/487 1290/966/487
f 1278/958/488 1295/973/488 1296/974/488
f 1288/964/473 1269/954/473 1286/962/473
f 1298/975/489 1300/976/489 1297/977/489
f 1267/970/472 1298/975/472 1297/977/472
f 1266/949/472 1293/971/472 1298/975/472
f 1267/970/490 1292/978/490 1285/961/490
f 1301/979/472 1300/976/472 1299/980/472
f 1293/971/491 1302/981/491 1301/979/491
f 1297/977/492 1302/981/492 1292/978/492
f 1293/971/493 1299/980/493 1298/975/493
f 1304/982/474 1295/973/474 1303/983/474
f 1291/984/494 1295/973/494 1277/960/494
f 1268/950/472 1306/985/472 1265/951/472
f 1307/986/473 1271/987/473 1308/988/473
f 1309/989/120 1311/990/120 1312/991/120
f 1314/992/474 1316/993/474 1313/994/474
f 1319/995/495 1320/996/495 1310/997/495
f 1321/998/496 1311/990/496 1322/999/496
f 1314/992/497 1323/1000/497 1309/989/497
f 1324/1001/498 1315/1002/498 1312/991/498
f 1316/993/479 1324/1001/479 1317/1003/479
f 1315/1002/499 1309/989/499 1312/991/499
f 1319/995/500 1309/989/500 1323/1000/500
f 1324/1001/501 1311/990/501 1321/998/501
f 1311/990/502 1320/996/502 1322/999/502
f 1305/1004/484 1320/996/484 1319/995/484
f 1313/994/485 1265/951/485 1306/985/485
f 1325/1005/472 1319/995/472 1323/1000/472
f 1322/999/486 1318/1006/486 1321/998/486
f 1314/992/485 1306/985/485 1323/1000/485
f 1268/950/484 1307/986/484 1305/1004/484
f 1321/998/487 1317/1003/487 1324/1001/487
f 1316/993/503 1328/1007/503 1313/994/503
f 1307/986/473 1322/999/473 1320/996/473
f 1329/1008/491 1331/1009/491 1332/1010/491
f 1305/1004/472 1332/1010/472 1306/985/472
f 1306/985/472 1325/1005/472 1323/1000/472
f 1326/1011/490 1305/1004/490 1319/995/490
f 1330/1012/472 1334/1013/472 1331/1009/472
f 1334/1013/489 1326/1011/489 1325/1005/489
f 1333/1014/504 1329/1008/504 1326/1011/504
f 1331/1009/493 1325/1005/493 1332/1010/493
f 1328/1007/474 1304/982/474 1303/983/474
f 1328/1007/494 1291/984/494 1313/994/494
f 67/106/505 2004/1015/505 66/85/505
f 1998/1016/505 2036/1017/505 2029/1018/505
f 1997/1019/505 1998/1016/505 65/1020/505
f 2045/1021/505 2005/1022/505 67/106/505
f 1999/1023/506 2001/1024/506 2000/1025/506
f 2041/1026/505 2037/1027/505 2040/1028/505
f 1998/1016/505 1999/1023/505 2040/1028/505
f 1836/1029/505 2033/1030/505 2041/1026/505
f 1997/1019/507 1837/1031/507 2001/1024/507
f 2005/1022/505 1844/1032/505 1842/1033/505
f 1837/1031/508 1842/1033/508 1835/1034/508
f 1835/1034/509 1842/1033/509 1844/1032/509
f 2030/1035/510 2032/1036/510 2046/1037/510
f 69/105/511 2045/1021/511 67/106/511
f 68/1038/511 2093/1039/511 2096/1040/511
f 68/1038/512 2029/1018/512 2062/1041/512
f 2068/1042/511 2099/1043/511 2100/1044/511
f 2029/1018/513 2064/1045/513 2062/1041/513
f 2093/1039/514 2062/1041/514 2064/1045/514
f 2046/1037/515 2045/1021/515 2066/1046/515
f 2094/1047/511 2096/1040/511 2095/1048/511
f 2068/1042/511 2101/1049/511 2067/1050/511
f 2063/1051/516 2030/1035/516 2046/1037/516
f 2095/1048/511 2064/1045/511 2063/1051/511
f 2065/1052/517 2066/1046/517 2067/1050/517
f 2067/1050/517 2102/1053/517 2065/1052/517
f 2098/1054/516 2097/1055/516 2094/1047/516
f 2100/1044/514 2103/1056/514 2101/1049/514
f 71/104/518 2099/1043/518 69/105/518
f 2134/1057/519 2120/1058/519 2133/1059/519
f 2117/1060/518 2120/1058/518 2136/1061/518
f 70/1062/518 2099/1043/518 2119/1063/518
f 2135/1064/518 72/1065/518 2118/1066/518
f 2117/1060/520 2118/1066/520 2119/1063/520
f 2118/1066/521 2136/1061/521 2135/1064/521
f 73/103/522 2133/1059/522 71/104/522
f 2159/1067/523 2157/1068/523 2158/1069/523
f 72/1065/524 2133/1059/524 2144/1070/524
f 2155/1071/522 2158/1069/522 74/1072/522
f 75/102/525 2157/1068/525 73/103/525
f 2164/1073/525 2168/1074/525 2170/1075/525
f 74/1072/526 2157/1068/526 2164/1073/526
f 2167/1076/527 2164/1073/527 2170/1075/527
f 74/1072/528 2164/1073/528 2167/1076/528
f 2170/1075/529 2169/1077/529 2167/1076/529
f 2168/1074/530 77/101/530 2183/1078/530
f 2183/1078/531 2189/1079/531 2191/1080/531
f 2183/1078/530 76/1081/530 2168/1074/530
f 2190/1082/532 2191/1080/532 2189/1079/532
f 2187/1083/533 2186/1084/533 2191/1080/533
f 2191/1080/534 2190/1082/534 2187/1083/534
f 2189/1079/535 79/100/535 2202/1085/535
f 1929/1086/536 2213/1087/536 2202/1085/536
f 2202/1085/537 78/1088/537 2189/1079/537
f 1935/1089/538 1929/1086/538 1927/1090/538
f 1926/1091/536 2213/1087/536 1929/1086/536
f 1929/1086/539 1935/1089/539 1926/1091/539
f 1927/1090/540 81/99/540 1928/1092/540
f 1888/1093/541 1887/1094/541 1930/1095/541
f 1928/1092/540 80/1096/540 1927/1090/540
f 1888/1093/542 1875/1097/542 1887/1094/542
f 80/1096/540 1930/1095/540 1876/1098/540
f 1887/1094/543 1875/1097/543 1876/1098/543
f 2226/1099/544 83/98/544 2228/1100/544
f 2228/1100/545 83/98/545 2238/1101/545
f 2228/1100/544 82/1102/544 2226/1099/544
f 2237/1103/544 2241/1104/544 2221/1105/544
f 2238/1101/546 2221/1105/546 2222/1106/546
f 1871/1107/544 82/1102/544 2228/1100/544
f 1864/1108/547 1871/1107/547 2218/1109/547
f 2221/1105/544 2241/1104/544 2222/1106/544
f 2238/1101/548 85/97/548 2247/1110/548
f 2247/1110/549 2264/1111/549 2263/1112/549
f 2267/1113/550 2268/1114/550 2262/1115/550
f 1863/1116/551 84/1117/551 1862/1118/551
f 86/1119/551 84/1117/551 1861/1120/551
f 2237/1103/552 2247/1110/552 2246/1121/552
f 1862/1118/520 2246/1121/520 1863/1116/520
f 1863/1116/520 2246/1121/520 1861/1120/520
f 2264/1111/553 87/96/553 2284/1122/553
f 2282/1123/554 2283/1124/554 2290/1125/554
f 2283/1124/555 2268/1114/555 2267/1113/555
f 1951/1126/556 1958/1127/556 1952/1128/556
f 2282/1123/557 86/1119/557 2268/1114/557
f 1952/1128/553 86/1119/553 2151/1129/553
f 2284/1122/558 2267/1113/558 2264/1111/558
f 2283/1124/559 2284/1122/559 2290/1125/559
f 2150/1130/560 89/95/560 2149/1131/560
f 1957/1132/561 1953/1133/561 1954/1134/561
f 1953/1133/562 1958/1127/562 1951/1126/562
f 1951/1126/563 2149/1131/563 1953/1133/563
f 1953/1133/560 2149/1131/560 1954/1134/560
f 1957/1132/563 88/1135/563 1958/1127/563
f 88/1135/560 1957/1132/560 1956/1136/560
f 2330/1137/564 2341/1138/564 2342/1139/564
f 2341/1138/565 91/94/565 2351/1140/565
f 1969/1141/564 90/1142/564 1973/1143/564
f 2351/1140/565 92/1144/565 2341/1138/565
f 2330/1137/564 1972/1145/564 1971/1146/564
f 2342/1139/566 1969/1141/566 1972/1145/566
f 1973/1143/567 1971/1146/567 1972/1145/567
f 2351/1140/568 2352/1147/568 2353/1148/568
f 2352/1147/568 93/93/568 2357/1149/568
f 1991/1150/568 92/1144/568 1992/1151/568
f 2357/1149/568 94/1152/568 2352/1147/568
f 1993/1153/568 2351/1140/568 2353/1148/568
f 1991/1150/569 1993/1153/569 2353/1148/569
f 2357/1149/570 2329/1154/570 2327/1155/570
f 93/93/570 2328/1156/570 2329/1154/570
f 1983/1157/571 94/1152/571 1987/1158/571
f 2328/1156/570 96/1159/570 2329/1154/570
f 1986/1160/572 2357/1149/572 2327/1155/572
f 1986/1160/572 2327/1155/572 1983/1157/572
f 1987/1158/573 1985/1161/573 1986/1160/573
f 95/92/574 2301/1162/574 2302/1163/574
f 2328/1156/575 2302/1163/575 2300/1164/575
f 2301/1162/576 98/1165/576 2302/1163/576
f 2302/1163/575 2331/1166/575 2300/1164/575
f 2368/1167/577 2302/1163/577 98/1165/577
f 2300/1164/578 2331/1166/578 1898/1168/578
f 97/91/579 2393/1169/579 2380/1170/579
f 2380/1170/580 2383/1171/580 2299/1172/580
f 2378/1173/579 100/1174/579 98/1165/579
f 100/1174/580 2380/1170/580 2392/1175/580
f 2382/1176/579 2299/1172/579 2383/1171/579
f 2377/1177/579 2382/1176/579 2383/1171/579
f 2390/1178/581 2391/1179/581 2392/1175/581
f 99/90/582 2412/1180/582 2397/1181/582
f 2396/1182/583 2393/1169/583 2397/1181/583
f 2396/1182/583 2390/1178/583 2393/1169/583
f 2404/1183/583 2394/1184/583 100/1174/583
f 2411/1185/584 2412/1180/584 102/1186/584
f 2398/1187/583 2397/1181/583 2395/1188/583
f 2391/1179/585 2390/1178/585 2402/1189/585
f 2395/1188/585 2411/1185/585 2394/1184/585
f 101/89/586 2429/1190/586 2416/1191/586
f 2416/1191/586 2419/1192/586 2417/1193/586
f 104/1194/587 2414/1195/587 2428/1196/587
f 2414/1195/586 104/1194/586 102/1186/586
f 2418/1197/586 2415/1198/586 2414/1195/586
f 2427/1199/588 2414/1195/588 2415/1198/588
f 2415/1198/586 2419/1192/586 2416/1191/586
f 2429/1190/589 2415/1198/589 2416/1191/589
f 106/66/590 103/88/590 105/64/590
f 106/66/590 2429/1190/590 103/88/590
f 104/1194/591 2428/1196/591 2111/1200/591
f 2110/1201/591 2428/1196/591 2427/1199/591
f 2427/1199/590 2109/1202/590 2110/1201/590
f 126/84/592 125/83/592 127/86/592
f 126/84/593 127/86/593 2292/1203/593
f 2294/1204/592 2487/1205/592 2292/1203/592
f 2004/1015/594 2293/1206/594 66/85/594
f 66/85/594 2294/1204/594 127/86/594
f 2504/1207/594 2497/1208/594 2502/1209/594
f 2487/1205/594 2497/1208/594 128/1210/594
f 2507/1211/594 1813/1212/594 2004/1015/594
f 2487/1205/595 2293/1206/595 2497/1208/595
f 2293/1206/594 2166/1213/594 2165/1214/594
f 1814/1215/594 2508/1216/594 2509/1217/594
f 66/85/596 64/62/596 127/86/596
f 127/86/597 62/60/597 125/83/597
f 125/83/598 60/58/598 123/81/598
f 123/81/599 58/56/599 121/87/599
f 121/87/600 56/54/600 119/79/600
f 119/79/601 54/52/601 117/77/601
f 117/77/602 52/51/602 115/75/602
f 67/106/603 1/3/603 66/85/603
f 123/81/604 130/107/604 125/83/604
f 123/81/605 156/151/605 155/149/605
f 4/2/606 157/147/606 142/116/606
f 58/56/607 159/148/607 56/54/607
f 60/58/608 158/150/608 58/56/608
f 121/87/609 151/125/609 156/151/609
f 52/51/610 138/113/610 115/75/610
f 60/58/611 145/121/611 153/127/611
f 119/79/612 137/115/612 151/125/612
f 1/3/613 142/116/613 141/118/613
f 127/86/614 149/123/614 66/85/614
f 62/60/611 146/119/611 145/121/611
f 117/77/615 138/113/615 137/115/615
f 54/52/616 133/112/616 52/51/616
f 66/85/617 157/147/617 67/106/617
f 125/83/618 129/109/618 127/86/618
f 64/62/619 141/118/619 146/119/619
f 56/54/620 134/110/620 54/52/620
f 2313/1218/621 65/1020/621 2759/1219/621
f 65/1020/622 2758/1220/622 2759/1219/622
f 265/274/622 2305/1221/622 2455/1222/622
f 2455/1222/622 2470/1223/622 265/274/622
f 2755/1224/622 2470/1223/622 2215/1225/622
f 2661/1226/622 2313/1218/622 2752/1227/622
f 2753/1228/622 2759/1219/622 2757/1229/622
f 2216/1230/623 2454/1231/623 2455/1222/623
f 2217/1232/624 2216/1230/624 2224/1233/624
f 2224/1233/625 2215/1225/625 2217/1232/625
f 2662/1234/626 2661/1226/626 2752/1227/626
f 2658/1235/622 2657/1236/622 2753/1228/622
f 2760/1237/627 2756/1238/627 2761/1239/627
f 2216/1230/628 2217/1232/628 2454/1231/628
f 2779/1240/629 2758/1220/629 68/1038/629
f 68/1038/630 2780/1241/630 2779/1240/630
f 2470/1223/630 267/273/630 265/274/630
f 2471/1242/631 2235/1243/631 2232/1244/631
f 2229/1245/630 2420/1246/630 2232/1244/630
f 2782/1247/630 2096/1040/630 2781/1248/630
f 2471/1242/632 2760/1237/632 2777/1249/632
f 2778/1250/633 2758/1220/633 2779/1240/633
f 2778/1250/634 2779/1240/634 2780/1241/634
f 2097/1055/635 2098/1054/635 2781/1248/635
f 2761/1239/636 2777/1249/636 2760/1237/636
f 2778/1250/630 2782/1247/630 2777/1249/630
f 2229/1245/637 2236/1251/637 2230/1252/637
f 2420/1246/638 268/272/638 267/273/638
f 2431/1253/639 2421/1254/639 2113/1255/639
f 2112/1256/640 2431/1253/640 2113/1255/640
f 72/1065/638 2072/1257/638 2115/1258/638
f 2421/1254/641 2230/1252/641 70/1062/641
f 2072/1257/642 2112/1256/642 2113/1255/642
f 2431/1253/643 269/271/643 268/272/643
f 2152/1259/644 2432/1260/644 2154/1261/644
f 74/1072/645 2152/1259/645 2154/1261/645
f 2432/1260/646 2073/1262/646 72/1065/646
f 2112/1256/647 2071/1263/647 2073/1262/647
f 2023/1264/648 2408/1265/648 2024/1266/648
f 270/270/649 269/271/649 2152/1259/649
f 2153/1267/650 2128/1268/650 2126/1269/650
f 2128/1268/651 76/1081/651 2024/1266/651
f 2126/1269/652 2408/1265/652 2125/1270/652
f 74/1072/653 2153/1267/653 2152/1259/653
f 2023/1264/654 271/269/654 270/270/654
f 2025/1271/655 2021/1272/655 2020/1273/655
f 78/1088/656 2017/1274/656 2021/1272/656
f 2025/1271/657 2023/1264/657 76/1081/657
f 2014/1275/658 272/268/658 271/269/658
f 2015/1276/659 2039/1277/659 2034/1278/659
f 2002/1279/658 2018/1280/658 78/1088/658
f 2015/1276/658 2014/1275/658 78/1088/658
f 2002/1279/660 2039/1277/660 2018/1280/660
f 2003/1281/520 2002/1279/520 2018/1280/520
f 2034/1278/661 273/267/661 272/268/661
f 2488/1282/662 2043/1283/662 2056/1284/662
f 2194/1285/662 2038/1286/662 82/1102/662
f 2043/1283/661 2034/1278/661 80/1096/661
f 2178/1287/663 2488/1282/663 2192/1288/663
f 2179/1289/664 2178/1287/664 2192/1288/664
f 2488/1282/665 274/266/665 273/267/665
f 2448/1290/666 2489/1291/666 2447/1292/666
f 2493/1293/666 2448/1290/666 2447/1292/666
f 2265/1294/665 2243/1295/665 82/1102/665
f 2489/1291/665 2488/1282/665 82/1102/665
f 2243/1295/667 2265/1294/667 2493/1293/667
f 2206/1296/668 2439/1297/668 275/265/668
f 275/265/669 2448/1290/669 2206/1296/669
f 2207/1298/670 2448/1290/670 2493/1293/670
f 2197/1299/668 2206/1296/668 2271/1300/668
f 84/1117/668 2272/1301/668 2265/1294/668
f 2199/1302/668 2439/1297/668 2208/1303/668
f 2265/1294/671 2492/1304/671 2493/1293/671
f 2492/1304/672 2272/1301/672 2271/1300/672
f 2208/1303/673 2197/1299/673 2199/1302/673
f 2439/1297/674 276/264/674 275/265/674
f 2279/1305/675 2276/1306/675 2274/1307/675
f 2440/1308/674 2439/1297/674 86/1119/674
f 2276/1306/674 2279/1305/674 86/1119/674
f 2513/1309/676 277/263/676 276/264/676
f 2540/1310/676 2514/1311/676 2289/1312/676
f 2287/1313/676 88/1135/676 2285/1314/676
f 2514/1311/677 2513/1309/677 88/1135/677
f 2286/1315/676 2540/1310/676 2289/1312/676
f 2285/1314/678 2286/1315/678 2289/1312/678
f 2540/1310/679 2612/1316/679 277/263/679
f 277/263/679 2613/1317/679 278/262/679
f 2332/1318/679 92/1144/679 2613/1317/679
f 2335/1319/680 2612/1316/680 2545/1320/680
f 2339/1321/681 2335/1319/681 2334/1322/681
f 2335/1319/682 2340/1323/682 2333/1324/682
f 2333/1324/683 2340/1323/683 2332/1318/683
f 2335/1319/679 2545/1320/679 2334/1322/679
f 278/262/684 1978/1325/684 279/261/684
f 1977/1326/684 2613/1317/684 1976/1327/684
f 1977/1326/684 2350/1328/684 2345/1329/684
f 94/1152/685 1978/1325/685 2344/1330/685
f 2355/1331/686 2350/1328/686 1975/1332/686
f 2345/1329/687 2355/1331/687 2356/1333/687
f 2345/1329/688 2356/1333/688 2344/1330/688
f 1976/1327/689 1975/1332/689 2350/1328/689
f 279/261/690 1825/1334/690 280/260/690
f 1963/1335/690 1978/1325/690 1962/1336/690
f 1963/1335/690 1962/1336/690 1981/1337/690
f 96/1159/690 1825/1334/690 2874/1338/690
f 1961/1339/690 94/1152/690 2867/1340/690
f 2867/1340/690 1962/1336/690 1961/1339/690
f 1982/1341/691 2867/1340/691 2874/1338/691
f 1825/1334/692 1826/1342/692 1829/1343/692
f 1838/1344/693 280/260/693 1829/1343/693
f 1838/1344/694 1829/1343/694 98/1165/694
f 1827/1345/694 1828/1346/694 96/1159/694
f 1826/1342/693 1824/1347/693 1830/1348/693
f 1824/1347/695 1828/1346/695 1830/1348/695
f 1838/1344/696 1849/1349/696 281/259/696
f 1881/1350/697 281/259/697 1849/1349/697
f 1850/1351/696 1849/1349/696 1853/1352/696
f 1852/1353/698 1838/1344/698 98/1165/698
f 1849/1349/699 100/1174/699 1884/1354/699
f 1851/1355/696 1853/1352/696 1852/1353/696
f 1882/1356/700 1883/1357/700 1884/1354/700
f 1881/1350/701 1909/1358/701 282/258/701
f 282/258/701 1967/1359/701 283/257/701
f 1968/1360/702 102/1186/702 1967/1359/702
f 1909/1358/701 1911/1361/701 1912/1362/701
f 1910/1363/701 100/1174/701 1913/1364/701
f 1883/1357/701 1914/1365/701 1881/1350/701
f 1912/1362/701 1911/1361/701 1910/1363/701
f 1913/1364/703 1968/1360/703 1912/1362/703
f 283/257/704 2057/1366/704 284/256/704
f 2008/1367/705 2019/1368/705 2013/1369/705
f 2009/1370/705 102/1186/705 2011/1371/705
f 2011/1371/706 104/1194/706 2059/1372/706
f 2011/1371/707 2060/1373/707 2010/1374/707
f 2010/1374/705 2009/1370/705 2011/1371/705
f 2010/1374/705 2057/1366/705 2013/1369/705
f 2010/1374/705 2013/1369/705 2019/1368/705
f 284/256/708 106/66/708 285/243/708
f 106/66/708 2057/1366/708 2109/1202/708
f 2111/1200/709 2059/1372/709 104/1194/709
f 2059/1372/709 2110/1201/709 2060/1373/709
f 2060/1373/708 2109/1202/708 2057/1366/708
f 295/255/710 124/82/710 1948/1375/710
f 294/251/710 124/82/710 295/255/710
f 1948/1375/710 2242/1376/710 1938/1377/710
f 126/84/711 2270/1378/711 2242/1376/711
f 2257/1379/712 126/84/712 2256/1380/712
f 1938/1377/711 296/254/711 295/255/711
f 1945/1381/712 2251/1382/712 296/254/712
f 2259/1383/712 2252/1384/712 2261/1385/712
f 1945/1381/711 2242/1376/711 2270/1378/711
f 1945/1381/713 2270/1378/713 2255/1386/713
f 2259/1383/714 2258/1387/714 2260/1388/714
f 2254/1389/712 1946/1390/712 2255/1386/712
f 128/1210/715 2317/1391/715 2256/1380/715
f 2314/1392/715 128/1210/715 2313/1218/715
f 2251/1382/715 266/253/715 296/254/715
f 2306/1393/715 2305/1221/715 266/253/715
f 2305/1221/716 2311/1394/716 2315/1395/716
f 2320/1396/715 2307/1397/715 2251/1382/715
f 2307/1397/715 2312/1398/715 2306/1393/715
f 2318/1399/715 2256/1380/715 2317/1391/715
f 2317/1391/715 2319/1400/715 2318/1399/715
f 2258/1387/717 2310/1401/717 2260/1388/717
f 2319/1400/715 2315/1395/715 2321/1402/715
f 2309/1403/718 2311/1394/718 2308/1404/718
f 2309/1403/719 2307/1397/719 2320/1396/719
f 264/240/720 266/253/720 296/254/720
f 261/238/721 296/254/721 295/255/721
f 259/236/722 295/255/722 294/251/722
f 257/234/723 294/251/723 293/252/723
f 255/232/724 293/252/724 292/250/724
f 253/230/725 292/250/725 291/249/725
f 251/231/726 291/249/726 290/248/726
f 201/181/727 265/274/727 266/253/727
f 300/277/728 294/251/728 295/255/728
f 294/251/729 324/316/729 293/252/729
f 202/179/730 325/312/730 265/274/730
f 326/313/731 257/234/731 255/232/731
f 327/315/732 259/236/732 257/234/732
f 293/252/733 319/292/733 292/250/733
f 308/282/734 251/231/734 290/248/734
f 259/236/735 313/289/735 261/238/735
f 292/250/736 305/283/736 291/249/736
f 201/181/737 312/285/737 202/179/737
f 317/291/738 296/254/738 266/253/738
f 261/238/739 316/288/739 264/240/739
f 291/249/740 308/282/740 290/248/740
f 301/280/741 253/230/741 251/231/741
f 325/312/742 266/253/742 265/274/742
f 297/275/743 295/255/743 296/254/743
f 264/240/744 309/286/744 201/181/744
f 304/279/745 255/232/745 253/230/745
f 2253/1405/746 2303/1406/746 377/557/746
f 2252/1384/746 377/557/746 373/558/746
f 2253/1405/746 2252/1384/746 374/1407/746
f 374/1407/746 2254/1389/746 2253/1405/746
f 375/1408/746 377/557/746 2303/1406/746
f 375/1408/747 376/1409/747 2304/1410/747
f 2304/1410/748 377/557/748 375/1408/748
f 2260/1388/749 381/554/749 2310/1401/749
f 2315/1395/749 381/554/749 378/556/749
f 2321/1402/749 2315/1395/749 379/1411/749
f 379/1411/749 2259/1383/749 2310/1401/749
f 383/1412/750 2661/1226/750 2662/1234/750
f 382/1413/751 2657/1236/751 2658/1235/751
f 2658/1235/751 2657/1236/751 385/1414/751
f 2662/1234/751 385/1414/751 2657/1236/751
f 411/1415/752 414/551/752 410/553/752
f 411/1415/752 412/1416/752 414/551/752
f 412/1416/753 413/1417/753 414/551/753
f 1827/1345/754 1828/1346/754 439/550/754
f 442/548/755 1828/1346/755 1823/1418/755
f 1828/1346/754 440/1419/754 441/1420/754
f 441/1420/755 1823/1418/755 1828/1346/755
f 1850/1351/756 1851/1355/756 443/547/756
f 446/545/757 1851/1355/757 1852/1353/757
f 1851/1355/757 444/1421/757 445/1422/757
f 445/1422/757 1852/1353/757 1851/1355/757
f 448/1423/758 449/1424/758 447/1425/758
f 447/1425/758 449/1424/758 1882/1356/758
f 1884/1354/759 1910/1363/759 1882/1356/759
f 504/1426/760 2507/1211/760 503/555/760
f 505/1427/760 2508/1216/760 504/1426/760
f 2508/1216/761 506/1428/761 2507/1211/761
f 506/1428/761 2508/1216/761 1814/1215/761
f 2042/1429/762 2041/1026/762 508/1430/762
f 508/1430/763 2000/1025/763 2042/1429/763
f 507/1431/764 2042/1429/764 510/1432/764
f 510/1432/762 2000/1025/762 2001/1024/762
f 535/552/765 538/1433/765 539/1434/765
f 535/552/766 536/1435/766 538/1433/766
f 536/1435/767 537/1436/767 538/1433/767
f 2368/1167/768 566/1437/768 1898/1168/768
f 564/549/768 565/1438/768 566/1437/768
f 1898/1168/768 567/1439/768 2368/1167/768
f 2378/1173/769 568/546/769 2377/1177/769
f 569/1440/769 2377/1177/769 568/546/769
f 2377/1177/770 2381/1441/770 570/1442/770
f 571/1443/769 2377/1177/769 570/1442/769
f 2404/1183/771 2392/1175/771 2391/1179/771
f 572/1444/772 2404/1183/772 2391/1179/772
f 575/1445/773 572/1444/773 574/1446/773
f 1880/1447/774 1858/1448/774 620/538/774
f 2791/1449/774 2519/1450/774 2822/1451/774
f 627/1452/775 628/1453/775 624/559/775
f 625/1454/776 627/1452/776 624/559/776
f 626/1455/776 627/1452/776 625/1454/776
f 635/1456/280 629/540/280 630/542/280
f 635/1456/280 630/542/280 634/1457/280
f 634/1457/777 630/542/777 632/1458/777
f 634/1457/778 632/1458/778 633/1459/778
f 632/1458/280 630/542/280 631/526/280
f 636/1460/280 629/540/280 635/1456/280
f 637/1461/777 629/540/777 636/1460/777
f 638/1462/779 629/540/779 637/1461/779
f 639/1463/297 645/518/297 638/1462/297
f 645/518/780 629/540/780 638/1462/780
f 640/1464/781 645/518/781 639/1463/781
f 645/518/782 640/1464/782 641/1465/782
f 645/518/297 641/1465/297 644/529/297
f 644/529/783 641/1465/783 642/1466/783
f 644/529/784 642/1466/784 643/561/784
f 2562/1467/785 651/562/785 652/1468/785
f 648/532/786 649/517/786 663/1469/786
f 648/532/787 663/1469/787 664/1470/787
f 648/532/788 664/1470/788 665/1471/788
f 648/532/789 665/1471/789 666/1472/789
f 667/1473/790 648/532/790 666/1472/790
f 668/1474/791 648/532/791 667/1473/791
f 647/530/792 648/532/792 668/1474/792
f 647/530/793 668/1474/793 669/1475/793
f 670/1476/794 647/530/794 669/1475/794
f 671/1477/795 647/530/795 670/1476/795
f 672/1478/796 647/530/796 671/1477/796
f 646/522/797 672/1478/797 673/1479/797
f 646/522/798 673/1479/798 675/566/798
f 651/562/799 2562/1467/799 653/1480/799
f 653/1480/800 654/1481/800 651/562/800
f 651/562/801 654/1481/801 650/525/801
f 656/1482/802 649/517/802 650/525/802
f 655/1483/803 656/1482/803 650/525/803
f 654/1481/804 655/1483/804 650/525/804
f 663/1469/805 649/517/805 662/1484/805
f 662/1484/806 649/517/806 661/1485/806
f 659/1486/807 649/517/807 658/1487/807
f 658/1487/808 649/517/808 657/1488/808
f 657/1488/809 649/517/809 656/1482/809
f 660/1489/810 649/517/810 659/1486/810
f 661/1485/811 649/517/811 660/1489/811
f 673/1479/812 2203/1490/812 675/566/812
f 646/522/813 647/530/813 672/1478/813
f 674/1491/814 675/566/814 2203/1490/814
f 684/528/815 685/560/815 687/1492/815
f 684/528/816 687/1492/816 688/1493/816
f 684/528/817 688/1493/817 683/535/817
f 683/535/818 692/1494/818 682/534/818
f 692/1494/819 693/1495/819 682/534/819
f 693/1495/820 694/1496/820 682/534/820
f 682/534/819 694/1496/819 695/1497/819
f 682/534/821 695/1497/821 696/1498/821
f 682/534/818 696/1498/818 697/1499/818
f 682/534/822 697/1499/822 681/520/822
f 707/1500/780 708/565/780 706/1501/780
f 708/565/777 680/527/777 706/1501/777
f 706/1501/823 680/527/823 705/1502/823
f 705/1502/824 680/527/824 704/1503/824
f 704/1503/825 680/527/825 681/520/825
f 703/1504/826 704/1503/826 681/520/826
f 702/1505/827 703/1504/827 681/520/827
f 701/1506/828 702/1505/828 681/520/828
f 700/1507/829 701/1506/829 681/520/829
f 699/1508/830 700/1507/830 681/520/830
f 698/1509/831 699/1508/831 681/520/831
f 697/1499/832 698/1509/832 681/520/832
f 683/535/820 691/1510/820 692/1494/820
f 690/1511/819 691/1510/819 683/535/819
f 689/1512/833 690/1511/833 683/535/833
f 688/1493/834 689/1512/834 683/535/834
f 687/1492/835 685/560/835 2249/1513/835
f 686/1514/836 2249/1513/836 685/560/836
f 714/523/837 715/1515/837 716/1516/837
f 714/523/838 716/1516/838 717/1517/838
f 714/523/839 717/1517/839 713/514/839
f 728/539/840 723/1518/840 727/536/840
f 723/1518/840 724/1519/840 727/536/840
f 724/1519/841 726/524/841 727/536/841
f 725/563/842 726/524/842 724/1519/842
f 722/1520/840 723/1518/840 728/539/840
f 721/1521/843 722/1520/843 728/539/843
f 720/1522/844 721/1521/844 728/539/844
f 713/514/845 720/1522/845 728/539/845
f 719/1523/846 720/1522/846 713/514/846
f 718/1524/847 719/1523/847 713/514/847
f 713/514/845 717/1517/845 718/1524/845
f 2908/1525/848 2941/1526/848 370/345/848
f 495/419/848 2582/1527/848 2608/1528/848
f 2608/1528/848 2582/1527/848 2941/1526/848
f 373/558/849 2735/1529/849 2945/1530/849
f 2608/1528/849 2582/1527/849 625/1454/849
f 2582/1527/849 2608/1528/849 2945/1530/849
f 2945/1530/850 2735/1529/850 500/420/850
f 378/556/851 2745/1531/851 2949/1532/851
f 2745/1531/851 2945/1530/851 2949/1532/851
f 2949/1532/852 2745/1531/852 381/554/852
f 2755/1224/852 2754/1533/852 2956/1534/852
f 2755/1224/852 2036/1017/852 2754/1533/852
f 507/1431/853 2763/1535/853 2772/1536/853
f 1998/1016/854 1997/1019/854 2759/1219/854
f 1998/1016/852 2772/1536/852 2504/1207/852
f 2759/1219/852 2314/1392/852 2956/1534/852
f 2757/1229/855 2956/1534/855 2754/1533/855
f 2036/1017/855 385/1414/855 2754/1533/855
f 2782/1247/855 2780/1241/855 2959/1537/855
f 2772/1536/856 2037/1027/856 2036/1017/856
f 511/425/857 2773/1538/857 2786/1539/857
f 2062/1041/858 2093/1039/858 2036/1017/858
f 2029/1018/855 2754/1533/855 2758/1220/855
f 2956/1534/859 2955/1540/859 2959/1537/859
f 2095/1048/855 2780/1241/855 2782/1247/855
f 2756/1238/860 389/349/860 2959/1537/860
f 390/353/860 515/428/860 2963/1541/860
f 2064/1045/860 2093/1039/860 2786/1539/860
f 2959/1537/861 2960/1542/861 2963/1541/861
f 2064/1045/862 2030/1035/862 2761/1239/862
f 2093/1039/861 2780/1241/861 2096/1040/861
f 2963/1541/863 2798/1543/863 2097/1055/863
f 394/356/863 519/431/863 2967/1544/863
f 2967/1544/863 2818/1545/863 2963/1541/863
f 2097/1055/864 2094/1047/864 2781/1248/864
f 397/355/865 2818/1545/865 520/429/865
f 523/434/866 1865/1546/866 398/359/866
f 2818/1545/866 2967/1544/866 1865/1546/866
f 524/432/867 1865/1546/867 1867/1547/867
f 1865/1546/868 401/358/868 1874/1548/868
f 527/437/869 1868/1549/869 1866/1550/869
f 402/362/868 1866/1550/868 1873/1551/868
f 1874/1548/870 1872/1552/870 1873/1551/870
f 1868/1549/868 1867/1547/868 1866/1550/868
f 405/361/871 1873/1551/871 1866/1550/871
f 406/365/872 531/440/872 2838/1553/872
f 2976/1554/871 2838/1553/871 1866/1550/871
f 409/364/873 2838/1553/873 532/438/873
f 410/553/873 535/552/873 2842/1555/873
f 2978/1556/873 2842/1555/873 2976/1554/873
f 414/551/874 2842/1555/874 536/1435/874
f 2984/1557/874 415/368/874 540/441/874
f 2984/1557/874 2855/1558/874 2842/1555/874
f 541/1559/875 2984/1557/875 2855/1558/875
f 544/444/876 2985/1560/876 419/369/876
f 2855/1558/875 2985/1560/875 2856/1561/875
f 545/1562/877 422/371/877 2856/1561/877
f 548/447/877 2989/1563/877 423/372/877
f 2866/1564/877 2985/1560/877 2989/1563/877
f 2989/1563/878 2866/1564/878 549/1565/878
f 427/375/878 2875/1566/878 2994/1567/878
f 2875/1566/878 2989/1563/878 2994/1567/878
f 553/1568/879 430/377/879 2875/1566/879
f 556/453/879 2998/1569/879 431/378/879
f 2888/1570/879 2994/1567/879 2998/1569/879
f 557/1571/880 434/380/880 2888/1570/880
f 560/456/880 3001/1572/880 435/381/880
f 2896/1573/880 2998/1569/880 3001/1572/880
f 561/1574/881 438/383/881 2896/1573/881
f 564/549/881 3005/1575/881 439/550/881
f 2907/1576/881 3001/1572/881 3005/1575/881
f 565/1438/882 442/548/882 2907/1576/882
f 568/546/883 3010/1577/883 443/547/883
f 2913/1578/882 3005/1575/882 3010/1577/882
f 569/1440/884 446/545/884 3010/1577/884
f 447/1425/885 1912/1362/885 1911/1361/885
f 2923/1579/885 3014/1580/885 2411/1185/885
f 572/1444/884 2395/1188/884 2411/1185/884
f 3014/1580/886 2923/1579/886 2913/1578/886
f 2923/1579/887 573/1581/887 450/1582/887
f 2110/1201/887 2060/1373/887 451/384/887
f 2008/1367/887 3021/1583/887 2019/1368/887
f 2417/1193/888 2851/1584/888 2844/1585/888
f 2923/1579/887 3014/1580/887 2419/1192/887
f 2110/1201/889 2427/1199/889 2415/1198/889
f 2851/1584/890 2418/1197/890 2419/1192/890
f 2009/1370/890 3021/1583/890 2019/1368/890
f 2861/1586/891 3025/1587/891 455/387/891
f 2109/1202/890 2057/1366/890 3025/1587/890
f 2019/1368/891 2013/1369/891 2109/1202/891
f 2019/1368/890 2418/1197/890 2009/1370/890
f 2861/1586/892 458/389/892 3025/1587/892
f 2870/1588/892 3029/1589/892 584/465/892
f 2870/1588/892 2861/1586/892 3025/1587/892
f 585/1590/893 3029/1589/893 2870/1588/893
f 2899/1591/893 3033/1592/893 588/468/893
f 2899/1591/893 2870/1588/893 3029/1589/893
f 589/1593/894 3033/1592/894 2899/1591/894
f 2916/1594/894 3037/1595/894 592/471/894
f 2899/1591/894 3033/1592/894 3037/1595/894
f 593/1596/895 3037/1595/895 2916/1594/895
f 2919/1597/895 3041/1598/895 596/474/895
f 2916/1594/895 3037/1595/895 3041/1598/895
f 597/1599/896 3041/1598/896 2919/1597/896
f 2927/1600/896 3042/1601/896 600/477/896
f 2919/1597/896 3041/1598/896 3042/1601/896
f 601/1602/897 3042/1601/897 2927/1600/897
f 2929/1603/898 2885/1604/898 604/482/898
f 3042/1601/897 2929/1603/897 2927/1600/897
f 482/407/899 2929/1603/899 605/480/899
f 2883/1605/899 608/485/899 2932/1606/899
f 2932/1606/899 2885/1604/899 2883/1605/899
f 2883/1605/900 2932/1606/900 609/483/900
f 487/413/901 2936/1607/901 2892/1608/901
f 2932/1606/901 2883/1605/901 2892/1608/901
f 2892/1608/902 2936/1607/902 613/486/902
f 2903/1609/902 616/491/902 2940/1610/902
f 2936/1607/902 2892/1608/902 2903/1609/902
f 2908/1525/903 369/347/903 2941/1526/903
f 2903/1609/903 2940/1610/903 617/489/903
f 2903/1609/903 2908/1525/903 2941/1526/903
f 1906/1611/904 751/1612/904 1903/1613/904
f 496/417/904 1907/1614/904 1904/1615/904
f 1904/1615/904 1907/1614/904 1906/1611/904
f 752/567/905 1906/1611/905 1903/1613/905
f 493/1616/905 1923/1617/905 1924/1618/905
f 1903/1613/905 1906/1611/905 1923/1617/905
f 1943/1619/906 1939/1620/906 1940/1621/906
f 1942/1622/906 1943/1619/906 374/1407/906
f 1907/1614/907 1949/1623/907 497/1624/907
f 1941/1625/906 1940/1621/906 1904/1615/906
f 1936/1626/908 652/1468/908 1937/1627/908
f 1948/1375/906 1938/1377/906 1945/1381/906
f 1962/1336/909 1964/1628/909 1965/1629/909
f 1966/1630/910 1959/1631/910 440/1419/910
f 1825/1334/910 1960/1632/910 1959/1631/910
f 1826/1342/911 1965/1629/911 1964/1628/911
f 1960/1632/912 1961/1339/912 668/1474/912
f 1975/1332/913 1980/1633/913 1979/1634/913
f 1964/1628/913 1962/1336/913 1981/1337/913
f 1974/1635/913 1960/1632/913 1978/1325/913
f 1964/1628/913 1979/1634/913 1980/1633/913
f 1981/1337/914 1960/1632/914 1982/1341/914
f 1975/1332/913 1974/1635/913 1976/1327/913
f 489/1636/915 2007/1637/915 2012/1638/915
f 492/414/916 1923/1617/916 1922/1639/916
f 1922/1639/917 1923/1617/917 2007/1637/917
f 485/1640/918 2027/1641/918 2026/1642/918
f 488/411/919 2007/1637/919 2006/1643/919
f 2006/1643/918 2007/1637/918 2026/1642/918
f 449/1424/920 665/1471/920 2048/1644/920
f 452/1645/921 2051/1646/921 2047/1647/921
f 2047/1647/921 2051/1646/921 2048/1644/921
f 445/1422/922 2055/1648/922 2054/1649/922
f 448/1423/923 2049/1650/923 2048/1644/923
f 2055/1648/923 2053/1651/923 2049/1650/923
f 1966/1630/924 2061/1652/924 441/1420/924
f 2055/1648/925 2053/1651/925 444/1421/925
f 2053/1651/925 2055/1648/925 1959/1631/925
f 2070/1653/926 481/406/926 2069/1654/926
f 484/408/927 2026/1642/927 2027/1641/927
f 2026/1642/927 2070/1653/927 2069/1654/927
f 2051/1646/928 453/385/928 2047/1647/928
f 456/1655/929 2075/1656/929 2074/1657/929
f 2074/1657/928 2075/1656/928 2047/1647/928
f 2079/1658/930 477/403/930 2077/1659/930
f 480/1660/930 2070/1653/930 2069/1654/930
f 2079/1658/930 2077/1659/930 2070/1653/930
f 2092/1661/931 659/1486/931 2090/1662/931
f 476/1663/932 2079/1658/932 2077/1659/932
f 2092/1661/932 2090/1662/932 2079/1658/932
f 461/391/933 2105/1664/933 2108/1665/933
f 464/1666/934 2106/1667/934 2104/1668/934
f 2108/1665/935 2105/1664/935 2106/1667/935
f 2075/1656/936 457/388/936 2074/1657/936
f 460/1669/936 2108/1665/936 2105/1664/936
f 2108/1665/936 2074/1657/936 2105/1664/936
f 2106/1667/937 465/394/937 2104/1668/937
f 468/1670/937 2122/1671/937 2121/1672/937
f 2122/1671/937 2104/1668/937 2121/1672/937
f 469/397/938 2121/1672/938 2122/1671/938
f 472/1673/938 2092/1661/938 2090/1662/938
f 2092/1661/938 2122/1671/938 2121/1672/938
f 570/1442/939 2131/1674/939 1989/1675/939
f 575/1445/940 1995/1676/940 2132/1677/940
f 1989/1675/939 2131/1674/939 2132/1677/939
f 610/1678/941 2138/1679/941 2141/1680/941
f 615/487/941 1996/1681/941 2140/1682/941
f 2141/1680/941 2138/1679/941 1996/1681/941
f 2145/1683/942 546/445/942 2147/1684/942
f 551/449/943 1950/1685/943 2148/1686/943
f 688/1493/943 2150/1130/943 2149/1131/943
f 2150/1130/943 2151/1129/943 2146/1687/943
f 505/1427/944 2166/1213/944 1822/1688/944
f 2161/1689/945 510/1432/945 1836/1029/945
f 1822/1688/945 2166/1213/945 2004/1015/945
f 2004/1015/945 2160/1690/945 2162/1691/945
f 2163/1692/944 2166/1213/944 2165/1214/944
f 1836/1029/945 1843/1693/945 2044/1694/945
f 2162/1691/946 1844/1032/946 509/1695/946
f 2103/1056/946 2176/1696/946 514/424/946
f 1843/1693/946 2045/1021/946 2177/1697/946
f 2176/1696/946 2068/1042/946 2044/1694/946
f 1844/1032/946 2044/1694/946 1843/1693/946
f 2103/1056/946 2177/1697/946 2100/1044/946
f 1877/1698/947 1871/1107/947 537/1436/947
f 1886/1699/948 2198/1700/948 2223/1701/948
f 2220/1702/949 2219/1703/949 543/443/949
f 1871/1107/950 2201/1704/950 686/1514/950
f 2223/1701/949 2198/1700/949 2220/1702/949
f 686/1514/951 2201/1704/951 2200/1705/951
f 1886/1699/952 1877/1698/952 1878/1706/952
f 2201/1704/953 2221/1105/953 2200/1705/953
f 2218/1109/949 2222/1106/949 2201/1704/949
f 2246/1121/954 2223/1701/954 1861/1120/954
f 643/561/955 2228/1100/955 2201/1704/955
f 2249/1513/956 2201/1704/956 2200/1705/956
f 2250/1707/955 2237/1103/955 685/560/955
f 1859/1708/955 1886/1699/955 538/1433/955
f 1885/1709/955 2223/1701/955 2218/1109/955
f 1886/1699/957 2223/1701/957 1885/1709/957
f 2200/1705/958 2201/1704/958 2250/1707/958
f 2273/1710/959 371/1711/959 2278/1712/959
f 2275/1713/960 1890/1714/960 1893/1715/960
f 1893/1715/960 707/1500/960 1908/1716/960
f 502/421/961 1894/1717/961 2280/1718/961
f 626/1455/961 2275/1713/961 1893/1715/961
f 2275/1713/962 2281/1719/962 2280/1718/962
f 708/565/963 1892/1720/963 1891/1721/963
f 1892/1720/964 1891/1721/964 1895/1722/964
f 501/1723/965 2280/1718/965 1894/1717/965
f 1813/1212/965 1822/1688/965 2166/1213/965
f 2160/1690/965 1813/1212/965 2166/1213/965
f 2280/1718/965 2292/1203/965 2294/1204/965
f 2160/1690/965 2166/1213/965 2293/1206/965
f 2297/1724/966 2298/1725/966 2300/1164/966
f 2300/1164/967 1900/1726/967 1899/1727/967
f 571/1443/967 1989/1675/967 2131/1674/967
f 1989/1675/967 1900/1726/967 2301/1162/967
f 2302/1163/968 2298/1725/968 2299/1172/968
f 2326/1728/969 1986/1160/969 2325/1729/969
f 2331/1166/969 2300/1164/969 2298/1725/969
f 2300/1164/970 2331/1166/970 567/1439/970
f 1984/1730/969 2329/1154/969 2328/1156/969
f 2326/1728/969 2298/1725/969 2328/1156/969
f 2327/1155/969 1984/1730/969 1986/1160/969
f 562/457/971 1986/1160/971 1987/1158/971
f 2273/1710/972 372/346/972 1908/1716/972
f 2337/1731/972 618/1732/972 2338/1733/972
f 2337/1731/972 1908/1716/972 1918/1734/972
f 2348/1735/973 2349/1736/973 529/1737/973
f 1925/1738/974 2347/1739/974 534/439/974
f 2213/1087/974 1929/1086/974 641/1465/974
f 2347/1739/974 2349/1736/974 2348/1735/974
f 1935/1089/975 641/1465/975 1929/1086/975
f 2347/1739/976 1925/1738/976 533/1740/976
f 1859/1708/977 539/1434/977 1860/1741/977
f 1930/1095/976 1887/1094/976 642/1466/976
f 1925/1738/978 2347/1739/978 2198/1700/978
f 2223/1701/979 1859/1708/979 1860/1741/979
f 1875/1097/980 1887/1094/980 1885/1709/980
f 642/1466/981 1887/1094/981 1875/1097/981
f 2148/1686/982 550/448/982 2359/1742/982
f 1969/1141/983 2360/1743/983 555/452/983
f 2330/1137/983 1970/1744/983 689/1512/983
f 2148/1686/983 2360/1743/983 2342/1139/983
f 1970/1744/983 2342/1139/983 1969/1141/983
f 554/451/984 2362/1745/984 2360/1743/984
f 1991/1150/985 2363/1746/985 559/455/985
f 2341/1138/985 2351/1140/985 690/1511/985
f 2360/1743/985 2362/1745/985 2363/1746/985
f 1991/1150/985 1994/1747/985 2353/1148/985
f 2342/1139/986 1970/1744/986 1972/1145/986
f 554/451/987 1972/1145/987 1973/1143/987
f 1993/1153/988 558/454/988 2363/1746/988
f 1983/1157/988 2326/1728/988 563/458/988
f 2357/1149/988 1984/1730/988 1994/1747/988
f 2352/1147/988 2353/1148/988 2363/1746/988
f 1993/1153/988 2353/1148/988 1994/1747/988
f 1984/1730/988 2327/1155/988 1983/1157/988
f 2374/1748/989 2373/1749/989 579/461/989
f 2132/1677/990 574/1446/990 2376/1750/990
f 2132/1677/991 2373/1749/991 2374/1748/991
f 2140/1682/992 614/1751/992 2384/1752/992
f 619/490/993 1918/1734/993 2337/1731/993
f 2140/1682/994 2384/1752/994 2337/1731/994
f 400/1753/995 2022/1754/995 2387/1755/995
f 2389/1756/995 403/360/995 2388/1757/995
f 718/1524/996 2017/1274/996 2020/1273/996
f 2016/1758/995 2389/1756/995 2387/1755/995
f 408/1759/997 2058/1760/997 2400/1761/997
f 2269/1762/998 411/1415/998 2401/1763/998
f 716/1516/999 2194/1285/999 2056/1284/999
f 2399/1764/1000 2401/1763/1000 2400/1761/1000
f 2245/1765/1001 2269/1762/1001 2403/1766/1001
f 2195/1767/1002 2403/1766/1002 2193/1768/1002
f 396/1769/1003 2127/1770/1003 2409/1771/1003
f 399/357/1004 2387/1755/1004 2022/1754/1004
f 719/1523/1005 2408/1265/1005 2125/1270/1005
f 2409/1771/1003 2127/1770/1003 2022/1754/1003
f 404/1772/1006 2018/1280/1006 2016/1758/1006
f 2400/1761/1007 407/363/1007 2413/1773/1007
f 2018/1280/1008 717/1517/1008 2039/1277/1008
f 2058/1760/1008 2400/1761/1008 2389/1756/1008
f 717/1517/520 2018/1280/520 2003/1281/520
f 388/1774/1009 2231/1775/1009 2424/1776/1009
f 2422/1777/1010 391/351/1010 2423/1778/1010
f 2420/1246/1011 721/1521/1011 2421/1254/1011
f 2424/1776/1009 2231/1775/1009 2114/1779/1009
f 2114/1779/1012 2422/1777/1012 392/1780/1012
f 395/354/1012 2409/1771/1012 2127/1770/1012
f 2431/1253/1012 720/1522/1012 2432/1260/1012
f 2432/1260/1012 2154/1261/1012 2114/1779/1012
f 720/1522/1013 2113/1255/1013 2072/1257/1013
f 2197/1299/1014 2208/1303/1014 2205/1781/1014
f 2442/1782/1015 2277/1783/1015 420/1784/1015
f 673/1479/1015 2440/1308/1015 2439/1297/1015
f 2277/1783/1016 2440/1308/1016 2279/1305/1016
f 673/1479/1017 2208/1303/1017 2197/1299/1017
f 2182/1785/1018 2399/1764/1018 413/1417/1018
f 2180/1786/1019 413/1417/1019 2244/1787/1019
f 2441/1788/1020 416/366/1020 2449/1789/1020
f 2448/1290/1021 2204/1790/1021 2207/1298/1021
f 2204/1790/1022 2244/1787/1022 674/1491/1022
f 2441/1788/1023 2399/1764/1023 2403/1766/1023
f 2195/1767/1024 2182/1785/1024 2180/1786/1024
f 2320/1396/1025 2307/1397/1025 2459/1791/1025
f 2217/1232/1026 383/1412/1026 2457/1792/1026
f 723/1518/1027 2224/1233/1027 2214/1793/1027
f 2312/1398/1026 2455/1222/1026 2457/1792/1026
f 2320/1396/1028 723/1518/1028 2324/1794/1028
f 2224/1233/1029 383/1412/1029 2217/1232/1029
f 2454/1231/1030 2214/1793/1030 2217/1232/1030
f 2216/1230/1031 2457/1792/1031 384/1795/1031
f 387/348/1031 2424/1776/1031 2231/1775/1031
f 722/1520/1032 2471/1242/1032 2470/1223/1032
f 2471/1242/1031 2235/1243/1031 2231/1775/1031
f 2216/1230/1032 2214/1793/1032 2454/1231/1032
f 2492/1304/1033 2271/1300/1033 2403/1766/1033
f 2204/1790/1034 2489/1291/1034 715/1515/1034
f 2493/1293/1034 2204/1790/1034 675/566/1034
f 2182/1785/1035 2269/1762/1035 412/1416/1035
f 2179/1289/1036 2192/1288/1036 2193/1768/1036
f 2489/1291/1034 2447/1292/1034 2193/1768/1034
f 715/1515/1037 2192/1288/1037 2179/1289/1037
f 2442/1782/1038 421/370/1038 2277/1783/1038
f 2522/1796/1038 2288/1797/1038 424/1798/1038
f 672/1478/1039 2514/1311/1039 2513/1309/1039
f 2514/1311/1038 2288/1797/1038 2277/1783/1038
f 425/373/1040 2285/1314/1040 2288/1797/1040
f 2335/1319/1041 2544/1799/1041 2545/1320/1041
f 2336/1800/1041 2540/1310/1041 671/1477/1041
f 2545/1320/1041 2544/1799/1041 2522/1796/1041
f 2545/1320/1041 2336/1800/1041 2335/1319/1041
f 671/1477/1042 2289/1312/1042 2285/1314/1042
f 428/1801/1043 2335/1319/1043 2339/1321/1043
f 1936/1626/1044 2562/1467/1044 1937/1627/1044
f 1941/1625/1045 651/562/1045 2563/1802/1045
f 2562/1467/1045 725/563/1045 1937/1627/1045
f 2563/1802/1046 1936/1626/1046 1937/1627/1046
f 376/1409/1047 1946/1390/1047 2255/1386/1047
f 2308/1404/1047 2459/1791/1047 2312/1398/1047
f 2251/1382/1047 1939/1620/1047 2324/1794/1047
f 2308/1404/1047 2312/1398/1047 2324/1794/1047
f 2459/1791/1047 1942/1622/1047 2306/1393/1047
f 2593/1803/1048 1946/1390/1048 1942/1622/1048
f 2334/1322/1049 2545/1320/1049 2544/1799/1049
f 1980/1633/1050 2350/1328/1050 432/1804/1050
f 1974/1635/1050 2613/1317/1050 2336/1800/1050
f 2544/1799/1050 2545/1320/1050 2612/1316/1050
f 1976/1327/1050 1974/1635/1050 2350/1328/1050
f 2336/1800/1049 2545/1320/1049 2334/1322/1049
f 432/1804/1051 2350/1328/1051 2355/1331/1051
f 590/469/1052 2630/1805/1052 2361/1806/1052
f 595/473/1053 2623/1807/1053 2629/1808/1053
f 2361/1806/1052 2630/1805/1052 2623/1807/1052
f 2465/1809/1054 602/478/1054 2636/1810/1054
f 607/481/1055 2635/1811/1055 2634/1812/1055
f 2367/1813/1054 2465/1809/1054 2636/1810/1054
f 2367/1813/1056 606/1814/1056 2635/1811/1056
f 2138/1679/1057 611/484/1057 2141/1680/1057
f 703/1504/1058 606/1814/1058 2367/1813/1058
f 2494/1815/1059 586/466/1059 2648/1816/1059
f 591/470/1059 2361/1806/1059 2630/1805/1059
f 2361/1806/1059 2494/1815/1059 2648/1816/1059
f 2379/1817/1060 594/472/1060 2623/1807/1060
f 599/476/1061 2652/1818/1061 2651/1819/1061
f 2379/1817/1060 2623/1807/1060 2652/1818/1060
f 518/427/1062 2135/1064/1062 2430/1820/1062
f 2101/1049/1063 2176/1696/1063 2100/1044/1063
f 2177/1697/1064 2099/1043/1064 637/1461/1064
f 2100/1044/1064 2176/1696/1064 2676/1821/1064
f 513/1822/1065 2101/1049/1065 2102/1053/1065
f 2135/1064/1066 637/1461/1066 2136/1061/1066
f 2177/1697/1063 2101/1049/1063 2100/1044/1063
f 2676/1821/1067 2430/1820/1067 517/1823/1067
f 2687/1824/1067 522/430/1067 2438/1825/1067
f 638/1462/1067 2133/1059/1067 2144/1070/1067
f 2438/1825/1067 2144/1070/1067 2134/1057/1067
f 2687/1824/1068 2438/1825/1068 521/1826/1068
f 2169/1077/1069 2170/1075/1069 2462/1827/1069
f 2164/1073/1070 639/1463/1070 2157/1068/1070
f 2438/1825/1068 2687/1824/1068 2698/1828/1068
f 2169/1077/1071 639/1463/1071 2170/1075/1071
f 2698/1828/1072 2462/1827/1072 525/1829/1072
f 2349/1736/1072 2348/1735/1072 530/436/1072
f 2186/1084/1072 2191/1080/1072 640/1464/1072
f 2348/1735/1072 2462/1827/1072 2698/1828/1072
f 2190/1082/1073 640/1464/1073 2191/1080/1073
f 2463/1830/1074 598/475/1074 2652/1818/1074
f 603/479/1075 2636/1810/1075 2718/1831/1075
f 2636/1810/1076 2463/1830/1076 2652/1818/1076
f 2219/1703/1077 542/442/1077 2724/1832/1077
f 547/446/1078 2146/1687/1078 2145/1683/1078
f 687/1492/1078 2264/1111/1078 2284/1122/1078
f 2220/1702/1079 2146/1687/1079 2284/1122/1079
f 2510/1833/1080 582/463/1080 2727/1834/1080
f 587/467/1080 2648/1816/1080 2726/1835/1080
f 2727/1834/1080 2726/1835/1080 2648/1816/1080
f 2375/1836/1081 578/460/1081 2374/1748/1081
f 583/464/1081 2510/1833/1081 2727/1834/1081
f 2375/1836/1081 2374/1748/1081 2727/1834/1081
f 2733/1837/1082 2734/1838/1082 499/422/1082
f 2280/1718/1082 2732/1839/1082 502/421/1082
f 625/1454/1082 2578/1840/1082 2574/1841/1082
f 625/1454/1082 2574/1841/1082 2573/1842/1082
f 2291/1843/1082 2573/1842/1082 2732/1839/1082
f 2578/1840/1083 2735/1529/1083 2734/1838/1083
f 500/420/1084 2734/1838/1084 2733/1837/1084
f 500/420/1084 2733/1837/1084 2732/1839/1084
f 2747/1844/1085 2746/1845/1085 503/555/1085
f 2160/1690/1084 2741/1846/1084 506/1428/1084
f 2507/1211/1085 2741/1846/1085 2509/1217/1085
f 2487/1205/1084 2732/1839/1084 2733/1837/1084
f 2746/1845/1085 2747/1844/1085 2734/1838/1085
f 2163/1692/1085 2292/1203/1085 2497/1208/1085
f 2501/1847/1086 2509/1217/1086 2741/1846/1086
f 504/1426/1087 2747/1844/1087 2509/1217/1087
f 504/1426/1088 2746/1845/1088 2747/1844/1088
f 510/1432/1087 2161/1689/1087 2751/1848/1087
f 510/1432/1088 2751/1848/1088 2762/1849/1088
f 2504/1207/1088 2747/1844/1088 2746/1845/1088
f 2747/1844/1087 2502/1209/1087 2509/1217/1087
f 2504/1207/1088 2763/1535/1088 2762/1849/1088
f 2741/1846/1088 2509/1217/1088 2751/1848/1088
f 2165/1214/1088 2741/1846/1088 2163/1692/1088
f 1999/1023/1089 508/1430/1089 2040/1028/1089
f 2040/1028/1089 508/1430/1089 2037/1027/1089
f 2751/1848/1090 2161/1689/1090 2162/1691/1090
f 2037/1027/1091 2772/1536/1091 2763/1535/1091
f 514/424/1089 2771/1850/1089 2774/1851/1089
f 514/424/1089 2175/1852/1089 2771/1850/1089
f 2774/1851/1089 2763/1535/1089 2773/1538/1089
f 2751/1848/1089 2762/1849/1089 2771/1850/1089
f 518/427/1092 2783/1853/1092 2785/1854/1092
f 2675/1855/1093 2783/1853/1093 518/427/1093
f 512/423/1093 2773/1538/1093 2774/1851/1093
f 513/1822/1093 2774/1851/1093 2771/1850/1093
f 2786/1539/1093 2787/1856/1093 2785/1854/1093
f 2675/1855/1093 2771/1850/1093 2783/1853/1093
f 2785/1854/1094 2783/1853/1094 517/1823/1094
f 516/426/1094 2787/1856/1094 2785/1854/1094
f 522/430/1094 2792/1857/1094 2796/1858/1094
f 2686/1859/1094 2792/1857/1094 522/430/1094
f 2798/1543/1094 2799/1860/1094 2796/1858/1094
f 2675/1855/1094 2783/1853/1094 2792/1857/1094
f 520/429/1095 2799/1860/1095 2796/1858/1095
f 521/1826/1095 2796/1858/1095 2792/1857/1095
f 526/433/1095 2807/1861/1095 2816/1862/1095
f 2699/1863/1095 2807/1861/1095 526/433/1095
f 2686/1859/1095 2807/1861/1095 2699/1863/1095
f 2818/1545/1096 2819/1864/1096 2816/1862/1096
f 2816/1862/1097 2807/1861/1097 525/1829/1097
f 524/432/1097 2819/1864/1097 2816/1862/1097
f 530/436/1098 2820/1865/1098 2823/1866/1098
f 2711/1867/1097 2820/1865/1097 530/436/1097
f 1867/1547/1097 1869/1868/1097 2823/1866/1097
f 2699/1863/1097 2807/1861/1097 2820/1865/1097
f 529/1737/1099 2823/1866/1099 2820/1865/1099
f 528/435/1100 1869/1868/1100 2823/1866/1100
f 534/439/1100 2825/1869/1100 2826/1870/1100
f 2346/1871/1101 2825/1869/1101 534/439/1101
f 1868/1549/1100 2827/1872/1100 2826/1870/1100
f 2346/1871/1102 2348/1735/1102 2711/1867/1102
f 2825/1869/1103 533/1740/1103 2826/1870/1103
f 532/438/1103 2827/1872/1103 2826/1870/1103
f 539/1434/1104 2831/1873/1104 2837/1874/1104
f 2354/1875/1105 2831/1873/1105 539/1434/1105
f 2839/1876/1103 2837/1874/1103 2826/1870/1103
f 2831/1873/1103 2354/1875/1103 2346/1871/1103
f 537/1436/1106 2837/1874/1106 2831/1873/1106
f 536/1435/1107 2839/1876/1107 2837/1874/1107
f 540/441/1107 2841/1877/1107 2843/1878/1107
f 543/443/1107 2724/1832/1107 2848/1879/1107
f 2841/1877/1108 2839/1876/1108 2842/1555/1108
f 2848/1879/1107 2724/1832/1107 2354/1875/1107
f 542/442/1109 2848/1879/1109 2724/1832/1109
f 541/1559/1109 2843/1878/1109 2841/1877/1109
f 544/444/1110 2858/1880/1110 2856/1561/1110
f 547/446/1109 2147/1684/1109 2863/1881/1109
f 2841/1877/1109 2856/1561/1109 2857/1882/1109
f 2147/1684/1111 2145/1683/1111 2724/1832/1111
f 545/1562/1112 2858/1880/1112 2857/1882/1112
f 546/445/1112 2863/1881/1112 2147/1684/1112
f 548/447/1113 2865/1883/1113 2866/1564/1113
f 551/449/1112 2359/1742/1112 2871/1884/1112
f 2863/1881/1112 2871/1884/1112 2359/1742/1112
f 2857/1882/1112 2866/1564/1112 2864/1885/1112
f 549/1565/1114 2865/1883/1114 2864/1885/1114
f 550/448/1115 2871/1884/1115 2359/1742/1115
f 552/450/1114 2873/1886/1114 2875/1566/1114
f 2876/1887/1115 2872/1888/1115 555/452/1115
f 2871/1884/1114 2876/1887/1114 2362/1745/1114
f 2873/1886/1114 2872/1888/1114 2864/1885/1114
f 553/1568/1116 2873/1886/1116 2872/1888/1116
f 554/451/1116 2876/1887/1116 2362/1745/1116
f 556/453/1117 2887/1889/1117 2888/1570/1117
f 2893/1890/1116 2886/1891/1116 559/455/1116
f 2887/1889/1116 2886/1891/1116 2872/1888/1116
f 2876/1887/1116 2893/1890/1116 2369/1892/1116
f 558/454/1118 2893/1890/1118 2369/1892/1118
f 557/1571/1118 2887/1889/1118 2886/1891/1118
f 560/456/1119 2895/1893/1119 2896/1573/1119
f 2904/1894/1120 2894/1895/1120 563/458/1120
f 2895/1893/1118 2894/1895/1118 2886/1891/1118
f 2904/1894/1118 2325/1729/1118 2893/1890/1118
f 561/1574/1121 2895/1893/1121 2894/1895/1121
f 562/457/1122 2904/1894/1122 2325/1729/1122
f 564/549/1123 2906/1896/1123 2907/1576/1123
f 2297/1724/1122 2910/1897/1122 2368/1167/1122
f 2331/1166/1122 2368/1167/1122 567/1439/1122
f 2906/1896/1122 2905/1898/1122 2894/1895/1122
f 2297/1724/1122 2298/1725/1122 2325/1729/1122
f 566/1437/1124 2910/1897/1124 2297/1724/1124
f 565/1438/1125 2906/1896/1125 2905/1898/1125
f 568/546/1126 2912/1899/1126 2913/1578/1126
f 2911/1900/1124 2378/1173/1124 2917/1901/1124
f 2131/1674/1125 2130/1902/1125 2383/1171/1125
f 2299/1172/1127 2130/1902/1127 2131/1674/1127
f 2912/1899/1125 2911/1900/1125 2905/1898/1125
f 2910/1897/1125 2911/1900/1125 2917/1901/1125
f 2911/1900/1128 2917/1901/1128 2381/1441/1128
f 2917/1901/1128 2383/1171/1128 2382/1176/1128
f 2849/1903/1129 2398/1187/1129 2402/1189/1129
f 2381/1441/1129 2382/1176/1129 570/1442/1129
f 2382/1176/1128 2130/1902/1128 570/1442/1128
f 2402/1189/1128 572/1444/1128 2845/1904/1128
f 2132/1677/1130 2376/1750/1130 2847/1905/1130
f 2847/1905/1128 2376/1750/1128 2393/1169/1128
f 2396/1182/1128 2402/1189/1128 2845/1904/1128
f 2380/1170/1128 2383/1171/1128 2917/1901/1128
f 2911/1900/1128 2912/1899/1128 2849/1903/1128
f 2392/1175/1131 2849/1903/1131 2402/1189/1131
f 579/461/1131 2373/1749/1131 2850/1906/1131
f 2844/1585/1131 576/459/1131 2846/1907/1131
f 2376/1750/1131 574/1446/1131 2847/1905/1131
f 2390/1178/1132 2402/1189/1132 2845/1904/1132
f 2850/1906/1131 2373/1749/1131 2376/1750/1131
f 2845/1904/1131 2397/1181/1131 2847/1905/1131
f 2397/1181/1131 2402/1189/1131 2849/1903/1131
f 2374/1748/1133 2850/1906/1133 2373/1749/1133
f 577/1908/1134 2851/1584/1134 2844/1585/1134
f 2852/1909/1135 580/462/1135 2853/1910/1135
f 583/464/1135 2729/1911/1135 2854/1912/1135
f 2852/1909/1135 2853/1910/1135 2846/1907/1135
f 2854/1912/1136 2729/1911/1136 2373/1749/1136
f 2853/1910/1137 581/1913/1137 2852/1909/1137
f 2727/1834/1138 2854/1912/1138 2729/1911/1138
f 587/467/1137 2726/1835/1137 2862/1914/1137
f 2860/1915/1137 584/465/1137 2859/1916/1137
f 2854/1912/1137 2859/1916/1137 2862/1914/1137
f 2853/1910/1137 2852/1909/1137 2860/1915/1137
f 585/1590/1139 2870/1588/1139 2860/1915/1139
f 2648/1816/1140 2862/1914/1140 2726/1835/1140
f 2869/1917/1141 588/468/1141 2868/1918/1141
f 591/470/1139 2645/1919/1139 2877/1920/1139
f 2859/1916/1140 2860/1915/1140 2869/1917/1140
f 2862/1914/1140 2868/1918/1140 2877/1920/1140
f 589/1593/1142 2899/1591/1142 2869/1917/1142
f 2630/1805/1143 2877/1920/1143 2645/1919/1143
f 595/473/1142 2629/1808/1142 2909/1921/1142
f 2898/1922/1142 592/471/1142 2897/1923/1142
f 2868/1918/1142 2869/1917/1142 2898/1922/1142
f 2877/1920/1142 2897/1923/1142 2909/1921/1142
f 593/1596/1144 2916/1594/1144 2898/1922/1144
f 2623/1807/1145 2909/1921/1145 2629/1808/1145
f 599/476/1146 2651/1819/1146 2918/1924/1146
f 2915/1925/1147 596/474/1147 2914/1926/1147
f 2897/1923/1146 2898/1922/1146 2915/1925/1146
f 2918/1924/1146 2651/1819/1146 2629/1808/1146
f 597/1599/1148 2919/1597/1148 2915/1925/1148
f 2652/1818/1149 2918/1924/1149 2651/1819/1149
f 600/477/1150 2922/1927/1150 2920/1928/1150
f 2921/1929/1151 603/479/1151 2718/1831/1151
f 2915/1925/1150 2920/1928/1150 2922/1927/1150
f 2718/1831/1152 2652/1818/1152 2651/1819/1152
f 2920/1928/1153 601/1602/1153 2927/1600/1153
f 601/1602/1154 2922/1927/1154 2921/1929/1154
f 604/482/1153 2924/1930/1153 2925/1931/1153
f 607/481/1153 2634/1812/1153 2924/1930/1153
f 2920/1928/1153 2926/1932/1153 2925/1931/1153
f 2718/1831/1153 2921/1929/1153 2924/1930/1153
f 605/480/1155 2926/1932/1155 2925/1931/1155
f 605/480/1156 2925/1931/1156 2924/1930/1156
f 608/485/1155 2928/1933/1155 2930/1934/1155
f 2928/1933/1157 2138/1679/1157 2139/1935/1157
f 2924/1930/1155 2139/1935/1155 2634/1812/1155
f 2926/1932/1158 2932/1606/1158 2931/1936/1158
f 609/483/1159 2930/1934/1159 2928/1933/1159
f 609/483/1160 2931/1936/1160 2930/1934/1160
f 612/488/1160 2933/1937/1160 2934/1938/1160
f 2140/1682/1159 2933/1937/1159 615/487/1159
f 2928/1933/1159 2933/1937/1159 2384/1752/1159
f 2931/1936/1159 2936/1607/1159 2935/1939/1159
f 613/486/1161 2935/1939/1161 2934/1938/1161
f 613/486/1161 2934/1938/1161 2933/1937/1161
f 2938/1940/1162 2939/1941/1162 616/491/1162
f 2337/1731/1163 2937/1942/1163 619/490/1163
f 2935/1939/1162 2940/1610/1162 2939/1941/1162
f 2338/1733/1161 2337/1731/1161 2384/1752/1161
f 2575/1943/1164 2583/1944/1164 369/347/1164
f 2273/1710/1164 2594/1945/1164 372/346/1164
f 617/489/1165 2938/1940/1165 2937/1942/1165
f 617/489/1165 2939/1941/1165 2938/1940/1165
f 2338/1733/1165 2937/1942/1165 2278/1712/1165
f 2575/1943/1165 2594/1945/1165 2938/1940/1165
f 2111/1200/1166 2428/1196/1166 576/459/1166
f 2009/1370/1167 2418/1197/1167 2414/1195/1167
f 1913/1364/1168 447/1425/1168 1910/1363/1168
f 450/1582/1168 2394/1184/1168 1913/1364/1168
f 572/1444/1168 2394/1184/1168 2404/1183/1168
f 2098/1054/1169 2094/1047/1169 515/428/1169
f 2094/1047/1170 2098/1054/1170 2781/1248/1170
f 386/350/1171 2756/1238/1171 2777/1249/1171
f 2032/1036/1171 511/425/1171 2063/1051/1171
f 2777/1249/1172 2760/1237/1172 2063/1051/1172
f 2658/1235/1173 2755/1224/1173 382/1413/1173
f 508/1430/1173 2041/1026/1173 2033/1030/1173
f 507/1431/1173 2033/1030/1173 2041/1026/1173
f 2944/1946/1174 2942/1947/1174 373/558/1174
f 2266/1948/1174 2261/1385/1174 2943/1949/1174
f 2261/1385/1175 2593/1803/1175 374/1407/1175
f 374/1407/1174 2252/1384/1174 2261/1385/1174
f 2607/1950/1174 498/418/1174 2606/1951/1174
f 497/1624/1175 1949/1623/1175 2603/1952/1175
f 2942/1947/1174 2944/1946/1174 2607/1950/1174
f 2606/1951/1175 2603/1952/1175 2242/1376/1175
f 2593/1803/1175 2266/1948/1175 2270/1378/1175
f 2944/1946/1176 377/557/1176 2942/1947/1176
f 377/557/1176 2303/1406/1176 2943/1949/1176
f 2304/1410/1177 2303/1406/1177 377/557/1177
f 378/556/1176 2947/1953/1176 2948/1954/1176
f 379/1411/1178 2458/1955/1178 2459/1791/1178
f 2946/1956/1176 2315/1395/1176 2319/1400/1176
f 2944/1946/1176 2942/1947/1176 2256/1380/1176
f 2257/1379/1179 2943/1949/1179 2266/1948/1179
f 2266/1948/1176 2593/1803/1176 2458/1955/1176
f 2317/1391/1180 2257/1379/1180 2319/1400/1180
f 2255/1386/1176 2593/1803/1176 2266/1948/1176
f 2947/1953/1181 381/554/1181 2948/1954/1181
f 381/554/1181 2258/1387/1181 2318/1399/1181
f 380/1957/1181 2458/1955/1181 2946/1956/1181
f 382/1413/1181 2952/1958/1181 2951/1959/1181
f 383/1412/1181 2950/1960/1181 2456/1961/1181
f 2948/1954/1181 2314/1392/1181 2947/1953/1181
f 2316/1962/1181 2948/1954/1181 2319/1400/1181
f 2316/1962/1181 2950/1960/1181 2951/1959/1181
f 2946/1956/1181 2458/1955/1181 2456/1961/1181
f 384/1795/1182 2456/1961/1182 2950/1960/1182
f 2753/1228/1182 2951/1959/1182 2952/1958/1182
f 2757/1229/1182 385/1414/1182 2753/1228/1182
f 2752/1227/1183 385/1414/1183 2661/1226/1183
f 386/350/1182 2955/1540/1182 2953/1963/1182
f 2473/1964/1182 387/348/1182 2954/1965/1182
f 2951/1959/1182 2954/1965/1182 2953/1963/1182
f 2456/1961/1184 2457/1792/1184 2473/1964/1184
f 2955/1540/1185 389/349/1185 2953/1963/1185
f 2954/1965/1185 388/1774/1185 2473/1964/1185
f 390/353/1186 2960/1542/1186 2957/1966/1186
f 2958/1967/1185 2423/1778/1185 391/351/1185
f 2954/1965/1186 2473/1964/1186 2423/1778/1186
f 2957/1966/1185 2960/1542/1185 2955/1540/1185
f 2958/1967/1187 392/1780/1187 2423/1778/1187
f 2960/1542/1187 393/352/1187 2957/1966/1187
f 394/356/1187 2964/1968/1187 2961/1969/1187
f 2962/1970/1187 2433/1971/1187 395/354/1187
f 2433/1971/1187 2962/1970/1187 2958/1967/1187
f 2961/1969/1187 2964/1968/1187 2960/1542/1187
f 2964/1968/1188 397/355/1188 2961/1969/1188
f 2962/1970/1189 396/1769/1189 2433/1971/1189
f 398/359/1188 2968/1972/1188 2965/1973/1188
f 399/357/1188 2966/1974/1188 2410/1975/1188
f 2965/1973/1188 2968/1972/1188 2964/1968/1188
f 2433/1971/1188 2409/1771/1188 2410/1975/1188
f 2968/1972/1190 401/358/1190 2965/1973/1190
f 2966/1974/1190 400/1753/1190 2410/1975/1190
f 402/362/1190 1872/1552/1190 2969/1976/1190
f 403/360/1190 2970/1977/1190 2388/1757/1190
f 2388/1757/1190 2966/1974/1190 2410/1975/1190
f 2965/1973/1190 2970/1977/1190 2969/1976/1190
f 2970/1977/1191 404/1772/1191 2388/1757/1191
f 1872/1552/1191 405/361/1191 2969/1976/1191
f 406/365/1191 2973/1978/1191 2971/1979/1191
f 407/363/1192 2972/1980/1192 2413/1773/1192
f 2969/1976/1191 2972/1980/1191 2971/1979/1191
f 2970/1977/1193 2388/1757/1193 2413/1773/1193
f 2973/1978/1194 409/364/1194 2971/1979/1194
f 408/1759/1194 2413/1773/1194 2972/1980/1194
f 410/553/1194 2977/1981/1194 2974/1982/1194
f 2975/1983/1194 2401/1763/1194 411/1415/1194
f 2972/1980/1194 2413/1773/1194 2401/1763/1194
f 2974/1982/1194 2977/1981/1194 2976/1554/1194
f 2975/1983/1195 413/1417/1195 2401/1763/1195
f 414/551/1196 2977/1981/1196 2978/1556/1196
f 415/368/1195 2980/1984/1195 416/366/1195
f 416/366/1195 2981/1985/1195 2449/1789/1195
f 2974/1982/1195 2980/1984/1195 2979/1986/1195
f 2975/1983/1195 2401/1763/1195 2449/1789/1195
f 2449/1789/1197 417/1987/1197 2441/1788/1197
f 2980/1984/1198 2979/1986/1198 418/367/1198
f 419/369/1198 2986/1988/1198 2983/1989/1198
f 2982/1990/1198 2515/1991/1198 420/1784/1198
f 2449/1789/1198 2515/1991/1198 2982/1990/1198
f 2986/1988/1199 2985/1560/1199 2984/1557/1199
f 421/370/1200 2982/1990/1200 2983/1989/1200
f 2515/1991/1200 2982/1990/1200 421/370/1200
f 2990/1992/1201 423/372/1201 2989/1563/1201
f 2987/1993/1200 2541/1994/1200 424/1798/1200
f 2990/1992/1202 2989/1563/1202 2983/1989/1202
f 2987/1993/1200 2982/1990/1200 2515/1991/1200
f 425/373/1203 2987/1993/1203 2988/1995/1203
f 2541/1994/1204 2987/1993/1204 425/373/1204
f 2993/1996/1203 427/375/1203 2994/1567/1203
f 2991/1997/1203 2616/1998/1203 428/1801/1203
f 2993/1996/1203 2994/1567/1203 2988/1995/1203
f 2991/1997/1203 2987/1993/1203 2541/1994/1203
f 429/376/1205 2991/1997/1205 2992/1999/1205
f 2616/1998/1205 2991/1997/1205 429/376/1205
f 2997/2000/1206 431/378/1206 2998/1569/1206
f 2995/2001/1205 1979/1634/1205 432/1804/1205
f 2997/2000/1207 2998/1569/1207 2992/1999/1207
f 2616/1998/1205 2995/2001/1205 2991/1997/1205
f 433/379/1208 2995/2001/1208 2996/2002/1208
f 1979/1634/1209 2995/2001/1209 433/379/1209
f 3002/2003/1210 435/381/1210 3001/1572/1210
f 2999/2004/1209 1965/1629/1209 436/2005/1209
f 3000/2006/1208 3002/2003/1208 2996/2002/1208
f 2999/2004/1208 2995/2001/1208 1979/1634/1208
f 437/382/1211 2999/2004/1211 3000/2006/1211
f 1965/1629/1212 2999/2004/1212 437/382/1212
f 3004/2007/1213 1827/1345/1213 3003/2008/1213
f 3006/2009/1214 439/550/1214 3005/1575/1214
f 1830/1348/1211 2061/1652/1211 1966/1630/1211
f 2061/1652/1215 1826/1342/1215 1966/1630/1215
f 3003/2008/1213 3006/2009/1213 3000/2006/1213
f 1965/1629/1213 1826/1342/1213 1830/1348/1213
f 3004/2007/1216 3003/2008/1216 1823/1418/1216
f 1824/1347/1217 1830/1348/1217 3004/2007/1217
f 441/1420/1218 1824/1347/1218 1823/1418/1218
f 2061/1652/1216 1824/1347/1216 441/1420/1216
f 3007/2010/1217 1850/1351/1217 443/547/1217
f 3009/2011/1219 443/547/1219 3010/1577/1219
f 3008/2012/1217 2054/1649/1217 444/1421/1217
f 2054/1649/1217 3008/2012/1217 1838/1344/1217
f 3007/2010/1216 3009/2011/1216 3003/2008/1216
f 1838/1344/1217 1853/1352/1217 3004/2007/1217
f 1852/1353/1220 1853/1352/1220 3007/2010/1220
f 445/1422/1220 2054/1649/1220 3008/2012/1220
f 3008/2012/1220 1852/1353/1220 445/1422/1220
f 1914/1365/1220 447/1425/1220 1911/1361/1220
f 3011/2013/1220 2050/2014/1220 448/1423/1220
f 3013/2015/1221 1911/1361/1221 3014/1580/1221
f 3011/2013/1220 3008/2012/1220 2054/1649/1220
f 3008/2012/1222 3012/2016/1222 1881/1350/1222
f 1914/1365/1221 3013/2015/1221 3009/2011/1221
f 3012/2016/1223 1914/1365/1223 1883/1357/1223
f 449/1424/1223 2050/2014/1223 3011/2013/1223
f 1914/1365/1224 1884/1354/1224 1883/1357/1224
f 451/384/1223 3017/2017/1223 3015/2018/1223
f 451/384/1223 3015/2018/1223 3016/2019/1223
f 2050/2014/1223 2052/2020/1223 3016/2019/1223
f 1909/1358/1223 3012/2016/1223 3015/2018/1223
f 3013/2015/1223 1909/1358/1223 2008/1367/1223
f 453/385/1225 2052/2020/1225 3016/2019/1225
f 453/385/1226 3016/2019/1226 3015/2018/1226
f 455/387/1226 3020/2021/1226 3018/2022/1226
f 455/387/1226 3018/2022/1226 3019/2023/1226
f 2052/2020/1227 2076/2024/1227 3019/2023/1227
f 3015/2018/1227 3016/2019/1227 3018/2022/1227
f 457/388/1228 2076/2024/1228 3019/2023/1228
f 3018/2022/1228 3020/2021/1228 458/389/1228
f 459/390/1228 3022/2025/1228 3023/2026/1228
f 459/390/1228 3024/2027/1228 3022/2025/1228
f 3018/2022/1228 3019/2023/1228 3022/2025/1228
f 2076/2024/1228 2116/2028/1228 3023/2026/1228
f 3022/2025/1229 3024/2027/1229 462/392/1229
f 461/391/1229 2116/2028/1229 3023/2026/1229
f 463/393/1229 3028/2029/1229 3026/2030/1229
f 463/393/1229 3026/2030/1229 3027/2031/1229
f 2116/2028/1229 2107/2032/1229 3027/2031/1229
f 3022/2025/1229 3023/2026/1229 3026/2030/1229
f 465/394/1230 2107/2032/1230 3027/2031/1230
f 3026/2030/1230 3028/2029/1230 466/395/1230
f 467/396/1230 3030/2033/1230 3031/2034/1230
f 467/396/1230 3032/2035/1230 3030/2033/1230
f 2107/2032/1230 2123/2036/1230 3031/2034/1230
f 3026/2030/1230 3027/2031/1230 3030/2033/1230
f 3030/2033/1231 3032/2035/1231 470/398/1231
f 469/397/1231 2123/2036/1231 3031/2034/1231
f 471/399/1232 3034/2037/1232 3035/2038/1232
f 471/399/1233 3036/2039/1233 3034/2037/1233
f 2123/2036/1231 2124/2040/1231 3035/2038/1231
f 3030/2033/1231 3031/2034/1231 3034/2037/1231
f 3034/2037/1234 3036/2039/1234 474/401/1234
f 473/400/1235 2124/2040/1235 3035/2038/1235
f 475/402/1235 3040/2041/1235 3038/2042/1235
f 475/402/1236 3038/2042/1236 3039/2043/1236
f 2124/2040/1235 3039/2043/1235 3035/2038/1235
f 3034/2037/1235 3035/2038/1235 3038/2042/1235
f 477/403/1237 2091/2044/1237 3039/2043/1237
f 3038/2042/1237 3040/2041/1237 478/404/1237
f 479/405/1237 2884/2045/1237 2880/2046/1237
f 479/405/1237 2880/2046/1237 2881/2047/1237
f 2091/2044/1237 2881/2047/1237 3039/2043/1237
f 2884/2045/1237 3040/2041/1237 3038/2042/1237
f 481/406/1238 2078/2048/1238 2881/2047/1238
f 2880/2046/1238 482/407/1238 2881/2047/1238
f 484/408/1238 2878/2049/1238 2028/2050/1238
f 2879/2051/1238 483/410/1238 2882/2052/1238
f 2884/2045/1239 2880/2046/1239 2882/2052/1239
f 2028/2050/1238 2881/2047/1238 2078/2048/1238
f 485/1640/1240 2028/2050/1240 2878/2049/1240
f 2882/2052/1240 486/409/1240 2879/2051/1240
f 2890/2053/1240 487/413/1240 2891/2054/1240
f 488/411/1241 2012/1638/1241 2007/1637/1241
f 2890/2053/1240 2891/2054/1240 2882/2052/1240
f 2878/2049/1240 2028/2050/1240 2889/2055/1240
f 2891/2054/1242 490/412/1242 2890/2053/1242
f 489/1636/1243 2012/1638/1243 2889/2055/1243
f 2900/2056/1243 491/416/1243 2902/2057/1243
f 492/414/1242 1924/1618/1242 1923/1617/1242
f 2889/2055/1242 2012/1638/1242 1924/1618/1242
f 2900/2056/1243 2902/2057/1243 2891/2054/1243
f 2604/2058/1244 750/544/1244 2609/2059/1244
f 752/567/1244 1905/2060/1244 1906/1611/1244
f 2902/2057/1245 494/415/1245 2900/2056/1245
f 493/1616/1245 1924/1618/1245 2901/2061/1245
f 2604/2058/1244 2609/2059/1244 2902/2057/1244
f 2901/2061/1245 1924/1618/1245 1905/2060/1245
f 2451/2062/1246 2461/2063/1246 732/499/1246
f 1845/2064/1247 2560/2065/1247 2461/2063/1247
f 2562/1467/1248 652/1468/1248 1937/1627/1248
f 1904/1615/1248 2563/1802/1248 496/417/1248
f 1937/1627/1248 653/1480/1248 2562/1467/1248
f 652/1468/1248 2563/1802/1248 1937/1627/1248
f 2563/1802/1249 497/1624/1249 496/417/1249
f 1936/1626/1250 2563/1802/1250 652/1468/1250
f 752/567/1251 1903/1613/1251 751/1612/1251
f 1903/1613/1251 752/567/1251 653/1480/1251
f 654/1481/1252 653/1480/1252 752/567/1252
f 1959/1631/1253 667/1473/1253 440/1419/1253
f 667/1473/1253 1959/1631/1253 668/1474/1253
f 440/1419/1254 667/1473/1254 441/1420/1254
f 436/2005/1255 2867/1340/1255 437/382/1255
f 668/1474/1255 2867/1340/1255 2874/1338/1255
f 2874/1338/1256 436/2005/1256 1982/1341/1256
f 668/1474/1257 1960/1632/1257 669/1475/1257
f 1960/1632/1257 2874/1338/1257 1982/1341/1257
f 492/414/1258 1922/1639/1258 493/1616/1258
f 1922/1639/1258 492/414/1258 654/1481/1258
f 655/1483/1259 654/1481/1259 492/414/1259
f 488/411/1260 2006/1643/1260 489/1636/1260
f 2006/1643/1260 488/411/1260 655/1483/1260
f 656/1482/1261 655/1483/1261 488/411/1261
f 448/1423/1262 665/1471/1262 449/1424/1262
f 2048/1644/1263 665/1471/1263 448/1423/1263
f 665/1471/1263 2048/1644/1263 666/1472/1263
f 445/1422/1264 444/1421/1264 2053/1651/1264
f 666/1472/1264 2053/1651/1264 444/1421/1264
f 666/1472/1265 444/1421/1265 667/1473/1265
f 484/408/1266 2027/1641/1266 656/1482/1266
f 657/1488/1266 656/1482/1266 2027/1641/1266
f 656/1482/1267 485/1640/1267 484/408/1267
f 452/1645/1268 2047/1647/1268 453/385/1268
f 2047/1647/1269 452/1645/1269 664/1470/1269
f 665/1471/1270 664/1470/1270 452/1645/1270
f 476/1663/1271 2077/1659/1271 477/403/1271
f 2077/1659/1272 476/1663/1272 658/1487/1272
f 659/1486/1273 658/1487/1273 476/1663/1273
f 480/1660/1274 2069/1654/1274 481/406/1274
f 2069/1654/1274 480/1660/1274 657/1488/1274
f 658/1487/1275 657/1488/1275 480/1660/1275
f 456/1655/1276 2074/1657/1276 457/388/1276
f 2074/1657/1276 456/1655/1276 663/1469/1276
f 664/1470/1277 663/1469/1277 456/1655/1277
f 662/1484/1278 461/391/1278 460/1669/1278
f 460/1669/1279 2105/1664/1279 662/1484/1279
f 663/1469/1279 662/1484/1279 2105/1664/1279
f 660/1489/1280 469/397/1280 468/1670/1280
f 468/1670/1281 2121/1672/1281 660/1489/1281
f 661/1485/1281 660/1489/1281 2121/1672/1281
f 659/1486/1282 473/400/1282 472/1673/1282
f 472/1673/1283 2090/1662/1283 659/1486/1283
f 660/1489/1283 659/1486/1283 2090/1662/1283
f 464/1666/1284 2104/1668/1284 465/394/1284
f 2104/1668/1284 464/1666/1284 661/1485/1284
f 662/1484/1285 661/1485/1285 464/1666/1285
f 547/446/1286 546/445/1286 2146/1687/1286
f 687/1492/1286 2283/1124/1286 2267/1113/1286
f 2262/1115/1286 2267/1113/1286 2283/1124/1286
f 2268/1114/1287 2282/1123/1287 687/1492/1287
f 546/445/1288 2151/1129/1288 2282/1123/1288
f 505/1427/1289 1813/1212/1289 1814/1215/1289
f 506/1428/1290 1814/1215/1290 1813/1212/1290
f 505/1427/1291 1822/1688/1291 634/1457/1291
f 635/1456/1291 634/1457/1291 1822/1688/1291
f 509/1695/1292 1842/1033/1292 1837/1031/1292
f 636/1460/1293 635/1456/1293 1843/1693/1293
f 1842/1033/1293 1843/1693/1293 1837/1031/1293
f 509/1695/1294 1837/1031/1294 1835/1034/1294
f 1835/1034/1295 635/1456/1295 1836/1029/1295
f 1864/1108/1296 1860/1741/1296 1870/2066/1296
f 1861/1120/1297 1859/1708/1297 1860/1741/1297
f 1862/1118/1297 685/560/1297 1863/1116/1297
f 1871/1107/1298 686/1514/1298 1864/1108/1298
f 1859/1708/1297 538/1433/1297 1860/1741/1297
f 1860/1741/1296 538/1433/1296 1870/2066/1296
f 539/1434/1299 538/1433/1299 1870/2066/1299
f 1870/2066/1299 1878/1706/1299 1877/1698/1299
f 1876/1098/1299 1877/1698/1299 1878/1706/1299
f 642/1466/1300 1875/1097/1300 1876/1098/1300
f 1887/1094/955 643/561/955 642/1466/955
f 538/1433/955 1886/1699/955 1878/1706/955
f 1888/1093/1301 1887/1094/1301 1885/1709/1301
f 1878/1706/1302 1886/1699/1302 1885/1709/1302
f 1887/1094/957 642/1466/957 1876/1098/957
f 627/1452/1303 1890/1714/1303 628/1453/1303
f 708/565/1303 707/1500/1303 627/1452/1303
f 1890/1714/1303 627/1452/1303 707/1500/1303
f 626/1455/1304 1890/1714/1304 627/1452/1304
f 633/1459/1305 1890/1714/1305 1893/1715/1305
f 627/1452/1305 633/1459/1305 1892/1720/1305
f 633/1459/1304 632/1458/1304 1891/1721/1304
f 1891/1721/520 1892/1720/520 633/1459/520
f 501/1723/1306 1894/1717/1306 502/421/1306
f 501/1723/1306 1892/1720/1306 1894/1717/1306
f 1895/1722/1307 633/1459/1307 1892/1720/1307
f 501/1723/1308 634/1457/1308 1891/1721/1308
f 633/1459/1309 1895/1722/1309 1891/1721/1309
f 566/1437/1310 1897/2067/1310 1898/1168/1310
f 1897/2067/1311 567/1439/1311 1898/1168/1311
f 1899/1727/1312 1897/2067/1312 566/1437/1312
f 1897/2067/1313 1900/1726/1313 692/1494/1313
f 693/1495/1313 692/1494/1313 1900/1726/1313
f 371/1711/1314 1908/1716/1314 372/346/1314
f 1908/1716/1314 371/1711/1314 706/1501/1314
f 706/1501/1315 371/1711/1315 707/1500/1315
f 618/1732/1316 705/1502/1316 619/490/1316
f 618/1732/1317 1918/1734/1317 705/1502/1317
f 706/1501/1318 705/1502/1318 1918/1734/1318
f 1926/1091/1319 534/439/1319 533/1740/1319
f 1935/1089/1319 1926/1091/1319 641/1465/1319
f 1925/1738/1320 1926/1091/1320 533/1740/1320
f 1927/1090/1320 1928/1092/1320 642/1466/1320
f 1925/1738/1320 1928/1092/1320 1929/1086/1320
f 1926/1091/1320 1929/1086/1320 641/1465/1320
f 551/449/1321 550/448/1321 1950/1685/1321
f 688/1493/1321 1953/1133/1321 1951/1126/1321
f 1950/1685/1321 1952/1128/1321 1953/1133/1321
f 1958/1127/1322 1957/1132/1322 688/1493/1322
f 550/448/1323 1956/1136/1323 1957/1132/1323
f 554/451/1324 1969/1141/1324 555/452/1324
f 1970/1744/1324 1971/1146/1324 689/1512/1324
f 1969/1141/1325 1972/1145/1325 1970/1744/1325
f 554/451/1324 1971/1146/1324 1972/1145/1324
f 1971/1146/1326 690/1511/1326 689/1512/1326
f 1973/1143/1326 1971/1146/1326 554/451/1326
f 562/457/1327 1983/1157/1327 563/458/1327
f 1984/1730/1327 1985/1161/1327 691/1510/1327
f 562/457/1327 1985/1161/1327 1986/1160/1327
f 1983/1157/1327 1986/1160/1327 1984/1730/1327
f 691/1510/1328 1987/1158/1328 692/1494/1328
f 1987/1158/1328 1985/1161/1328 562/457/1328
f 571/1443/1329 570/1442/1329 1989/1675/1329
f 693/1495/1329 1989/1675/1329 570/1442/1329
f 694/1496/1330 693/1495/1330 570/1442/1330
f 558/454/1331 1991/1150/1331 559/455/1331
f 1991/1150/1331 1992/1151/1331 690/1511/1331
f 1993/1153/1332 1992/1151/1332 558/454/1332
f 691/1510/1332 690/1511/1332 1994/1747/1332
f 1992/1151/1332 1994/1747/1332 690/1511/1332
f 575/1445/1333 574/1446/1333 694/1496/1333
f 1995/1676/1334 694/1496/1334 574/1446/1334
f 694/1496/1335 1995/1676/1335 695/1497/1335
f 614/1751/1336 704/1503/1336 615/487/1336
f 614/1751/1337 1996/1681/1337 704/1503/1337
f 705/1502/1337 704/1503/1337 1996/1681/1337
f 2016/1758/1338 2002/1279/1338 403/360/1338
f 2014/1275/1339 717/1517/1339 2015/1276/1339
f 2017/1274/1339 2014/1275/1339 2015/1276/1339
f 2018/1280/1339 717/1517/1339 2002/1279/1339
f 404/1772/1340 2002/1279/1340 2003/1281/1340
f 717/1517/1340 2003/1281/1340 2002/1279/1340
f 2022/1754/1341 400/1753/1341 399/357/1341
f 718/1524/1342 2020/1273/1342 2021/1272/1342
f 2022/1754/1341 2021/1272/1341 2020/1273/1341
f 2023/1264/1343 718/1524/1343 2025/1271/1343
f 2024/1266/1344 2023/1264/1344 2025/1271/1344
f 2058/1760/1345 408/1759/1345 407/363/1345
f 716/1516/1345 2056/1284/1345 2038/1286/1345
f 2058/1760/1345 2038/1286/1345 2056/1284/1345
f 2043/1283/1346 2034/1278/1346 716/1516/1346
f 2038/1286/1346 407/363/1346 2039/1277/1346
f 2073/1262/1347 2114/1779/1347 2113/1255/1347
f 2113/1255/1347 721/1521/1347 720/1522/1347
f 2115/1258/1347 2113/1255/1347 2114/1779/1347
f 2112/1256/1347 720/1522/1347 2073/1262/1347
f 392/1780/1348 391/351/1348 2073/1262/1348
f 720/1522/1348 2071/1263/1348 2073/1262/1348
f 396/1769/1349 395/354/1349 2127/1770/1349
f 719/1523/1349 2126/1269/1349 2128/1268/1349
f 2126/1269/1350 2127/1770/1350 2128/1268/1350
f 2152/1259/1351 719/1523/1351 2153/1267/1351
f 2128/1268/1351 2154/1261/1351 2153/1267/1351
f 2196/2068/1352 2181/2069/1352 411/1415/1352
f 715/1515/1352 2194/1285/1352 716/1516/1352
f 2194/1285/1353 2192/1288/1353 2193/1768/1353
f 2181/2069/1354 2195/1767/1354 2180/1786/1354
f 2180/1786/1355 2195/1767/1355 2193/1768/1355
f 2192/1288/1356 715/1515/1356 2178/1287/1356
f 412/1416/1357 411/1415/1357 2181/2069/1357
f 2181/2069/1358 2182/1785/1358 412/1416/1358
f 2179/1289/1358 2180/1786/1358 2178/1287/1358
f 2178/1287/1357 715/1515/1357 2179/1289/1357
f 2205/1781/1359 2199/1302/1359 416/366/1359
f 2204/1790/1359 673/1479/1359 2206/1296/1359
f 2203/1490/1360 2204/1790/1360 674/1491/1360
f 2206/1296/1361 2205/1781/1361 2207/1298/1361
f 2208/1303/1359 673/1479/1359 2199/1302/1359
f 416/366/1362 2197/1299/1362 417/1987/1362
f 673/1479/1362 2197/1299/1362 2199/1302/1362
f 383/1412/1363 2216/1230/1363 384/1795/1363
f 2214/1793/1363 2215/1225/1363 722/1520/1363
f 2215/1225/1363 2217/1232/1363 383/1412/1363
f 2216/1230/1364 2217/1232/1364 2214/1793/1364
f 2224/1233/1365 722/1520/1365 2215/1225/1365
f 2224/1233/1366 2215/1225/1366 383/1412/1366
f 388/1774/1367 387/348/1367 2231/1775/1367
f 721/1521/1368 2229/1245/1368 2230/1252/1368
f 2232/1244/1369 2230/1252/1369 2229/1245/1369
f 2236/1251/1370 2235/1243/1370 721/1521/1370
f 2235/1243/1370 2230/1252/1370 387/348/1370
f 2181/2069/1371 2244/1787/1371 413/1417/1371
f 2272/1301/1372 2245/1765/1372 2271/1300/1372
f 674/1491/1373 2244/1787/1373 2243/1295/1373
f 674/1491/1372 2243/1295/1372 2265/1294/1372
f 2269/1762/1372 2245/1765/1372 412/1416/1372
f 2196/2068/1373 412/1416/1373 2245/1765/1373
f 420/1784/1374 2277/1783/1374 421/370/1374
f 672/1478/1374 2274/1307/1374 2276/1306/1374
f 2277/1783/1374 2276/1306/1374 2274/1307/1374
f 672/1478/1375 2279/1305/1375 673/1479/1375
f 2276/1306/1375 420/1784/1375 2279/1305/1375
f 424/1798/1376 2285/1314/1376 425/373/1376
f 671/1477/1376 2285/1314/1376 2286/1315/1376
f 2288/1797/1377 2286/1315/1377 424/1798/1377
f 671/1477/1377 2287/1313/1377 672/1478/1377
f 2287/1313/1378 2289/1312/1378 2288/1797/1378
f 2289/1312/1377 671/1477/1377 2286/1315/1377
f 1940/1621/1379 1939/1620/1379 376/1409/1379
f 375/1408/1380 1940/1621/1380 376/1409/1380
f 724/1519/1379 1940/1621/1379 725/563/1379
f 1941/1625/1381 725/563/1381 1940/1621/1381
f 651/562/1382 375/1408/1382 652/1468/1382
f 652/1468/1382 375/1408/1382 2304/1410/1382
f 374/1407/1382 1943/1619/1382 2254/1389/1382
f 2304/1410/1383 375/1408/1383 2303/1406/1383
f 379/1411/1384 2311/1394/1384 2309/1403/1384
f 723/1518/1384 2309/1403/1384 2311/1394/1384
f 2308/1404/1385 2311/1394/1385 379/1411/1385
f 724/1519/1385 723/1518/1385 2324/1794/1385
f 2324/1794/1385 2311/1394/1385 2308/1404/1385
f 429/376/1386 2335/1319/1386 2334/1322/1386
f 2336/1800/1387 2335/1319/1387 2333/1324/1387
f 428/1801/1387 2333/1324/1387 2335/1319/1387
f 2336/1800/1386 2334/1322/1386 2335/1319/1386
f 2340/1323/1388 2339/1321/1388 670/1476/1388
f 428/1801/1389 2340/1323/1389 2332/1318/1389
f 433/379/1390 2350/1328/1390 1975/1332/1390
f 1974/1635/1391 2345/1329/1391 2344/1330/1391
f 1974/1635/1390 1975/1332/1390 2350/1328/1390
f 432/1804/1390 2345/1329/1390 2350/1328/1390
f 2356/1333/1392 2355/1331/1392 669/1475/1392
f 432/1804/1392 2356/1333/1392 2344/1330/1392
f 590/469/1393 698/1509/1393 591/470/1393
f 590/469/1394 2361/1806/1394 698/1509/1394
f 699/1508/1395 698/1509/1395 2361/1806/1395
f 606/1814/1396 2367/1813/1396 607/481/1396
f 2367/1813/1396 606/1814/1396 702/1505/1396
f 606/1814/1397 703/1504/1397 702/1505/1397
f 594/472/1398 2379/1817/1398 595/473/1398
f 2379/1817/1398 594/472/1398 699/1508/1398
f 594/472/1399 700/1507/1399 699/1508/1399
f 514/424/1400 2101/1049/1400 2103/1056/1400
f 2066/1046/1400 636/1460/1400 2177/1697/1400
f 2177/1697/1400 2103/1056/1400 2101/1049/1400
f 2067/1050/1400 513/1822/1400 2066/1046/1400
f 636/1460/1401 2066/1046/1401 2065/1052/1401
f 513/1822/1402 2065/1052/1402 2066/1046/1402
f 517/1823/1403 2119/1063/1403 2118/1066/1403
f 637/1461/1404 2118/1066/1404 2119/1063/1404
f 2117/1060/1405 2119/1063/1405 2430/1820/1405
f 637/1461/1406 2134/1057/1406 638/1462/1406
f 2134/1057/1406 2136/1061/1406 2430/1820/1406
f 2117/1060/1407 637/1461/1407 2119/1063/1407
f 522/430/1408 521/1826/1408 2438/1825/1408
f 2159/1067/1408 2155/1071/1408 638/1462/1408
f 2438/1825/1408 2155/1071/1408 2159/1067/1408
f 2158/1069/1409 638/1462/1409 2155/1071/1409
f 521/1826/1409 2158/1069/1409 2155/1071/1409
f 2167/1076/1410 526/433/1410 525/1829/1410
f 2169/1077/1410 2167/1076/1410 639/1463/1410
f 2462/1827/1411 2167/1076/1411 525/1829/1411
f 2168/1074/1411 2183/1078/1411 640/1464/1411
f 2170/1075/1411 2186/1084/1411 2183/1078/1411
f 2167/1076/1411 2170/1075/1411 639/1463/1411
f 598/475/1412 2463/1830/1412 599/476/1412
f 2463/1830/1413 598/475/1413 700/1507/1413
f 598/475/1414 701/1506/1414 700/1507/1414
f 602/478/1415 2465/1809/1415 603/479/1415
f 2465/1809/1415 602/478/1415 701/1506/1415
f 602/478/1416 702/1505/1416 701/1506/1416
f 610/1678/1417 2141/1680/1417 611/484/1417
f 2141/1680/1417 610/1678/1417 703/1504/1417
f 610/1678/1418 704/1503/1418 703/1504/1418
f 542/442/1419 2221/1105/1419 543/443/1419
f 686/1514/1420 2200/1705/1420 2250/1707/1420
f 2221/1105/1421 2250/1707/1421 2200/1705/1421
f 2220/1702/1422 2241/1104/1422 542/442/1422
f 687/1492/1422 2201/1704/1422 2247/1110/1422
f 686/1514/1423 2201/1704/1423 2249/1513/1423
f 2220/1702/1422 2263/1112/1422 2247/1110/1422
f 2250/1707/1424 2201/1704/1424 686/1514/1424
f 2222/1106/1422 2250/1707/1422 2241/1104/1422
f 586/466/1425 2494/1815/1425 587/467/1425
f 2494/1815/1425 586/466/1425 697/1499/1425
f 586/466/1426 698/1509/1426 697/1499/1426
f 582/463/1427 696/1498/1427 583/464/1427
f 582/463/1428 2510/1833/1428 696/1498/1428
f 697/1499/1428 696/1498/1428 2510/1833/1428
f 578/460/1429 695/1497/1429 579/461/1429
f 578/460/1430 2375/1836/1430 695/1497/1430
f 696/1498/1431 695/1497/1431 2375/1836/1431
f 2187/1083/1432 530/436/1432 529/1737/1432
f 2190/1082/1432 2187/1083/1432 640/1464/1432
f 2349/1736/1433 2187/1083/1433 529/1737/1433
f 2189/1079/1433 2202/1085/1433 641/1465/1433
f 2191/1080/1434 2213/1087/1434 2202/1085/1434
f 2187/1083/1435 2191/1080/1435 640/1464/1435
f 370/345/1436 2575/1943/1436 2594/1945/1436
f 370/345/1436 2583/1944/1436 2575/1943/1436
f 2574/1841/1436 2578/1840/1436 624/559/1436
f 2275/1713/1436 2573/1842/1436 628/1453/1436
f 2574/1841/1436 2573/1842/1436 2575/1943/1436
f 2281/1719/1436 2278/1712/1436 2594/1945/1436
f 2609/2059/1437 749/543/1437 2604/2058/1437
f 751/1612/1437 1905/2060/1437 2605/2070/1437
f 2606/1951/1437 495/419/1437 2607/1950/1437
f 1949/1623/1437 496/417/1437 2603/1952/1437
f 2605/2070/1437 1905/2060/1437 1949/1623/1437
f 2606/1951/1437 2607/1950/1437 2609/2059/1437
f 760/574/1438 2614/2071/1438 2615/2072/1438
f 759/573/1439 2617/2073/1439 2614/2071/1439
f 2614/2071/1440 762/2074/1440 2615/2072/1440
f 762/2074/1441 2614/2071/1441 2617/2073/1441
f 2617/2073/1442 2621/2075/1442 2620/2076/1442
f 761/614/1443 2626/2077/1443 2621/2075/1443
f 764/2078/1444 2621/2075/1444 2626/2077/1444
f 2620/2076/1443 764/2078/1443 2617/2073/1443
f 765/636/1445 2641/2079/1445 763/616/1445
f 763/616/1445 2639/2080/1445 2626/2077/1445
f 2653/2081/1445 766/2082/1445 2641/2079/1445
f 766/2082/1445 764/2078/1445 2626/2077/1445
f 767/611/1446 2654/2083/1446 765/636/1446
f 2654/2083/1446 2653/2081/1446 765/636/1446
f 2655/2084/1446 768/2085/1446 2654/2083/1446
f 766/2082/1446 2654/2083/1446 768/2085/1446
f 767/611/1447 2656/2086/1447 2655/2084/1447
f 2656/2086/1447 769/613/1447 2659/2087/1447
f 770/2088/1447 2656/2086/1447 2659/2087/1447
f 2656/2086/1447 768/2085/1447 2655/2084/1447
f 769/613/1448 2660/2089/1448 2659/2087/1448
f 2663/2090/1448 2660/2089/1448 771/600/1448
f 2660/2089/1448 772/2091/1448 770/2088/1448
f 2660/2089/1448 770/2088/1448 2659/2087/1448
f 771/600/1449 3043/2092/1449 2663/2090/1449
f 774/2093/1449 2663/2090/1449 3043/2092/1449
f 775/618/1450 2665/2094/1450 3044/2095/1450
f 2665/2094/1450 774/2093/1450 3043/2092/1450
f 777/632/1451 2665/2094/1451 775/618/1451
f 2666/2096/1451 777/632/1451 2667/2097/1451
f 776/2098/1451 2667/2097/1451 778/2099/1451
f 2666/2096/1451 776/2098/1451 2665/2094/1451
f 779/606/345 2670/2100/345 777/632/345
f 2667/2097/345 777/632/345 2670/2100/345
f 2677/2101/1452 780/2102/1452 2670/2100/1452
f 2670/2100/345 778/2099/345 2667/2097/345
f 2677/2101/1453 779/606/1453 2678/2103/1453
f 781/629/1453 2678/2103/1453 779/606/1453
f 2679/2104/1453 782/2105/1453 2678/2103/1453
f 2678/2103/1453 780/2102/1453 2677/2101/1453
f 2679/2104/342 783/634/342 2680/2106/342
f 2680/2106/342 782/2105/342 2679/2104/342
f 2680/2106/338 785/603/338 2681/2107/338
f 2681/2107/338 785/603/338 2086/2108/338
f 2086/2108/338 784/2109/338 2681/2107/338
f 784/2109/1454 2680/2106/1454 2681/2107/1454
f 2086/2108/1455 785/603/1455 2085/2110/1455
f 785/603/1456 2088/2111/1456 2085/2110/1456
f 788/2112/1457 2086/2108/1457 2085/2110/1457
f 2088/2111/1456 788/2112/1456 2085/2110/1456
f 787/631/1458 2087/2113/1458 2088/2111/1458
f 790/2114/1458 2088/2111/1458 2087/2113/1458
f 2087/2113/1459 789/591/1459 2084/2115/1459
f 789/591/1460 2083/2116/1460 2084/2115/1460
f 2083/2116/1460 792/2117/1460 2084/2115/1460
f 792/2117/1459 2087/2113/1459 2084/2115/1459
f 791/609/1461 2082/2118/1461 2083/2116/1461
f 2082/2118/349 793/597/349 2081/2119/349
f 794/2120/349 2082/2118/349 2081/2119/349
f 792/2117/1461 2083/2116/1461 2082/2118/1461
f 2697/2121/1462 793/597/1462 795/599/1462
f 2080/2122/1462 793/597/1462 2692/2123/1462
f 2692/2123/1462 2697/2121/1462 796/2124/1462
f 796/2124/1462 2081/2119/1462 2080/2122/1462
f 2700/2125/1463 795/599/1463 2701/2126/1463
f 797/624/1463 2701/2126/1463 795/599/1463
f 798/2127/1463 2697/2121/1463 2701/2126/1463
f 2701/2126/1463 2706/2128/1463 798/2127/1463
f 2706/2128/1464 799/594/1464 2712/2129/1464
f 2712/2129/1464 798/2127/1464 2706/2128/1464
f 801/596/1465 2713/2130/1465 799/594/1465
f 2712/2129/1465 799/594/1465 2713/2130/1465
f 800/2131/1465 2713/2130/1465 802/2132/1465
f 2713/2130/1465 2717/2133/1465 802/2132/1465
f 2720/2134/346 803/586/346 2722/2135/346
f 2720/2134/346 801/596/346 803/586/346
f 804/2136/346 2720/2134/346 2722/2135/346
f 2717/2133/346 2720/2134/346 802/2132/346
f 2725/2137/1466 805/588/1466 2730/2138/1466
f 2725/2137/1466 803/586/1466 805/588/1466
f 806/2139/1466 2725/2137/1466 2730/2138/1466
f 2722/2135/1466 2725/2137/1466 804/2136/1466
f 807/589/1467 2736/2140/1467 805/588/1467
f 2738/2141/1467 805/588/1467 2736/2140/1467
f 808/2142/1467 2736/2140/1467 2742/2143/1467
f 2730/2138/1467 2738/2141/1467 2736/2140/1467
f 809/626/1468 2742/2143/1468 807/589/1468
f 2744/2144/1469 2749/2145/1469 2748/2146/1469
f 808/2142/1468 2748/2146/1468 2749/2145/1468
f 808/2142/1470 2742/2143/1470 2744/2144/1470
f 2749/2145/1471 811/583/1471 2750/2147/1471
f 812/575/1472 2750/2147/1472 811/583/1472
f 2750/2147/1473 2685/2148/1473 810/2149/1473
f 2749/2145/1474 2750/2147/1474 810/2149/1474
f 818/582/1475 756/569/1475 758/572/1475
f 818/582/1476 758/572/1476 760/574/1476
f 2719/2150/1475 760/574/1475 2650/2151/1475
f 2650/2151/1475 760/574/1475 2642/2152/1475
f 2642/2152/1475 760/574/1475 2640/2153/1475
f 2640/2153/1477 760/574/1477 2615/2072/1477
f 814/577/1475 2690/2154/1475 2688/2155/1475
f 2709/2156/1475 2690/2154/1475 818/582/1475
f 2708/2157/1475 2709/2156/1475 818/582/1475
f 818/582/1475 2728/2158/1475 2708/2157/1475
f 818/582/1476 753/570/1476 756/569/1476
f 812/575/1478 2688/2155/1478 2684/2159/1478
f 2684/2159/1475 2685/2148/1475 812/575/1475
f 762/2074/1479 2640/2153/1479 2615/2072/1479
f 764/2078/1475 2642/2152/1475 2640/2153/1475
f 766/2082/1475 2650/2151/1475 2642/2152/1475
f 2650/2151/1475 768/2085/1475 2719/2150/1475
f 800/2131/1475 2728/2158/1475 768/2085/1475
f 804/2136/1475 2708/2157/1475 800/2131/1475
f 808/2142/1475 2709/2156/1475 804/2136/1475
f 808/2142/1475 2688/2155/1475 2690/2154/1475
f 808/2142/1478 2684/2159/1478 2688/2155/1478
f 810/2149/1480 2684/2159/1480 808/2142/1480
f 804/2136/1481 806/2139/1481 808/2142/1481
f 802/2132/1475 804/2136/1475 800/2131/1475
f 798/2127/1480 800/2131/1480 796/2124/1480
f 796/2124/1475 800/2131/1475 794/2120/1475
f 794/2120/1479 800/2131/1479 792/2117/1479
f 790/2114/1476 792/2117/1476 784/2109/1476
f 788/2112/1475 790/2114/1475 784/2109/1475
f 786/2160/1476 788/2112/1476 784/2109/1476
f 772/2091/1475 768/2085/1475 770/2088/1475
f 784/2109/1475 768/2085/1475 772/2091/1475
f 776/2098/1475 784/2109/1475 772/2091/1475
f 774/2093/1479 776/2098/1479 772/2091/1479
f 782/2105/1475 784/2109/1475 776/2098/1475
f 780/2102/1475 782/2105/1475 776/2098/1475
f 778/2099/1478 780/2102/1478 776/2098/1478
f 784/2109/1475 800/2131/1475 768/2085/1475
f 792/2117/1475 800/2131/1475 784/2109/1475
f 820/585/339 822/653/339 819/621/339
f 1856/2161/339 1879/2162/339 820/585/339
f 821/670/1482 1879/2162/1482 1856/2161/1482
f 857/2163/339 850/635/339 844/615/339
f 850/635/339 1920/2164/339 1919/2165/339
f 1920/2164/1483 2769/2166/1483 1919/2165/1483
f 830/627/339 860/2167/339 831/595/339
f 1931/2168/339 1934/2169/339 830/627/339
f 2209/2170/1484 1931/2168/1484 1944/2171/1484
f 829/593/339 863/652/339 840/610/339
f 840/610/339 2505/2172/339 1847/2173/339
f 1846/2174/1485 1847/2173/1485 2505/2172/1485
f 827/590/339 866/2175/339 824/584/339
f 824/584/339 2234/2176/339 2834/2177/339
f 2234/2176/1486 867/668/1486 2834/2177/1486
f 2520/2178/1487 847/620/1487 2521/2179/1487
f 2534/2180/1488 2840/2181/1488 843/638/1488
f 870/2182/1489 2520/2178/1489 2521/2179/1489
f 2534/2180/1490 2518/2183/1490 2520/2178/1490
f 861/644/339 842/612/339 841/637/339
f 841/637/339 2625/2184/339 2469/2185/339
f 1889/2186/1491 2469/2185/1491 2625/2184/1491
f 826/587/339 2646/2187/339 2647/2188/339
f 826/587/339 866/2175/339 827/590/339
f 2813/2189/1492 2647/2188/1492 2646/2187/1492
f 877/2190/339 847/620/339 846/619/339
f 847/620/339 1955/2191/339 2523/2192/339
f 870/2182/1493 2523/2192/1493 1955/2191/1493
f 833/598/1494 2832/2193/1494 2833/2194/1494
f 2671/2195/1495 2832/2193/1495 832/630/1495
f 2832/2193/1496 879/2196/1496 2833/2194/1496
f 2832/2193/31 2671/2195/31 2672/2197/31
f 845/617/339 2835/2198/339 838/607/339
f 2696/2199/339 1916/2200/339 838/607/339
f 2835/2198/1497 2836/2201/1497 880/2202/1497
f 2835/2198/1498 880/2202/1498 2696/2199/1498
f 833/598/1499 2035/2203/1499 872/649/1499
f 833/598/339 872/649/339 848/625/339
f 2833/2194/1500 879/2196/1500 2035/2203/1500
f 2770/2204/963 850/635/963 2769/2166/963
f 841/637/339 2740/2205/339 2631/2206/339
f 858/663/963 2770/2204/963 2769/2166/963
f 2632/2207/1501 2631/2206/1501 2740/2205/1501
f 851/639/339 816/580/339 815/579/339
f 816/580/1502 2137/2208/1502 2794/2209/1502
f 2137/2208/1503 2830/2210/1503 2794/2209/1503
f 825/623/339 881/654/339 826/587/339
f 826/587/339 2143/2211/339 2813/2189/339
f 2143/2211/1504 876/2212/1504 2813/2189/1504
f 824/584/339 2828/2213/339 2824/2214/339
f 820/585/1505 2821/2215/1505 2739/2216/1505
f 2821/2215/1506 821/670/1506 2739/2216/1506
f 2821/2215/1507 2824/2214/1507 2828/2213/1507
f 816/580/339 2830/2210/339 1820/2217/339
f 877/2190/339 846/619/339 816/580/339
f 882/2218/1508 1820/2217/1508 2830/2210/1508
f 840/610/339 1833/2219/339 1832/2220/339
f 840/610/339 878/2221/339 832/630/339
f 864/2222/1509 1833/2219/1509 1846/2174/1509
f 845/617/339 835/601/339 865/646/339
f 845/617/1510 2173/2223/1510 2836/2201/1510
f 2173/2223/1511 880/2202/1511 2836/2201/1511
f 857/2163/339 844/615/339 843/638/339
f 843/638/339 2184/2224/339 857/2163/339
f 871/675/1512 2184/2224/1512 2840/2181/1512
f 854/641/1513 912/2225/1513 883/2226/1513
f 853/640/1513 912/2225/1513 854/641/1513
f 884/662/339 912/2225/339 853/640/339
f 888/2227/339 912/2225/339 884/662/339
f 888/2227/1499 884/662/1499 885/669/1499
f 888/2227/1514 885/669/1514 886/2228/1514
f 892/2229/339 912/2225/339 888/2227/339
f 890/666/339 892/2229/339 888/2227/339
f 896/661/339 912/2225/339 892/2229/339
f 894/2230/1510 896/661/1510 892/2229/1510
f 896/661/339 904/673/339 912/2225/339
f 912/2225/339 904/673/339 908/2231/339
f 912/2225/339 908/2231/339 911/676/339
f 911/676/1515 908/2231/1515 910/677/1515
f 908/2231/339 1808/2232/339 1810/2233/339
f 904/673/339 906/2234/339 1807/2235/339
f 905/672/1502 906/2234/1502 904/673/1502
f 898/659/1516 904/673/1516 896/661/1516
f 900/657/340 904/673/340 898/659/340
f 902/674/1499 904/673/1499 900/657/1499
f 888/2227/1499 886/2228/1499 887/2236/1499
f 890/666/1517 888/2227/1517 889/667/1517
f 891/658/1518 892/2229/1518 890/666/1518
f 893/2237/1502 894/2230/1502 892/2229/1502
f 895/2238/1519 896/661/1519 894/2230/1519
f 897/660/1519 898/659/1519 896/661/1519
f 899/671/1520 900/657/1520 898/659/1520
f 901/656/1520 902/674/1520 900/657/1520
f 903/2239/1514 904/673/1514 902/674/1514
f 907/664/339 1807/2235/339 906/2234/339
f 1809/2240/1518 1807/2235/1518 907/664/1518
f 910/677/1510 908/2231/1510 909/2241/1510
f 861/644/1521 1889/2186/1521 906/2234/1521
f 873/665/1465 906/2234/1465 1889/2186/1465
f 906/2234/1465 873/665/1465 907/664/1465
f 887/2236/1450 2647/2188/1450 888/2227/1450
f 2647/2188/1450 876/2212/1450 888/2227/1450
f 902/674/1468 868/2242/1468 903/2239/1468
f 868/2242/1468 1915/2243/1468 903/2239/1468
f 880/2202/1468 1915/2243/1468 1916/2200/1468
f 1955/2191/1459 877/2190/1459 911/676/1459
f 877/2190/1459 912/2225/1459 911/676/1459
f 911/676/1459 870/2182/1459 1955/2191/1459
f 878/2221/1443 1988/2244/1443 1990/2245/1443
f 894/2230/1443 893/2237/1443 878/2221/1443
f 1988/2244/1443 879/2196/1443 1990/2245/1443
f 893/2237/1445 892/2229/1445 872/649/1445
f 893/2237/1445 872/649/1445 2035/2203/1445
f 2035/2203/1445 879/2196/1445 893/2237/1445
f 851/639/1455 854/641/1455 883/2226/1455
f 2137/2208/1522 851/639/1522 883/2226/1522
f 883/2226/1455 882/2218/1455 2137/2208/1455
f 881/654/1523 2142/2246/1523 2143/2211/1523
f 889/667/1523 888/2227/1523 876/2212/1523
f 2142/2246/1523 876/2212/1523 2143/2211/1523
f 883/2226/1458 912/2225/1458 877/2190/1458
f 877/2190/1524 1819/2247/1524 883/2226/1524
f 1819/2247/1524 882/2218/1524 883/2226/1524
f 878/2221/1525 1832/2220/1525 894/2230/1525
f 864/2222/1526 894/2230/1526 1832/2220/1526
f 894/2230/1527 864/2222/1527 895/2238/1527
f 865/646/1467 903/2239/1467 2173/2223/1467
f 903/2239/1467 865/646/1467 904/673/1467
f 903/2239/1467 880/2202/1467 2173/2223/1467
f 909/2241/1462 857/2163/1462 2184/2224/1462
f 871/675/1462 909/2241/1462 2184/2224/1462
f 909/2241/1462 871/675/1462 910/677/1462
f 884/662/1453 822/653/1453 1879/2162/1453
f 821/670/1453 885/669/1453 884/662/1453
f 1879/2162/1453 821/670/1453 884/662/1453
f 860/2167/1528 2210/2248/1528 890/666/1528
f 2209/2170/1529 2210/2248/1529 860/2167/1529
f 859/650/1530 891/658/1530 1944/2171/1530
f 2210/2248/1530 1944/2171/1530 891/658/1530
f 891/658/1530 890/666/1530 2210/2248/1530
f 909/2241/1463 1920/2164/1463 857/2163/1463
f 1920/2164/1463 908/2231/1463 858/663/1463
f 895/2238/302 863/652/302 896/661/302
f 863/652/302 895/2238/302 2227/2249/302
f 864/2222/302 2227/2249/302 895/2238/302
f 2234/2176/1451 866/2175/1451 887/2236/1451
f 887/2236/1451 867/668/1451 2234/2176/1451
f 887/2236/1451 886/2228/1451 867/668/1451
f 854/641/1531 883/2226/1531 912/2225/1531
f 912/2225/1532 911/676/1532 910/677/1532
f 910/677/1475 1810/2233/1475 912/2225/1475
f 1810/2233/1475 854/641/1475 912/2225/1475
f 854/641/1475 1808/2232/1475 902/674/1475
f 904/673/1480 902/674/1480 905/672/1480
f 905/672/1479 902/674/1479 1807/2235/1479
f 898/659/1475 854/641/1475 902/674/1475
f 900/657/1533 898/659/1533 902/674/1533
f 894/2230/1475 854/641/1475 898/659/1475
f 896/661/1477 894/2230/1477 898/659/1477
f 894/2230/1475 890/666/1475 854/641/1475
f 890/666/1475 884/662/1475 854/641/1475
f 884/662/1534 853/640/1534 854/641/1534
f 890/666/1475 886/2228/1475 884/662/1475
f 886/2228/1535 885/669/1535 884/662/1535
f 890/666/1479 888/2227/1479 886/2228/1479
f 892/2229/1475 890/666/1475 894/2230/1475
f 1811/2250/1475 910/677/1475 907/664/1475
f 910/677/1536 908/2231/1536 907/664/1536
f 910/677/1532 909/2241/1532 908/2231/1532
f 907/664/1479 906/2234/1479 1811/2250/1479
f 1810/2233/1479 1811/2250/1479 906/2234/1479
f 1809/2240/1537 1810/2233/1537 906/2234/1537
f 1808/2232/1475 1809/2240/1475 906/2234/1475
f 1808/2232/1480 906/2234/1480 1807/2235/1480
f 903/2239/1538 902/674/1538 904/673/1538
f 901/656/1539 900/657/1539 902/674/1539
f 899/671/1539 898/659/1539 900/657/1539
f 897/660/1540 896/661/1540 898/659/1540
f 895/2238/1540 894/2230/1540 896/661/1540
f 893/2237/1479 892/2229/1479 894/2230/1479
f 891/658/1480 890/666/1480 892/2229/1480
f 890/666/1541 889/667/1541 888/2227/1541
f 888/2227/1478 887/2236/1478 886/2228/1478
f 914/2251/339 944/2252/339 913/2253/339
f 918/2254/339 916/2255/339 917/2256/339
f 919/2257/340 916/2255/340 918/2254/340
f 920/2258/1499 916/2255/1499 919/2257/1499
f 922/2259/1542 920/2258/1542 921/2260/1542
f 923/2261/1543 924/2262/1543 922/2259/1543
f 924/2262/339 2450/2263/339 922/2259/339
f 922/2259/339 2451/2062/339 920/2258/339
f 920/2258/339 2461/2063/339 944/2252/339
f 944/2252/339 2461/2063/339 2460/2264/339
f 944/2252/339 936/2265/339 942/2266/339
f 944/2252/339 942/2266/339 943/2267/339
f 936/2265/339 938/2268/339 939/2269/339
f 936/2265/1544 939/2269/1544 940/2270/1544
f 942/2266/339 936/2265/339 940/2270/339
f 942/2266/1545 940/2270/1545 941/2271/1545
f 937/2272/1544 938/2268/1544 936/2265/1544
f 935/2273/1499 936/2265/1499 934/2274/1499
f 934/2274/1546 936/2265/1546 933/2275/1546
f 933/2275/339 2443/2276/339 2444/2277/339
f 936/2265/339 2460/2264/339 2443/2276/339
f 920/2258/1516 944/2252/1516 914/2251/1516
f 920/2258/339 914/2251/339 916/2255/339
f 916/2255/340 914/2251/340 915/2278/340
f 927/2279/339 2435/2280/339 924/2262/339
f 926/2281/1547 927/2279/1547 924/2262/1547
f 925/2282/1518 926/2281/1518 924/2262/1518
f 2434/2283/339 928/2284/339 2435/2280/339
f 2435/2280/339 928/2284/339 2450/2263/339
f 2450/2263/339 928/2284/339 2451/2062/339
f 2461/2063/339 2451/2062/339 928/2284/339
f 932/2285/339 2461/2063/339 928/2284/339
f 2443/2276/339 2460/2264/339 932/2285/339
f 932/2285/339 2444/2277/339 2443/2276/339
f 931/2286/1548 932/2285/1548 930/2287/1548
f 930/2287/1549 932/2285/1549 929/2288/1549
f 929/2288/1549 932/2285/1549 928/2284/1549
f 938/2268/1448 2474/2289/1448 2468/2290/1448
f 2467/2291/344 938/2268/344 2468/2290/344
f 1889/2186/344 2467/2291/344 2468/2290/344
f 2474/2289/1448 905/672/1448 2468/2290/1448
f 1889/2186/1550 906/2234/1550 2469/2185/1550
f 937/2272/1449 2484/2292/1449 2474/2289/1449
f 2483/2293/1449 2484/2292/1449 936/2265/1449
f 2484/2292/1523 905/672/1523 2474/2289/1523
f 2484/2292/1523 904/673/1523 905/672/1523
f 2638/2294/1468 918/2254/1468 2829/2295/1468
f 2834/2177/1468 2234/2176/1468 2829/2295/1468
f 2834/2177/1551 2828/2213/1551 886/2228/1551
f 2434/2283/1552 927/2279/1552 1848/2296/1552
f 928/2284/1553 2434/2283/1553 1848/2296/1553
f 896/661/1459 928/2284/1459 2227/2249/1459
f 2505/2172/1459 895/2238/1459 2227/2249/1459
f 1847/2173/1459 895/2238/1459 2505/2172/1459
f 943/2267/1440 2519/1450/1440 2524/2297/1440
f 943/2267/1527 2535/2298/1527 2519/1450/1527
f 2521/2179/1554 2523/2192/1554 2519/1450/1554
f 2534/2180/1527 2519/1450/1527 2535/2298/1527
f 910/677/1527 2518/2183/1527 2534/2180/1527
f 2521/2179/1555 2520/2178/1555 910/677/1555
f 933/2275/1556 2549/2299/1556 2560/2065/1556
f 2549/2299/1557 933/2275/1557 2550/2300/1557
f 2560/2065/345 902/674/345 2561/2301/345
f 901/656/1558 2549/2299/1558 2550/2300/1558
f 2577/2302/1559 2576/2303/1559 914/2251/1559
f 2576/2303/306 915/2278/306 914/2251/306
f 2587/2304/306 2576/2303/306 853/640/306
f 854/641/1559 2576/2303/1559 2577/2302/1559
f 2598/2305/1464 924/2262/1464 2599/2306/1464
f 923/2261/343 2599/2306/343 924/2262/343
f 892/2229/343 2599/2306/343 891/658/343
f 1947/2307/343 891/658/343 2599/2306/343
f 2550/2300/1560 933/2275/1560 2444/2277/1560
f 932/2285/1561 2550/2300/1561 2444/2277/1561
f 932/2285/1453 900/657/1453 901/656/1453
f 898/659/1455 929/2288/1455 897/660/1455
f 939/2269/1447 2624/2308/1447 2633/2309/1447
f 2624/2308/1447 938/2268/1447 2467/2291/1447
f 2625/2184/1562 2632/2207/1562 2631/2206/1562
f 2624/2308/1447 2469/2185/1447 2625/2184/1447
f 906/2234/1447 2625/2184/1447 2469/2185/1447
f 907/664/1447 2632/2207/1447 2625/2184/1447
f 919/2257/1467 2649/2310/1467 920/2258/1467
f 2637/2311/1563 919/2257/1563 2638/2294/1563
f 2637/2311/1467 2647/2188/1467 2649/2310/1467
f 888/2227/1467 2638/2294/1467 887/2236/1467
f 2646/2187/1467 2647/2188/1467 888/2227/1467
f 896/661/1458 929/2288/1458 928/2284/1458
f 2668/2312/1564 2669/2313/1564 925/2282/1564
f 925/2282/1462 1834/2314/1462 926/2281/1462
f 894/2230/1462 1834/2314/1462 1990/2245/1462
f 894/2230/1462 1988/2244/1462 893/2237/1462
f 2668/2312/1565 2672/2197/1565 2669/2313/1565
f 1988/2244/1462 2671/2195/1462 893/2237/1462
f 2672/2197/1462 1988/2244/1462 1990/2245/1462
f 935/2273/1451 2561/2301/1451 2694/2315/1451
f 2693/2316/1566 935/2273/1566 2694/2315/1566
f 2693/2316/1451 2696/2199/1451 2695/2317/1451
f 1916/2200/1451 2694/2315/1451 2561/2301/1451
f 902/674/1451 903/2239/1451 1915/2243/1451
f 1915/2243/1451 2695/2317/1451 2696/2199/1451
f 2696/2199/1451 1916/2200/1451 1915/2243/1451
f 944/2252/302 2524/2297/302 1817/2318/302
f 1817/2318/302 2523/2192/302 1955/2191/302
f 911/676/302 1955/2191/302 2523/2192/302
f 2587/2304/1567 2716/2319/1567 915/2278/1567
f 2716/2319/305 916/2255/305 915/2278/305
f 1880/1447/305 2716/2319/305 884/662/305
f 853/640/1567 2716/2319/1567 2587/2304/1567
f 2668/2312/1463 924/2262/1463 2598/2305/1463
f 2598/2305/1463 2035/2203/1463 2671/2195/1463
f 893/2237/1568 2832/2193/1568 2833/2194/1568
f 898/659/338 931/2286/338 930/2287/338
f 940/2270/341 2737/2320/341 1921/2321/341
f 2737/2320/1569 939/2269/1569 2633/2309/1569
f 2769/2166/341 1921/2321/341 2740/2205/341
f 2737/2320/341 2631/2206/341 2740/2205/341
f 907/664/341 2740/2205/341 2631/2206/341
f 2740/2205/1570 1919/2165/1570 2769/2166/1570
f 921/2260/1571 1932/2322/1571 922/2259/1571
f 2775/2323/1571 921/2260/1571 2776/2324/1571
f 2775/2323/1572 2210/2248/1572 2209/2170/1572
f 890/666/1571 2776/2324/1571 889/667/1571
f 1934/2169/963 2210/2248/963 890/666/963
f 913/2253/300 2791/1449/300 914/2251/300
f 2791/1449/1573 2577/2302/1573 914/2251/1573
f 854/641/300 2791/1449/300 883/2226/300
f 2137/2208/300 2791/1449/300 2795/2325/300
f 883/2226/300 2137/2208/300 2794/2209/300
f 920/2258/347 2803/2326/347 921/2260/347
f 2776/2324/1574 921/2260/1574 2803/2326/1574
f 2142/2246/1574 2776/2324/1574 2803/2326/1574
f 2813/2189/347 2143/2211/347 2649/2310/347
f 2143/2211/1575 2813/2189/1575 2646/2187/1575
f 889/667/347 2142/2246/347 888/2227/347
f 1857/2327/1576 2822/1451/1576 917/2256/1576
f 2829/2295/348 917/2256/348 2822/1451/348
f 2828/2213/348 2822/1451/348 2824/2214/348
f 2739/2216/1472 2824/2214/1472 1857/2327/1472
f 2828/2213/348 2824/2214/348 886/2228/348
f 886/2228/1472 2824/2214/1472 2821/2215/1472
f 936/2265/1450 2693/2316/1450 2483/2293/1450
f 2173/2223/1450 904/673/1450 2483/2293/1450
f 2835/2198/1577 903/2239/1577 2836/2201/1577
f 944/2252/301 1821/2328/301 913/2253/301
f 913/2253/1578 1821/2328/1578 2795/2325/1578
f 1820/2217/1579 2830/2210/1579 2794/2209/1579
f 1817/2318/301 912/2225/301 1818/2329/301
f 912/2225/301 883/2226/301 1819/2247/301
f 883/2226/1580 2794/2209/1580 2830/2210/1580
f 1820/2217/301 1818/2329/301 1819/2247/301
f 926/2281/1461 1834/2314/1461 1831/2330/1461
f 926/2281/349 1831/2330/349 1845/2064/349
f 1847/2173/349 1845/2064/349 1833/2219/349
f 1832/2220/1581 1833/2219/1581 1831/2330/1581
f 895/2238/349 1846/2174/349 1833/2219/349
f 1833/2219/1581 894/2230/1581 895/2238/1581
f 942/2266/1443 1902/2331/1443 2535/2298/1443
f 2535/2298/1443 1902/2331/1443 2184/2224/1443
f 2534/2180/1443 2184/2224/1443 910/677/1443
f 1858/1448/1582 1857/2327/1582 917/2256/1582
f 916/2255/303 1858/1448/303 917/2256/303
f 1854/2332/303 1858/1448/303 1856/2161/303
f 1880/1447/303 884/662/303 1879/2162/303
f 885/669/303 1856/2161/303 884/662/303
f 884/662/303 1856/2161/303 1879/2162/303
f 900/657/342 931/2286/342 899/671/342
f 1901/2333/1583 1902/2331/1583 941/2271/1583
f 1921/2321/1445 941/2271/1445 940/2270/1445
f 1902/2331/1445 908/2231/1445 909/2241/1445
f 1921/2321/1445 1919/2165/1445 1920/2164/1445
f 1919/2165/1445 908/2231/1445 1920/2164/1445
f 1932/2322/1584 1933/2334/1584 922/2259/1584
f 922/2259/1584 1947/2307/1584 923/2261/1584
f 1944/2171/1584 891/658/1584 1947/2307/1584
f 1931/2168/1584 1932/2322/1584 1934/2169/1584
f 1931/2168/1584 890/666/1584 891/658/1584
f 1944/2171/1584 1931/2168/1584 891/658/1584
f 963/696/1585 961/694/1585 1017/750/1585
f 963/696/1586 1017/750/1586 1839/2335/1586
f 2156/2336/520 1840/2337/520 1839/2335/520
f 973/2338/1587 2171/2339/1587 2174/2340/1587
f 975/705/1588 2185/2341/1588 2188/2342/1588
f 2171/2339/520 2174/2340/520 2172/2343/520
f 1020/752/1589 2188/2342/1589 2185/2341/1589
f 2212/2344/1590 957/690/1590 955/688/1590
f 955/688/1591 1815/2345/1591 2225/2346/1591
f 2211/2347/520 2212/2344/520 1022/2348/520
f 1815/2345/1592 2212/2344/1592 2225/2346/1592
f 959/692/1593 2240/2349/1593 2239/2350/1593
f 2211/2347/1593 959/692/1593 957/690/1593
f 2233/2351/520 2211/2347/520 1022/2348/520
f 2240/2349/31 1022/2348/31 2239/2350/31
f 951/683/1594 1896/2352/1594 1025/747/1594
f 953/685/1594 951/683/1594 1025/747/1594
f 1896/2352/1595 2248/2353/1595 1024/2354/1595
f 995/723/1596 2296/2355/1596 997/725/1596
f 995/723/1596 2322/2356/1596 2323/2357/1596
f 2295/2358/520 1031/2359/520 2296/2355/520
f 2323/2357/1597 1031/2359/1597 2295/2358/1597
f 999/751/1598 2358/2360/1598 2031/2361/1598
f 997/725/1599 2343/2362/1599 999/751/1599
f 2296/2355/520 1031/2359/520 2343/2362/520
f 2343/2362/1600 2031/2361/1600 2358/2360/1600
f 981/710/1601 2364/2363/1601 2365/2364/1601
f 979/2365/1602 2370/2366/1602 2371/2367/1602
f 1033/780/1603 2372/2368/1603 2370/2366/1603
f 2364/2363/963 2366/2369/963 2365/2364/963
f 993/721/1604 2386/2370/1604 2407/2371/1604
f 991/718/1604 2386/2370/1604 993/721/1604
f 2385/2372/520 1035/775/520 2386/2370/520
f 2407/2371/1605 2386/2370/1605 1036/766/1605
f 987/715/963 2425/2373/963 2426/2374/963
f 987/715/1606 2129/2375/1606 1038/2376/1606
f 1037/758/520 2426/2374/520 2425/2373/520
f 1037/758/1607 2129/2375/1607 2426/2374/1607
f 975/705/1608 2445/2377/1608 2446/2378/1608
f 977/707/1609 2436/2379/1609 2437/2380/1609
f 2446/2378/1610 2445/2377/1610 1020/752/1610
f 2437/2380/1611 2436/2379/1611 1039/754/1611
f 2453/2381/963 969/700/963 2452/2382/963
f 969/700/1612 1917/2383/1612 2452/2382/1612
f 2452/2382/520 1040/773/520 2453/2381/520
f 1917/2383/963 1040/773/963 2452/2382/963
f 983/2384/1613 2464/2385/1613 2466/2386/1613
f 981/710/1614 2472/2387/1614 2464/2385/1614
f 1041/771/1615 2464/2385/1615 2472/2387/1615
f 2466/2386/1616 2464/2385/1616 1041/771/1616
f 963/696/1617 1855/2388/1617 2476/2389/1617
f 965/2390/520 2476/2389/520 2475/2391/520
f 2475/2391/520 2476/2389/520 1042/2392/520
f 1855/2388/520 1042/2392/520 2476/2389/520
f 965/2390/1618 2475/2391/1618 2511/2393/1618
f 967/698/1619 965/2390/1619 1007/732/1619
f 2512/2394/520 1042/2392/520 2511/2393/520
f 2517/2395/520 2516/2396/520 2248/2353/520
f 949/681/1620 2089/2397/1620 2517/2395/1620
f 1024/2354/1621 2517/2395/1621 2089/2397/1621
f 2517/2395/520 2248/2353/520 2516/2396/520
f 2528/2398/520 987/715/520 2527/2399/520
f 987/715/1622 1038/2376/1622 2531/2400/1622
f 2532/2401/520 1044/2402/520 2527/2399/520
f 2527/2399/520 1044/2402/520 2528/2398/520
f 995/723/1623 2543/2403/1623 2542/2404/1623
f 993/721/1623 2536/2405/1623 995/723/1623
f 2405/2406/1624 1036/766/1624 2536/2405/1624
f 1036/766/1625 2543/2403/1625 2536/2405/1625
f 973/2338/1626 971/702/1626 2552/2407/1626
f 973/2338/1626 2556/2408/1626 2171/2339/1626
f 1019/764/1627 2556/2408/1627 2552/2407/1627
f 2453/2381/520 2552/2407/520 2551/2409/520
f 2569/2410/1628 2425/2373/1628 985/713/1628
f 2559/2411/1629 983/2384/1629 2466/2386/1629
f 1041/771/1630 2559/2411/1630 2466/2386/1630
f 2568/2412/1631 2567/2413/1631 2559/2411/1631
f 979/2365/1632 2581/2414/1632 2370/2366/1632
f 977/707/1632 2572/2415/1632 979/2365/1632
f 2572/2415/1611 2437/2380/1611 1039/754/1611
f 1033/780/1633 2370/2366/1633 2581/2414/1633
f 2584/2416/520 989/2417/520 2528/2398/520
f 991/718/1634 2591/2418/1634 2590/2419/1634
f 2528/2398/520 1044/2402/520 2584/2416/520
f 1044/2402/1635 1035/775/1635 2591/2418/1635
f 1074/761/1636 1045/756/1636 1046/755/1636
f 1074/761/1637 1046/755/1637 1016/740/1637
f 1074/761/1638 1016/740/1638 1015/763/1638
f 1015/763/1637 1047/757/1637 1048/770/1637
f 1015/763/1639 1048/770/1639 1049/769/1639
f 1015/763/1638 1049/769/1638 1050/2420/1638
f 1054/776/1638 1050/2420/1638 1051/2421/1638
f 1054/776/1640 1051/2421/1640 1052/768/1640
f 1053/767/1638 1054/776/1638 1052/768/1638
f 1055/2422/1638 1058/772/1638 1054/776/1638
f 1056/760/1638 1058/772/1638 1055/2422/1638
f 1057/759/1637 1058/772/1637 1056/760/1637
f 1059/779/1639 1062/774/1639 1058/772/1639
f 1060/753/1638 1062/774/1638 1059/779/1638
f 1061/765/1641 1062/774/1641 1060/753/1641
f 1063/2423/1638 1066/2424/1638 1062/774/1638
f 1064/783/1642 1066/2424/1642 1063/2423/1642
f 1065/782/1643 1066/2424/1643 1064/783/1643
f 1067/2425/1638 1068/778/1638 1066/2424/1638
f 1068/778/1644 1069/777/1644 1066/2424/1644
f 1069/777/1638 1070/2426/1638 1066/2424/1638
f 1070/2426/1645 1071/762/1645 1072/2427/1645
f 1072/2427/1646 1073/2428/1646 1074/761/1646
f 1066/2424/1638 1070/2426/1638 1072/2427/1638
f 1066/2424/1638 1072/2427/1638 1074/761/1638
f 1058/772/1638 1074/761/1638 1015/763/1638
f 1058/772/1638 1015/763/1638 1050/2420/1638
f 1058/772/1638 1050/2420/1638 1054/776/1638
f 1066/2424/1638 1074/761/1638 1062/774/1638
f 1038/2376/427 1055/2422/427 2531/2400/427
f 1055/2422/427 1054/776/427 1044/2402/427
f 1044/2402/427 2531/2400/427 1055/2422/427
f 1030/2429/1647 2542/2404/1647 1051/2421/1647
f 1036/766/358 1051/2421/358 2542/2404/358
f 1052/768/358 1051/2421/358 1036/766/358
f 1023/2430/372 2239/2350/372 1069/777/372
f 1022/2348/372 1069/777/372 2239/2350/372
f 1069/777/372 1022/2348/372 1070/2426/372
f 1030/2429/359 1051/2421/359 2322/2356/359
f 1051/2421/359 1050/2420/359 1031/2359/359
f 1031/2359/359 2322/2356/359 1051/2421/359
f 1007/732/376 2511/2393/376 1066/2424/376
f 1065/782/376 1007/732/376 1066/2424/376
f 1042/2392/1648 1066/2424/1648 2511/2393/1648
f 1070/2426/371 1021/748/371 1071/762/371
f 1021/748/1649 1070/2426/1649 1815/2345/1649
f 1022/2348/1649 1815/2345/1649 1070/2426/1649
f 1018/2431/374 1839/2335/374 1067/2425/374
f 1840/2337/520 1017/750/520 1841/2432/520
f 1017/750/1650 1068/778/1650 1841/2432/1650
f 1839/2335/374 1841/2432/374 1067/2425/374
f 1067/2425/374 1841/2432/374 1068/778/374
f 1018/2431/375 1067/2425/375 1855/2388/375
f 1066/2424/375 1042/2392/375 1067/2425/375
f 1042/2392/1651 1855/2388/1651 1067/2425/1651
f 1025/747/369 1073/2428/369 1072/2427/369
f 1896/2352/369 1073/2428/369 1025/747/369
f 1073/2428/369 1896/2352/369 1024/2354/369
f 1008/733/378 1064/783/378 1063/2423/378
f 1917/2383/378 1008/733/378 1063/2423/378
f 1063/2423/378 1040/773/378 1917/2383/378
f 1050/2420/360 1049/769/360 1032/2433/360
f 1032/2433/360 2031/2361/360 1050/2420/360
f 1031/2359/360 1050/2420/360 2031/2361/360
f 1073/2428/368 1043/749/368 1074/761/368
f 1043/749/368 1073/2428/368 2089/2397/368
f 1024/2354/368 2089/2397/368 1073/2428/368
f 1038/2376/354 2129/2375/354 1055/2422/354
f 1037/758/354 1055/2422/354 2129/2375/354
f 1056/760/1652 1055/2422/1652 1037/758/1652
f 1096/808/1653 1097/788/1653 1098/787/1653
f 1104/784/1654 1096/808/1654 1098/787/1654
f 1104/784/1655 1098/787/1655 1100/786/1655
f 1104/784/1656 1100/786/1656 1103/785/1656
f 1100/786/1656 1098/787/1656 1099/809/1656
f 1102/807/1657 1100/786/1657 1101/806/1657
f 1103/785/1658 1100/786/1658 1102/807/1658
f 1088/795/1654 1096/808/1654 1104/784/1654
f 1088/795/1654 1104/784/1654 1076/802/1654
f 1080/799/1654 1088/795/1654 1076/802/1654
f 1080/799/1659 1076/802/1659 1077/801/1659
f 1080/799/1660 1077/801/1660 1078/813/1660
f 1080/799/1656 1078/813/1656 1079/800/1656
f 1081/794/1661 1082/804/1661 1080/799/1661
f 1082/804/1655 1084/798/1655 1080/799/1655
f 1084/798/1654 1086/812/1654 1080/799/1654
f 1086/812/1654 1088/795/1654 1080/799/1654
f 1087/796/1662 1088/795/1662 1086/812/1662
f 1089/791/1663 1090/793/1663 1088/795/1663
f 1090/793/1664 1091/811/1664 1088/795/1664
f 1091/811/1656 1092/790/1656 1088/795/1656
f 1092/790/1654 1094/810/1654 1088/795/1654
f 1094/810/1654 1096/808/1654 1088/795/1654
f 1095/792/1665 1096/808/1665 1094/810/1665
f 1093/789/1666 1094/810/1666 1092/790/1666
f 1083/803/1667 1084/798/1667 1082/804/1667
f 1085/797/1668 1086/812/1668 1084/798/1668
f 1076/802/1662 1011/737/1662 1075/805/1662
f 1076/802/1656 1012/738/1656 1011/737/1656
f 1076/802/1662 1104/784/1662 1012/738/1662
f 1123/831/1669 1177/886/1669 2477/2434/1669
f 1123/831/1670 1121/828/1670 1177/886/1670
f 2479/2435/520 2478/2436/520 2477/2434/520
f 1133/2437/1671 2482/2438/1671 2481/2439/1671
f 1135/839/1672 2485/2440/1672 2486/2441/1672
f 2482/2438/520 2480/2442/520 2481/2439/520
f 1180/888/1673 2486/2441/1673 2485/2440/1673
f 2491/2443/1674 1117/826/1674 1115/824/1674
f 1115/824/1675 2496/2444/1675 2495/2445/1675
f 2490/2446/520 2491/2443/520 1182/2447/520
f 2496/2444/1676 2491/2443/1676 2495/2445/1676
f 1119/2448/1677 2500/2449/1677 2499/2450/1677
f 2490/2446/1677 1119/2448/1677 1117/826/1677
f 2498/2451/520 2490/2446/520 1182/2447/520
f 2500/2449/31 1182/2447/31 2499/2450/31
f 1111/819/1678 2503/2452/1678 1185/881/1678
f 1185/881/1678 1113/821/1678 1111/819/1678
f 1184/2453/1679 2503/2452/1679 2506/2454/1679
f 1155/2455/1680 2526/2456/1680 1157/858/1680
f 1155/2455/1680 2529/2457/1680 2530/2458/1680
f 2525/2459/520 1191/2460/520 2526/2456/520
f 2530/2458/1681 1191/2460/1681 2525/2459/1681
f 1157/858/1682 2533/2461/1682 1159/887/1682
f 2538/2462/1682 2539/2463/1682 1159/887/1682
f 2526/2456/520 1191/2460/520 2533/2461/520
f 1191/2460/1683 2539/2463/1683 2538/2462/1683
f 2548/2464/963 2547/2465/963 2546/2466/963
f 1139/2467/1684 2555/2468/1684 2554/2469/1684
f 2548/2464/520 2546/2466/520 2547/2465/520
f 1194/916/1685 2548/2464/1685 2553/2470/1685
f 1153/855/1686 2558/2471/1686 2566/2472/1686
f 1151/853/1686 2558/2471/1686 1153/855/1686
f 2557/2473/520 1195/912/520 2558/2471/520
f 2566/2472/1687 2558/2471/1687 1196/902/1687
f 2571/2474/1688 1147/851/1688 1145/849/1688
f 1147/851/1689 1816/2475/1689 1198/2476/1689
f 1816/2475/1690 2570/2477/1690 1197/895/1690
f 2570/2477/520 2571/2474/520 1197/895/520
f 1137/842/1691 2579/2478/1691 2580/2479/1691
f 2585/2480/1692 1135/839/1692 2586/2481/1692
f 2586/2481/1693 2486/2441/1693 1180/888/1693
f 2579/2478/1694 1199/890/1694 2580/2479/1694
f 1129/866/1695 2592/2482/1695 2588/2483/1695
f 1131/836/1696 2588/2483/1696 2589/2484/1696
f 1200/2485/520 2588/2483/520 2592/2482/520
f 1200/2485/520 2589/2484/520 2588/2483/520
f 1143/847/1697 2595/2486/1697 2596/2487/1697
f 1141/844/1698 2597/2488/1698 2595/2486/1698
f 2595/2486/1699 1201/893/1699 2596/2487/1699
f 2597/2488/1700 1194/916/1700 1201/893/1700
f 1125/2489/520 2601/2490/520 2600/2491/520
f 1123/831/1701 2602/2492/1701 2601/2490/1701
f 2600/2491/520 2601/2490/520 1202/2493/520
f 2602/2492/520 1202/2493/520 2601/2490/520
f 1127/833/1702 1125/2489/1702 1167/867/1702
f 1125/2489/1703 2600/2491/1703 2610/2494/1703
f 2611/2495/520 1202/2493/520 2610/2494/520
f 2618/2496/520 2619/2497/520 2506/2454/520
f 1109/883/1704 1812/2498/1704 2622/2499/1704
f 2618/2496/520 2506/2454/520 2619/2497/520
f 1184/2453/1705 2622/2499/1705 1812/2498/1705
f 1147/851/1706 2643/2500/1706 2644/2501/1706
f 2628/2502/520 1147/851/520 2627/2503/520
f 2644/2501/520 1204/2504/520 2627/2503/520
f 2627/2503/520 1204/2504/520 2628/2502/520
f 1155/2455/1707 2674/2505/1707 2673/2506/1707
f 1153/855/1707 2664/2507/1707 1155/2455/1707
f 2564/2508/1708 1196/902/1708 2664/2507/1708
f 1196/902/1709 2674/2505/1709 2664/2507/1709
f 2689/2509/1710 1133/2437/1710 2682/2510/1710
f 2682/2510/1710 1133/2437/1710 1131/836/1710
f 2682/2510/520 2589/2484/520 1200/2485/520
f 1179/900/1711 2482/2438/1711 2689/2509/1711
f 1143/847/1712 2691/2511/1712 1145/849/1712
f 2704/2512/1713 2702/2513/1713 1145/849/1713
f 2571/2474/1714 2702/2513/1714 2704/2512/1714
f 2691/2511/1715 2596/2487/1715 1201/893/1715
f 2705/2514/1691 1137/842/1691 2580/2479/1691
f 1139/2467/1716 2707/2515/1716 2555/2468/1716
f 2705/2514/1717 1199/890/1717 1193/915/1717
f 2580/2479/1694 1199/890/1694 2705/2514/1694
f 2710/2516/520 1149/2517/520 2628/2502/520
f 1151/853/1718 2715/2518/1718 2714/2519/1718
f 2628/2502/520 1204/2504/520 2710/2516/520
f 1204/2504/1719 2714/2519/1719 2715/2518/1719
f 1206/909/1662 1234/896/1662 1205/891/1662
f 1176/875/1664 1234/896/1664 1206/909/1664
f 1175/899/1654 1234/896/1654 1176/875/1654
f 1222/911/1654 1175/899/1654 1218/907/1654
f 2804/2520/1654 1218/907/1654 1175/899/1654
f 2723/2521/1720 1175/899/1720 2721/2522/1720
f 1175/899/1664 1208/906/1664 2721/2522/1664
f 1208/906/1655 1175/899/1655 1207/892/1655
f 1222/911/1655 2789/2523/1655 2809/2524/1655
f 2814/2525/1654 1234/896/1654 2815/2526/1654
f 1234/896/1721 2801/2527/1721 2800/2528/1721
f 2788/2529/1722 1222/911/1722 2784/2530/1722
f 1222/911/1723 1224/918/1723 2784/2530/1723
f 2767/2531/1724 2766/2532/1724 1222/911/1724
f 2766/2532/1725 1220/889/1725 1222/911/1725
f 1221/901/1726 1222/911/1726 1220/889/1726
f 1209/905/1663 2721/2522/1663 1208/906/1663
f 1209/905/1660 2723/2521/1660 2721/2522/1660
f 2805/2533/1727 2723/2521/1727 1210/2534/1727
f 1210/2534/1654 2808/2535/1654 2743/2536/1654
f 1218/907/1654 2743/2536/1654 1215/2537/1654
f 1216/894/1654 1218/907/1654 1215/2537/1654
f 1213/903/1654 1214/913/1654 1210/2534/1654
f 1213/903/1653 2731/2538/1653 1212/904/1653
f 1212/904/1659 1210/2534/1659 1211/2539/1659
f 1210/2534/1655 1212/904/1655 2731/2538/1655
f 1214/913/1661 1215/2537/1661 2743/2536/1661
f 2808/2535/1664 1214/913/1664 2743/2536/1664
f 1217/908/1655 1218/907/1655 1216/894/1655
f 2765/2540/1656 1218/907/1656 1219/914/1656
f 1220/889/1655 2766/2532/1655 1219/914/1655
f 1223/910/1663 1224/918/1663 1222/911/1663
f 1225/917/1659 2784/2530/1659 1224/918/1659
f 2809/2524/1654 1226/2541/1654 2810/2542/1654
f 1226/2541/1654 1227/2543/1654 1230/2544/1654
f 1227/2543/1661 1228/2545/1661 1230/2544/1661
f 2815/2526/1655 2810/2542/1655 2817/2546/1655
f 2801/2527/1654 2802/2547/1654 1231/898/1654
f 1234/896/1658 1231/898/1658 1232/897/1658
f 1225/917/1728 1226/2541/1728 2789/2523/1728
f 1230/2544/1653 1228/2545/1653 1229/2548/1653
f 2802/2547/1656 1230/2544/1656 1231/898/1656
f 1230/2544/1654 2802/2547/1654 2817/2546/1654
f 1234/896/1729 1232/897/1729 1233/2549/1729
f 1198/2476/360 1215/2537/360 2643/2500/360
f 1215/2537/360 1214/913/360 1204/2504/360
f 1204/2504/360 2643/2500/360 1215/2537/360
f 1190/2550/1730 2673/2506/1730 1211/2539/1730
f 1196/902/357 1211/2539/357 2673/2506/357
f 1212/904/357 1211/2539/357 1196/902/357
f 1183/885/375 2499/2450/375 1229/2548/375
f 1182/2447/375 1229/2548/375 2499/2450/375
f 1229/2548/375 1182/2447/375 1230/2544/375
f 1190/2550/356 1211/2539/356 2529/2457/356
f 1211/2539/356 1210/2534/356 1191/2460/356
f 1191/2460/356 2529/2457/356 1211/2539/356
f 1225/917/371 1167/867/371 1226/2541/371
f 1167/867/1649 2610/2494/1649 1226/2541/1649
f 1202/2493/1731 1226/2541/1731 2610/2494/1731
f 1181/882/1648 2790/2551/1648 2496/2444/1648
f 1230/2544/376 1182/2447/376 1231/898/376
f 1182/2447/1648 2790/2551/1648 1231/898/1648
f 1178/2552/373 2477/2434/373 1227/2543/373
f 1177/886/120 1228/2545/120 2793/2553/120
f 2478/2436/520 1177/886/520 2793/2553/520
f 2477/2434/373 2793/2553/373 1227/2543/373
f 1227/2543/373 2793/2553/373 1228/2545/373
f 1178/2552/372 2797/2554/372 2602/2492/372
f 1226/2541/372 1202/2493/372 1227/2543/372
f 1202/2493/372 2797/2554/372 1227/2543/372
f 1233/2549/378 1232/897/378 1185/881/378
f 1185/881/378 2503/2452/378 1233/2549/378
f 1184/2453/1732 1233/2549/1732 2503/2452/1732
f 1168/868/369 1223/910/369 2592/2482/369
f 1223/910/369 1168/868/369 1224/918/369
f 1200/2485/369 2592/2482/369 1223/910/369
f 2811/2555/374 1177/886/374 1183/885/374
f 2812/2556/374 1228/2545/374 1177/886/374
f 2812/2556/374 2811/2555/374 1229/2548/374
f 1228/2545/374 2812/2556/374 1229/2548/374
f 1192/2557/427 2539/2463/427 1210/2534/427
f 1210/2534/427 1209/905/427 1192/2557/427
f 1191/2460/427 1210/2534/427 2539/2463/427
f 1812/2498/379 1203/884/379 1233/2549/379
f 1203/884/379 1234/896/379 1233/2549/379
f 1233/2549/379 1184/2453/379 1812/2498/379
f 1198/2476/361 1816/2475/361 1215/2537/361
f 1216/894/1733 1215/2537/1733 1197/895/1733
f 1197/895/361 1215/2537/361 1816/2475/361
f 1258/923/1639 1259/943/1639 1260/922/1639
f 1258/923/1642 1260/922/1642 1264/919/1642
f 1256/942/1638 1258/923/1638 1264/919/1638
f 1256/942/1638 1264/919/1638 1240/935/1638
f 1248/931/1638 1256/942/1638 1240/935/1638
f 1244/934/1638 1248/931/1638 1240/935/1638
f 1244/934/1637 1240/935/1637 1242/940/1637
f 1243/939/1734 1244/934/1734 1242/940/1734
f 1257/924/1735 1258/923/1735 1256/942/1735
f 1255/928/1736 1256/942/1736 1254/944/1736
f 1254/944/1642 1256/942/1642 1253/925/1642
f 1247/932/1636 1248/931/1636 1246/945/1636
f 1246/945/1737 1248/931/1737 1245/933/1737
f 1245/933/1639 1248/931/1639 1244/934/1639
f 1249/927/1738 1250/929/1738 1248/931/1738
f 1250/929/1642 1251/946/1642 1248/931/1642
f 1251/946/1639 1252/926/1639 1248/931/1639
f 1252/926/1638 1256/942/1638 1248/931/1638
f 1253/925/1735 1256/942/1735 1252/926/1735
f 1264/919/1642 1172/873/1642 1236/938/1642
f 1264/919/1638 1236/938/1638 1240/935/1638
f 1236/938/1739 1237/937/1739 1240/935/1739
f 1237/937/1740 1238/947/1740 1240/935/1740
f 1238/947/1741 1239/936/1741 1240/935/1741
f 1242/940/1739 1240/935/1739 1241/930/1739
f 1171/872/1636 1235/948/1636 1236/938/1636
f 1172/873/1738 1171/872/1738 1236/938/1738
f 1260/922/1639 1263/920/1639 1264/919/1639
f 1260/922/1742 1261/921/1742 1262/941/1742
f 1260/922/1743 1262/941/1743 1263/920/1743
f 2659/2087/487 2660/2089/487 1284/972/487
f 1282/2558/487 2660/2089/487 2656/2086/487
f 2677/2101/1744 1270/952/1744 2670/2100/1744
f 2680/2106/486 1283/2559/486 2681/2107/486
f 2621/2075/479 2626/2077/479 1278/958/479
f 1294/2560/479 2626/2077/479 2621/2075/479
f 2617/2073/1745 2620/2076/1745 1296/974/1745
f 2650/2151/1745 2719/2150/1745 2620/2076/1745
f 1317/1003/487 2717/2133/487 2720/2134/487
f 1282/2558/487 2720/2134/487 1283/2559/487
f 1308/988/486 2692/2123/486 2697/2121/486
f 1308/988/486 2087/2113/486 2084/2115/486
f 2088/2111/1746 2085/2110/1746 1283/2559/1746
f 2692/2123/486 1283/2559/486 2697/2121/486
f 1316/993/479 2736/2140/479 2742/2143/479
f 2736/2140/479 1294/2560/479 2744/2144/479
f 2688/2155/1745 2690/2154/1745 1304/982/1745
f 2688/2155/1747 2684/2159/1747 2749/2145/1747
f 2/1/1 3/4/1 4/2/1
f 3/4/2 5/6/2 6/5/2
f 5/6/3 7/8/3 8/7/3
f 7/8/1748 9/10/1748 10/9/1748
f 9/10/5 11/12/5 12/11/5
f 11/12/1749 13/14/1749 14/13/1749
f 13/14/1750 15/16/1750 16/15/1750
f 15/16/8 17/18/8 18/17/8
f 17/18/9 19/2561/9 20/19/9
f 20/19/1751 19/2561/1751 21/20/1751
f 22/21/1752 21/20/1752 23/22/1752
f 24/23/12 23/22/12 25/24/12
f 26/25/13 25/24/13 27/26/13
f 28/27/1753 27/26/1753 29/28/1753
f 30/29/1754 29/28/1754 31/30/1754
f 32/31/1755 31/30/1755 33/32/1755
f 34/33/17 33/32/17 35/34/17
f 36/35/18 35/34/18 37/36/18
f 38/37/1756 37/36/1756 39/38/1756
f 40/39/20 39/38/20 41/40/20
f 42/41/21 41/40/21 43/42/21
f 44/43/1757 43/42/1757 45/44/1757
f 46/45/1758 45/44/1758 47/46/1758
f 48/47/24 47/46/24 49/48/24
f 50/49/25 49/48/25 51/50/25
f 51/50/26 53/53/26 54/52/26
f 53/53/27 55/55/27 56/54/27
f 55/55/1759 57/57/1759 58/56/1759
f 57/57/29 59/59/29 60/58/29
f 59/59/1760 61/61/1760 62/60/1760
f 5/6/1761 3/4/1761 2/1/1761
f 2/1/1761 63/63/1761 61/61/1761
f 61/61/1762 59/59/1762 57/57/1762
f 57/57/31 55/55/31 61/61/31
f 55/55/31 53/53/31 61/61/31
f 53/53/31 51/50/31 49/48/31
f 49/48/31 47/46/31 53/53/31
f 47/46/31 45/44/31 53/53/31
f 45/44/31 43/42/31 41/40/31
f 41/40/1761 39/38/1761 37/36/1761
f 37/36/31 35/34/31 33/32/31
f 33/32/31 31/30/31 37/36/31
f 31/30/31 29/28/31 37/36/31
f 29/28/31 27/26/31 25/24/31
f 25/24/31 23/22/31 21/20/31
f 21/20/1761 19/2561/1761 17/18/1761
f 17/18/1761 15/16/1761 13/14/1761
f 13/14/31 11/12/31 5/6/31
f 11/12/31 9/10/31 5/6/31
f 9/10/31 7/8/31 5/6/31
f 5/6/31 2/1/31 53/53/31
f 2/1/31 61/61/31 53/53/31
f 45/44/31 41/40/31 53/53/31
f 41/40/31 37/36/31 53/53/31
f 29/28/31 25/24/31 37/36/31
f 25/24/31 21/20/31 37/36/31
f 21/20/31 17/18/31 5/6/31
f 17/18/31 13/14/31 5/6/31
f 5/6/31 53/53/31 21/20/31
f 61/61/32 63/63/32 64/62/32
f 63/63/1763 2/1/1763 1/3/1763
f 105/64/34 107/67/34 108/65/34
f 107/67/35 109/69/35 110/68/35
f 109/69/36 111/71/36 112/70/36
f 111/71/1764 113/73/1764 114/72/1764
f 113/73/38 115/75/38 116/74/38
f 115/75/39 117/77/39 118/76/39
f 117/77/1765 119/79/1765 120/78/1765
f 119/79/41 121/87/41 122/80/41
f 122/80/42 121/87/42 123/81/42
f 124/82/43 123/81/43 125/83/43
f 64/62/44 1/3/44 66/85/44
f 62/60/45 64/62/45 127/86/45
f 60/58/46 62/60/46 125/83/46
f 58/56/47 60/58/47 123/81/47
f 56/54/48 58/56/48 121/87/48
f 54/52/49 56/54/49 119/79/49
f 52/51/50 54/52/50 117/77/50
f 113/73/51 50/49/51 52/51/51
f 111/71/52 48/47/52 50/49/52
f 109/69/53 46/45/53 48/47/53
f 107/67/54 44/43/54 46/45/54
f 105/64/55 42/41/55 44/43/55
f 103/88/1766 40/39/1766 42/41/1766
f 101/89/1767 38/37/1767 40/39/1767
f 99/90/58 36/35/58 38/37/58
f 97/91/1768 34/33/1768 36/35/1768
f 95/92/60 32/31/60 34/33/60
f 93/93/1769 30/29/1769 32/31/1769
f 91/94/1770 28/27/1770 30/29/1770
f 89/95/63 26/25/63 28/27/63
f 87/96/64 24/23/64 26/25/64
f 85/97/1771 22/21/1771 24/23/1771
f 83/98/66 20/19/66 22/21/66
f 18/17/67 20/19/67 83/98/67
f 16/15/68 18/17/68 81/99/68
f 14/13/69 16/15/69 79/100/69
f 12/11/70 14/13/70 77/101/70
f 10/9/71 12/11/71 75/102/71
f 8/7/72 10/9/72 73/103/72
f 6/5/1772 8/7/1772 71/104/1772
f 4/2/1773 6/5/1773 69/105/1773
f 1/3/75 4/2/75 67/106/75
f 130/107/76 131/142/76 132/108/76
f 134/110/1774 135/144/1774 136/111/1774
f 138/113/76 139/129/76 140/114/76
f 142/116/1774 143/136/1774 144/117/1774
f 146/119/77 147/145/77 148/120/77
f 129/109/76 132/108/76 150/122/76
f 137/115/76 140/114/76 152/124/76
f 145/121/77 148/120/77 154/126/77
f 136/111/1775 160/168/1775 161/128/1775
f 152/124/79 163/164/79 164/130/79
f 154/126/80 166/166/80 167/132/80
f 165/133/80 167/132/80 169/134/80
f 143/136/1776 170/146/1776 171/137/1776
f 162/131/79 164/130/79 174/139/79
f 173/140/79 174/139/79 175/141/79
f 168/135/80 169/134/80 176/143/80
f 141/118/77 144/117/77 147/145/77
f 149/123/76 150/122/76 170/146/76
f 159/148/77 168/135/77 135/144/77
f 155/149/76 173/140/76 131/142/76
f 157/147/1777 170/146/1777 143/136/1777
f 158/150/1774 165/133/1774 168/135/1774
f 156/151/76 162/131/76 173/140/76
f 151/125/76 152/124/76 162/131/76
f 138/113/1778 133/112/1778 136/111/1778
f 153/127/77 154/126/77 165/133/77
f 177/152/84 161/128/84 178/153/84
f 180/155/86 181/170/86 182/156/86
f 185/158/84 186/173/84 187/159/84
f 188/161/86 172/138/86 189/162/86
f 163/164/84 177/152/84 179/154/84
f 166/166/86 180/155/86 183/157/86
f 160/168/87 193/171/87 178/153/87
f 164/130/84 163/164/84 191/165/84
f 148/120/80 180/155/80 166/166/80
f 140/114/79 177/152/79 163/164/79
f 143/136/80 172/138/80 188/161/80
f 132/108/79 185/158/79 184/160/79
f 147/145/80 181/170/80 180/155/80
f 139/129/79 161/128/79 177/152/79
f 135/144/80 176/143/80 160/168/80
f 150/122/79 184/160/79 171/137/79
f 131/142/79 175/141/79 185/158/79
f 144/117/80 188/161/80 181/170/80
f 176/143/85 195/174/85 193/171/85
f 184/160/84 187/159/84 196/172/84
f 175/141/84 197/176/84 186/173/84
f 181/170/86 188/161/86 190/163/86
f 169/134/1779 198/177/1779 195/174/1779
f 175/141/84 174/139/84 199/175/84
f 174/139/84 164/130/84 194/169/84
f 171/137/89 196/172/89 189/162/89
f 167/132/86 200/178/86 198/177/86
f 167/132/86 166/166/86 192/167/86
f 202/179/90 203/183/90 204/180/90
f 205/182/1780 206/185/1780 203/183/1780
f 207/184/92 208/187/92 206/185/92
f 209/186/1781 210/189/1781 208/187/1781
f 211/188/94 212/191/94 210/189/94
f 213/190/95 214/193/95 212/191/95
f 215/192/96 216/195/96 214/193/96
f 217/194/97 218/197/97 216/195/97
f 219/196/98 220/199/98 218/197/98
f 219/196/99 221/200/99 222/198/99
f 221/200/1782 223/202/1782 224/201/1782
f 223/202/101 225/204/101 226/203/101
f 225/204/102 227/206/102 228/205/102
f 227/206/1783 229/208/1783 230/207/1783
f 229/208/104 231/210/104 232/209/104
f 231/210/1784 233/212/1784 234/211/1784
f 233/212/1785 235/214/1785 236/213/1785
f 235/214/107 237/216/107 238/215/107
f 237/216/108 239/218/108 240/217/108
f 239/218/109 241/220/109 242/219/109
f 241/220/110 243/222/110 244/221/110
f 243/222/111 245/224/111 246/223/111
f 245/224/112 247/226/112 248/225/112
f 247/226/113 249/228/113 250/227/113
f 249/228/1786 251/231/1786 252/229/1786
f 253/230/115 254/233/115 252/229/115
f 255/232/1787 256/235/1787 254/233/1787
f 257/234/1788 258/237/1788 256/235/1788
f 259/236/1789 260/239/1789 258/237/1789
f 261/238/119 262/241/119 260/239/119
f 204/180/1790 203/183/1790 206/185/1790
f 206/185/120 208/187/120 210/189/120
f 210/189/120 212/191/120 214/193/120
f 214/193/120 216/195/120 218/197/120
f 218/197/1790 220/199/1790 222/198/1790
f 222/198/120 224/201/120 218/197/120
f 224/201/120 226/203/120 218/197/120
f 226/203/120 228/205/120 230/207/120
f 230/207/1791 232/209/1791 226/203/1791
f 232/209/120 234/211/120 226/203/120
f 234/211/1791 236/213/1791 238/215/1791
f 238/215/120 240/217/120 242/219/120
f 242/219/120 244/221/120 246/223/120
f 246/223/120 248/225/120 242/219/120
f 248/225/120 250/227/120 242/219/120
f 250/227/1791 252/229/1791 254/233/1791
f 254/233/120 256/235/120 258/237/120
f 258/237/120 260/239/120 204/180/120
f 260/239/120 262/241/120 204/180/120
f 262/241/1791 263/242/1791 204/180/1791
f 204/180/120 206/185/120 210/189/120
f 210/189/120 214/193/120 218/197/120
f 234/211/120 238/215/120 242/219/120
f 250/227/120 254/233/120 204/180/120
f 254/233/120 258/237/120 204/180/120
f 204/180/120 210/189/120 218/197/120
f 218/197/120 226/203/120 204/180/120
f 226/203/120 234/211/120 204/180/120
f 234/211/120 242/219/120 204/180/120
f 264/240/121 263/242/121 262/241/121
f 201/181/122 204/180/122 263/242/122
f 108/65/123 286/244/123 285/243/123
f 110/68/124 287/245/124 286/244/124
f 112/70/125 288/246/125 287/245/125
f 114/72/1792 289/247/1792 288/246/1792
f 116/74/127 290/248/127 289/247/127
f 118/76/128 291/249/128 290/248/128
f 120/78/1793 292/250/1793 291/249/1793
f 122/80/130 293/252/130 292/250/130
f 122/80/131 124/82/131 294/251/131
f 266/253/132 201/181/132 264/240/132
f 296/254/1794 264/240/1794 261/238/1794
f 295/255/134 261/238/134 259/236/134
f 294/251/135 259/236/135 257/234/135
f 293/252/136 257/234/136 255/232/136
f 292/250/137 255/232/137 253/230/137
f 291/249/138 253/230/138 251/231/138
f 289/247/1795 290/248/1795 251/231/1795
f 288/246/140 289/247/140 249/228/140
f 287/245/1796 288/246/1796 247/226/1796
f 286/244/1797 287/245/1797 245/224/1797
f 285/243/143 286/244/143 243/222/143
f 284/256/144 285/243/144 241/220/144
f 283/257/145 284/256/145 239/218/145
f 282/258/146 283/257/146 237/216/146
f 281/259/147 282/258/147 235/214/147
f 280/260/148 281/259/148 233/212/148
f 279/261/1798 280/260/1798 231/210/1798
f 278/262/150 279/261/150 229/208/150
f 277/263/151 278/262/151 227/206/151
f 276/264/152 277/263/152 225/204/152
f 275/265/153 276/264/153 223/202/153
f 274/266/154 275/265/154 221/200/154
f 274/266/155 219/196/155 217/194/155
f 273/267/156 217/194/156 215/192/156
f 272/268/157 215/192/157 213/190/157
f 271/269/158 213/190/158 211/188/158
f 270/270/159 211/188/159 209/186/159
f 269/271/160 209/186/160 207/184/160
f 268/272/1799 207/184/1799 205/182/1799
f 267/273/162 205/182/162 202/179/162
f 265/274/1800 202/179/1800 201/181/1800
f 297/275/1801 298/334/1801 299/276/1801
f 302/278/165 303/310/165 304/279/165
f 306/281/164 307/296/164 308/282/164
f 310/284/165 311/304/165 312/285/165
f 314/287/165 315/311/165 316/288/165
f 318/290/164 298/334/164 297/275/164
f 319/292/1801 320/298/1801 306/281/1801
f 322/293/165 314/287/165 313/289/165
f 328/295/1802 329/332/1802 302/278/1802
f 331/297/167 332/328/167 320/298/167
f 334/300/168 335/330/168 322/293/168
f 337/302/168 334/300/168 333/301/168
f 311/304/1803 338/327/1803 339/305/1803
f 341/307/167 342/341/167 331/297/167
f 343/308/167 342/341/167 341/307/167
f 344/309/168 337/302/168 336/303/168
f 315/311/165 310/284/165 309/286/165
f 340/306/1804 318/290/1804 317/291/1804
f 303/310/165 336/303/165 326/313/165
f 299/276/1804 341/307/1804 323/314/1804
f 311/304/1805 340/306/1805 325/312/1805
f 336/303/165 333/301/165 327/315/165
f 323/314/1801 341/307/1801 330/299/1801
f 330/299/1804 320/298/1804 319/292/1804
f 308/282/1806 307/296/1806 302/278/1806
f 333/301/165 322/293/165 321/294/165
f 345/317/172 346/329/172 347/318/172
f 348/319/173 349/331/173 350/320/173
f 353/322/172 354/337/172 355/323/172
f 356/325/173 357/338/173 358/326/173
f 332/328/172 359/333/172 346/329/172
f 335/330/173 360/344/173 349/331/173
f 347/318/174 361/335/174 329/332/174
f 331/297/172 362/342/172 359/333/172
f 335/330/168 348/319/168 314/287/168
f 320/298/167 332/328/167 345/317/167
f 356/325/168 338/327/168 311/304/168
f 352/324/167 355/323/167 298/334/167
f 348/319/168 351/321/168 315/311/168
f 345/317/167 328/295/167 307/296/167
f 329/332/168 344/309/168 303/310/168
f 339/305/167 352/324/167 318/290/167
f 298/334/167 355/323/167 343/308/167
f 351/321/168 356/325/168 310/284/168
f 361/335/173 363/339/173 344/309/173
f 364/336/172 353/322/172 352/324/172
f 354/337/172 365/2562/172 343/308/172
f 351/321/173 350/320/173 357/338/173
f 363/339/173 366/343/173 337/302/173
f 343/308/172 365/2562/172 367/340/172
f 342/341/172 367/340/172 362/342/172
f 358/326/175 364/336/175 339/305/175
f 366/343/173 368/2563/173 334/300/173
f 334/300/173 368/2563/173 360/344/173
f 370/345/176 371/1711/176 372/346/176
f 387/348/1807 388/1774/1807 389/349/1807
f 391/351/178 392/1780/178 393/352/178
f 395/354/179 396/1769/179 397/355/179
f 399/357/180 400/1753/180 401/358/180
f 403/360/1808 404/1772/1808 405/361/1808
f 407/363/182 408/1759/182 409/364/182
f 416/366/1809 417/1987/1809 418/367/1809
f 419/369/184 420/1784/184 421/370/184
f 423/372/185 424/1798/185 425/373/185
f 427/375/186 428/1801/186 429/376/186
f 431/378/1810 432/1804/1810 433/379/1810
f 435/381/188 436/2005/188 437/382/188
f 451/384/189 452/1645/189 453/385/189
f 455/387/1811 456/1655/1811 457/388/1811
f 459/390/1812 460/1669/1812 461/391/1812
f 463/393/192 464/1666/192 465/394/192
f 467/396/193 468/1670/193 469/397/193
f 471/399/1813 472/1673/1813 473/400/1813
f 475/402/1814 476/1663/1814 477/403/1814
f 479/405/196 480/1660/196 481/406/196
f 484/408/197 485/1640/197 486/409/197
f 488/411/198 489/1636/198 490/412/198
f 492/414/199 493/1616/199 494/415/199
f 496/417/1815 497/1624/1815 498/418/1815
f 500/420/201 501/1723/201 502/421/201
f 512/423/1816 513/1822/1816 514/424/1816
f 516/426/1817 517/1823/1817 518/427/1817
f 520/429/204 521/1826/204 522/430/204
f 524/432/1818 525/1829/1818 526/433/1818
f 528/435/1819 529/1737/1819 530/436/1819
f 532/438/207 533/1740/207 534/439/207
f 540/441/208 541/1559/208 542/442/208
f 544/444/1820 545/1562/1820 546/445/1820
f 548/447/210 549/1565/210 550/448/210
f 552/450/211 553/1568/211 554/451/211
f 556/453/212 557/1571/212 558/454/212
f 560/456/213 561/1574/213 562/457/213
f 576/459/214 577/1908/214 578/460/214
f 580/462/215 581/1913/215 582/463/215
f 584/465/1821 585/1590/1821 586/466/1821
f 588/468/1822 589/1593/1822 590/469/1822
f 592/471/1823 593/1596/1823 594/472/1823
f 596/474/1824 597/1599/1824 598/475/1824
f 600/477/1825 601/1602/1825 602/478/1825
f 605/480/1826 606/1814/1826 607/481/1826
f 609/483/222 610/1678/222 611/484/222
f 613/486/223 614/1751/223 615/487/223
f 617/489/224 618/1732/224 619/490/224
f 676/492/225 677/515/225 678/493/225
f 710/495/226 711/531/226 712/496/226
f 730/498/227 731/521/227 732/499/227
f 733/501/228 734/533/228 735/502/228
f 738/504/229 739/537/229 740/505/229
f 742/507/230 743/564/230 744/508/230
f 745/510/230 746/516/230 747/511/230
f 731/521/1827 712/496/1827 646/522/1827
f 745/510/236 742/507/236 726/524/236
f 631/526/237 743/564/237 748/512/237
f 684/528/1828 709/497/1828 730/498/1828
f 749/543/247 370/345/247 369/347/247
f 494/415/248 617/489/248 616/491/248
f 490/412/249 613/486/249 612/488/249
f 486/409/250 609/483/250 608/485/250
f 482/407/1829 605/480/1829 604/482/1829
f 478/404/252 601/1602/252 600/477/252
f 474/401/253 597/1599/253 596/474/253
f 470/398/254 593/1596/254 592/471/254
f 466/395/255 589/1593/255 588/468/255
f 462/392/256 585/1590/256 584/465/256
f 458/389/257 581/1913/257 580/462/257
f 446/545/258 569/1440/258 568/546/258
f 442/548/259 565/1438/259 564/549/259
f 438/383/260 561/1574/260 560/456/260
f 434/380/261 557/1571/261 556/453/261
f 430/377/262 553/1568/262 552/450/262
f 426/374/263 549/1565/263 548/447/263
f 422/371/264 545/1562/264 544/444/264
f 418/367/265 541/1559/265 540/441/265
f 414/551/266 536/1435/266 535/552/266
f 409/364/267 532/438/267 531/440/267
f 405/361/1830 528/435/1830 527/437/1830
f 401/358/1831 524/432/1831 523/434/1831
f 397/355/270 520/429/270 519/431/270
f 381/554/271 504/1426/271 503/555/271
f 377/557/272 500/420/272 499/422/272
f 498/418/273 625/1454/273 624/559/273
f 677/515/1832 676/492/1832 747/511/1832
f 729/500/275 645/518/275 644/529/275
f 732/499/276 731/521/276 714/523/276
f 746/516/236 745/510/236 650/525/236
f 680/527/237 748/512/237 747/511/237
f 712/496/279 731/521/279 730/498/279
f 685/560/1833 684/528/1833 644/529/1833
f 748/512/281 743/564/281 742/507/281
f 651/562/1834 650/525/1834 726/524/1834
f 682/534/283 733/501/283 736/503/283
f 679/494/284 678/493/284 734/533/284
f 647/530/285 735/502/285 734/533/285
f 711/531/286 710/495/286 736/503/286
f 684/528/1835 683/535/1835 710/495/1835
f 646/522/1836 712/496/1836 711/531/1836
f 677/515/1837 649/517/1837 648/532/1837
f 681/520/1838 676/492/1838 679/494/1838
f 630/542/1839 629/540/1839 737/506/1839
f 620/538/292 738/504/292 737/506/292
f 728/539/293 727/536/293 739/537/293
f 744/508/294 740/505/294 739/537/294
f 620/538/295 623/513/295 713/514/295
f 741/509/236 727/536/236 726/524/236
f 631/526/237 630/542/237 744/508/237
f 629/540/296 645/518/296 622/519/296
f 708/565/280 632/1458/280 631/526/280
f 675/566/282 715/1515/282 714/523/282
f 752/567/299 751/1612/299 749/543/299
f 754/568/300 755/578/300 756/569/300
f 756/569/301 755/578/301 757/571/301
f 758/572/302 757/571/302 759/573/302
f 812/575/303 811/583/303 813/576/303
f 755/578/304 754/568/304 815/579/304
f 814/577/305 813/576/305 817/581/305
f 817/581/306 754/568/306 753/570/306
f 817/581/307 823/622/307 815/579/307
f 811/583/308 809/626/308 824/584/308
f 803/586/1840 825/623/1840 826/587/1840
f 807/589/1841 805/588/1841 826/587/1841
f 789/591/311 787/631/311 828/592/311
f 799/594/312 830/627/312 831/595/312
f 793/597/313 832/630/313 833/598/313
f 771/600/314 834/633/314 835/601/314
f 785/603/315 783/634/315 836/604/315
f 779/606/316 777/632/316 838/607/316
f 791/609/317 789/591/317 829/593/317
f 767/611/318 841/637/318 842/612/318
f 761/614/319 843/638/319 844/615/319
f 773/602/320 835/601/320 845/617/320
f 757/571/321 755/578/321 816/580/321
f 759/573/322 757/571/322 846/619/322
f 811/583/323 820/585/323 819/621/323
f 817/581/324 813/576/324 819/621/324
f 801/596/325 831/595/325 825/623/325
f 797/624/326 795/599/326 833/598/326
f 807/589/327 827/590/327 824/584/327
f 799/594/328 797/624/328 848/625/328
f 779/606/329 839/608/329 849/628/329
f 791/609/330 840/610/330 832/630/330
f 785/603/331 837/605/331 828/592/331
f 777/632/332 775/618/332 845/617/332
f 771/600/333 769/613/333 842/612/333
f 781/629/334 849/628/334 836/604/334
f 763/616/1842 844/615/1842 850/635/1842
f 767/611/1843 765/636/1843 850/635/1843
f 759/573/337 847/620/337 843/638/337
f 851/639/338 852/648/338 853/640/338
f 836/604/339 849/628/339 855/642/339
f 834/633/339 842/612/339 861/644/339
f 834/633/340 862/645/340 865/646/340
f 838/607/339 868/2242/339 869/647/339
f 815/579/339 823/622/339 852/648/339
f 839/608/339 869/647/339 855/642/339
f 830/627/339 848/625/339 872/649/339
f 837/605/339 874/655/339 875/651/339
f 828/592/339 875/651/339 863/652/339
f 823/622/339 819/621/339 822/653/339
f 831/595/339 860/2167/339 881/654/339
f 837/605/339 836/604/339 856/643/339
f 855/642/303 869/647/303 901/656/303
f 872/649/341 892/2229/341 891/658/341
f 875/651/300 874/655/300 898/659/300
f 863/652/301 875/651/301 897/660/301
f 852/648/342 822/653/342 884/662/342
f 858/663/343 908/2231/343 907/664/343
f 881/654/344 860/2167/344 890/666/344
f 856/643/306 899/671/306 898/659/306
f 867/668/345 886/2228/345 885/669/345
f 855/642/305 900/657/305 899/671/305
f 861/644/346 906/2234/346 905/672/346
f 865/646/347 862/645/347 905/672/347
f 869/647/348 868/2242/348 902/674/348
f 871/675/349 870/2182/349 911/676/349
f 946/678/350 947/742/350 948/679/350
f 948/679/351 947/742/351 949/681/351
f 950/682/352 949/681/352 951/683/352
f 952/684/353 951/683/353 953/685/353
f 953/685/354 955/688/354 956/687/354
f 955/688/427 957/690/427 958/689/427
f 957/690/356 959/692/356 960/691/356
f 959/692/357 961/694/357 962/693/357
f 961/694/358 963/696/358 964/695/358
f 963/696/359 965/2390/359 966/697/359
f 966/697/360 965/2390/360 967/698/360
f 968/699/361 967/698/361 969/700/361
f 970/701/362 969/700/362 971/702/362
f 971/702/363 973/2338/363 974/704/363
f 974/704/364 973/2338/364 975/705/364
f 976/706/365 975/705/365 977/707/365
f 977/707/366 979/2365/366 980/709/366
f 980/709/367 979/2365/367 981/710/367
f 981/710/368 983/2384/368 984/712/368
f 984/712/369 983/2384/369 985/713/369
f 986/714/393 985/713/393 987/715/393
f 987/715/371 989/2417/371 990/717/371
f 990/717/372 989/2417/372 991/718/372
f 991/718/373 993/721/373 994/720/373
f 993/721/374 995/723/374 996/722/374
f 995/723/375 997/725/375 998/724/375
f 997/725/376 999/751/376 1000/726/376
f 1000/726/428 999/751/428 1001/727/428
f 1001/727/378 1003/730/378 1004/729/378
f 1003/730/379 1005/734/379 1006/731/379
f 969/700/380 967/698/380 1007/732/380
f 1005/734/381 1009/736/381 1010/735/381
f 1009/736/382 946/678/382 945/680/382
f 945/680/383 948/679/383 1011/737/383
f 1014/739/364 1015/763/364 1016/740/364
f 947/742/384 946/678/384 1026/743/384
f 1009/736/385 1013/741/385 1026/743/385
f 1003/730/386 1001/727/386 1028/745/386
f 955/688/387 953/685/387 1025/747/387
f 947/742/388 1027/744/388 1043/749/388
f 959/692/1844 1023/2430/1844 1017/750/1844
f 1003/730/390 1029/746/390 1014/739/390
f 1009/736/391 1005/734/391 1014/739/391
f 999/751/392 1032/2433/392 1028/745/392
f 1020/752/382 1061/765/382 1060/753/382
f 1027/744/366 1026/743/366 1046/755/366
f 1028/745/362 1048/770/362 1047/757/362
f 1037/758/353 1041/771/353 1057/759/353
f 1043/749/367 1027/744/367 1045/756/367
f 1025/747/393 1072/2427/393 1071/762/393
f 1014/739/363 1029/746/363 1047/757/363
f 1019/764/381 1062/774/381 1061/765/381
f 1036/766/357 1035/775/357 1053/767/357
f 1028/745/361 1032/2433/361 1049/769/361
f 1041/771/352 1034/781/352 1058/772/352
f 1026/743/365 1013/741/365 1016/740/365
f 1040/773/379 1063/2423/379 1062/774/379
f 1035/775/356 1044/2402/356 1054/776/356
f 1017/750/373 1023/2430/373 1069/777/373
f 1039/754/350 1060/753/350 1059/779/350
f 1034/781/351 1033/780/351 1059/779/351
f 1008/733/377 1007/732/377 1065/782/377
f 1006/731/1845 1010/735/1845 1104/784/1845
f 1002/728/1846 1101/806/1846 1100/786/1846
f 994/720/397 996/722/397 1098/787/397
f 984/712/1847 986/714/1847 1093/789/1847
f 998/724/399 1099/809/399 1098/787/399
f 980/709/1848 1090/793/1848 1089/791/1848
f 992/719/401 1096/808/401 1095/792/401
f 982/711/402 1091/811/402 1090/793/402
f 964/695/403 1082/804/403 1081/794/403
f 974/704/404 976/706/404 1088/795/404
f 968/699/405 970/701/405 1085/797/405
f 958/689/406 960/691/406 1080/799/406
f 952/684/1849 954/686/1849 1077/801/1849
f 964/695/408 966/697/408 1083/803/408
f 948/679/1850 950/682/1850 1075/805/1850
f 945/680/1851 1012/738/1851 1104/784/1851
f 1004/729/1852 1102/807/1852 1101/806/1852
f 1004/729/412 1006/731/412 1103/785/412
f 992/719/413 994/720/413 1097/788/413
f 988/716/1853 1094/810/1853 1093/789/1853
f 1000/726/415 1100/786/415 1099/809/415
f 988/716/416 990/717/416 1095/792/416
f 972/703/1854 1086/812/1854 1085/797/1854
f 984/712/1855 1092/790/1855 1091/811/1855
f 978/708/1856 1089/791/1856 1088/795/1856
f 972/703/1857 974/704/1857 1087/796/1857
f 954/686/421 956/687/421 1078/813/421
f 968/699/422 1084/798/422 1083/803/422
f 962/693/423 1081/794/423 1080/799/423
f 952/684/1858 1076/802/1858 1075/805/1858
f 956/687/425 958/689/425 1079/800/425
f 1106/814/365 1107/817/365 1108/815/365
f 1107/817/364 1109/883/364 1110/818/364
f 1110/818/363 1109/883/363 1111/819/363
f 1112/820/362 1111/819/362 1113/821/362
f 1113/821/361 1115/824/361 1116/823/361
f 1115/824/360 1117/826/360 1118/825/360
f 1117/826/359 1119/2448/359 1120/827/359
f 1120/827/358 1119/2448/358 1121/828/358
f 1121/828/357 1123/831/357 1124/830/357
f 1123/831/356 1125/2489/356 1126/832/356
f 1126/832/427 1125/2489/427 1127/833/427
f 1127/833/354 1129/866/354 1130/835/354
f 1130/835/353 1129/866/353 1131/836/353
f 1131/836/352 1133/2437/352 1134/838/352
f 1134/838/351 1133/2437/351 1135/839/351
f 1135/839/350 1137/842/350 1138/841/350
f 1137/842/382 1139/2467/382 1140/843/382
f 1140/843/381 1139/2467/381 1141/844/381
f 1141/844/379 1143/847/379 1144/846/379
f 1143/847/378 1145/849/378 1146/848/378
f 1145/849/377 1147/851/377 1148/850/377
f 1147/851/376 1149/2517/376 1150/852/376
f 1150/852/375 1149/2517/375 1151/853/375
f 1152/854/374 1151/853/374 1153/855/374
f 1153/855/373 1155/2455/373 1156/857/373
f 1156/857/372 1155/2455/372 1157/858/372
f 1157/858/371 1159/887/371 1160/860/371
f 1160/860/370 1159/887/370 1161/861/370
f 1161/861/369 1163/864/369 1164/863/369
f 1163/864/368 1165/869/368 1166/865/368
f 1129/866/429 1127/833/429 1167/867/429
f 1165/869/367 1169/871/367 1170/870/367
f 1169/871/366 1106/814/366 1105/816/366
f 1105/816/430 1108/815/430 1171/872/430
f 1174/874/351 1175/899/351 1176/875/351
f 1107/817/431 1106/814/431 1186/877/431
f 1169/871/432 1173/876/432 1186/877/432
f 1163/864/433 1161/861/433 1188/879/433
f 1115/824/434 1113/821/434 1185/881/434
f 1109/883/435 1107/817/435 1187/878/435
f 1121/828/1859 1119/2448/1859 1183/885/1859
f 1163/864/437 1189/880/437 1174/874/437
f 1169/871/438 1165/869/438 1174/874/438
f 1159/887/439 1192/2557/439 1188/879/439
f 1180/888/366 1221/901/366 1220/889/366
f 1186/877/382 1206/909/382 1205/891/382
f 1188/879/353 1208/906/353 1207/892/353
f 1201/893/362 1217/908/362 1216/894/362
f 1203/884/381 1187/878/381 1205/891/381
f 1181/882/377 1185/881/377 1232/897/377
f 1189/880/352 1207/892/352 1175/899/352
f 1179/900/367 1222/911/367 1221/901/367
f 1196/902/358 1195/912/358 1213/903/358
f 1188/879/354 1192/2557/354 1209/905/354
f 1201/893/363 1194/916/363 1218/907/363
f 1186/877/350 1173/876/350 1176/875/350
f 1179/900/368 1200/2485/368 1223/910/368
f 1195/912/359 1204/2504/359 1214/913/359
f 1199/890/365 1220/889/365 1219/914/365
f 1194/916/364 1193/915/364 1219/914/364
f 1168/868/393 1167/867/393 1225/917/393
f 1166/865/1860 1170/870/1860 1264/919/1860
f 1160/860/1861 1162/862/1861 1261/921/1861
f 1154/856/443 1156/857/443 1258/923/443
f 1144/846/1862 1146/848/1862 1253/925/1862
f 1158/859/445 1259/943/445 1258/923/445
f 1140/843/1863 1250/929/1863 1249/927/1863
f 1152/854/447 1256/942/447 1255/928/447
f 1142/845/448 1251/946/448 1250/929/448
f 1124/830/449 1242/940/449 1241/930/449
f 1134/838/450 1136/840/450 1248/931/450
f 1128/834/451 1130/835/451 1245/933/451
f 1118/825/1864 1120/827/1864 1240/935/1864
f 1112/820/1865 1114/822/1865 1237/937/1865
f 1124/830/1866 1126/832/1866 1243/939/1866
f 1110/818/1867 1235/948/1867 1171/872/1867
f 1105/816/1868 1172/873/1868 1264/919/1868
f 1164/863/1869 1262/941/1869 1261/921/1869
f 1164/863/458 1166/865/458 1263/920/458
f 1152/854/459 1154/856/459 1257/924/459
f 1148/850/1870 1254/944/1870 1253/925/1870
f 1160/860/461 1260/922/461 1259/943/461
f 1148/850/462 1150/852/462 1255/928/462
f 1130/835/1871 1132/837/1871 1246/945/1871
f 1142/845/1872 1144/846/1872 1252/926/1872
f 1138/841/1873 1249/927/1873 1248/931/1873
f 1132/837/1874 1134/838/1874 1247/932/1874
f 1114/822/1875 1116/823/1875 1238/947/1875
f 1128/834/1876 1244/934/1876 1243/939/1876
f 1122/829/469 1241/930/469 1240/935/469
f 1112/820/1877 1236/938/1877 1235/948/1877
f 1118/825/1878 1239/936/1878 1238/947/1878
f 1266/949/472 1267/970/472 1268/950/472
f 1270/952/473 1271/987/473 1272/953/473
f 1273/955/31 1274/967/31 1275/956/31
f 1278/958/474 1279/968/474 1280/959/474
f 1290/966/479 1279/968/479 1278/958/479
f 1273/955/480 1280/959/480 1279/968/480
f 1285/961/1879 1289/965/1879 1273/955/1879
f 1290/966/482 1287/963/482 1275/956/482
f 1288/964/483 1286/962/483 1276/957/483
f 1267/970/484 1285/961/484 1286/962/484
f 1265/951/485 1291/984/485 1277/960/485
f 1285/961/472 1292/978/472 1293/971/472
f 1284/972/486 1270/952/486 1288/964/486
f 1266/949/485 1277/960/485 1280/959/485
f 1268/950/484 1267/970/484 1269/954/484
f 1281/969/487 1284/972/487 1287/963/487
f 1278/958/488 1277/960/488 1295/973/488
f 1288/964/473 1270/952/473 1269/954/473
f 1298/975/489 1299/980/489 1300/976/489
f 1267/970/472 1266/949/472 1298/975/472
f 1266/949/472 1289/965/472 1293/971/472
f 1267/970/490 1297/977/490 1292/978/490
f 1301/979/472 1302/981/472 1300/976/472
f 1293/971/491 1292/978/491 1302/981/491
f 1297/977/492 1300/976/492 1302/981/492
f 1293/971/493 1301/979/493 1299/980/493
f 1304/982/474 1296/974/474 1295/973/474
f 1291/984/494 1303/983/494 1295/973/494
f 1268/950/472 1305/1004/472 1306/985/472
f 1307/986/473 1272/953/473 1271/987/473
f 1309/989/120 1310/997/120 1311/990/120
f 1314/992/474 1315/1002/474 1316/993/474
f 1316/993/479 1315/1002/479 1324/1001/479
f 1315/1002/499 1314/992/499 1309/989/499
f 1319/995/500 1310/997/500 1309/989/500
f 1324/1001/501 1312/991/501 1311/990/501
f 1311/990/502 1310/997/502 1320/996/502
f 1305/1004/484 1307/986/484 1320/996/484
f 1313/994/485 1291/984/485 1265/951/485
f 1325/1005/1880 1326/1011/1880 1319/995/1880
f 1322/999/486 1308/988/486 1318/1006/486
f 1314/992/485 1313/994/485 1306/985/485
f 1268/950/484 1272/953/484 1307/986/484
f 1321/998/487 1318/1006/487 1317/1003/487
f 1316/993/503 1327/2564/503 1328/1007/503
f 1307/986/473 1308/988/473 1322/999/473
f 1329/1008/491 1330/1012/491 1331/1009/491
f 1305/1004/1881 1329/1008/1881 1332/1010/1881
f 1306/985/472 1332/1010/472 1325/1005/472
f 1326/1011/490 1329/1008/490 1305/1004/490
f 1330/1012/472 1333/1014/472 1334/1013/472
f 1334/1013/489 1333/1014/489 1326/1011/489
f 1333/1014/504 1330/1012/504 1329/1008/504
f 1331/1009/493 1334/1013/493 1325/1005/493
f 1328/1007/474 1327/2564/474 1304/982/474
f 1328/1007/494 1303/983/494 1291/984/494
f 67/106/1882 2005/1022/1882 2004/1015/1882
f 68/1038/505 65/1020/505 2029/1018/505
f 65/1020/505 1998/1016/505 2029/1018/505
f 2045/1021/505 2044/1694/505 2005/1022/505
f 2041/1026/1883 2033/1030/1883 2036/1017/1883
f 2041/1026/505 2036/1017/505 2037/1027/505
f 2000/1025/1884 2042/1429/1884 1999/1023/1884
f 2042/1429/505 2041/1026/505 2040/1028/505
f 2040/1028/505 1999/1023/505 2042/1429/505
f 2040/1028/505 2037/1027/505 1998/1016/505
f 2037/1027/505 2036/1017/505 1998/1016/505
f 2000/1025/505 1835/1034/505 1836/1029/505
f 1836/1029/505 2044/1694/505 2045/1021/505
f 2045/1021/1885 2046/1037/1885 2032/1036/1885
f 2032/1036/505 2030/1035/505 2036/1017/505
f 2030/1035/505 2029/1018/505 2036/1017/505
f 2036/1017/505 2033/1030/505 2032/1036/505
f 1836/1029/505 2045/1021/505 2033/1030/505
f 2045/1021/505 2032/1036/505 2033/1030/505
f 2042/1429/505 2000/1025/505 1836/1029/505
f 2041/1026/505 2042/1429/505 1836/1029/505
f 2004/1015/1882 2005/1022/1882 1842/1033/1882
f 1837/1031/1882 1835/1034/1882 2001/1024/1882
f 1835/1034/1886 2000/1025/1886 2001/1024/1886
f 2004/1015/1882 1842/1033/1882 1837/1031/1882
f 1998/1016/1887 1997/1019/1887 1999/1023/1887
f 1997/1019/1882 2004/1015/1882 1837/1031/1882
f 2001/1024/1888 1999/1023/1888 1997/1019/1888
f 2005/1022/505 2044/1694/505 1844/1032/505
f 1844/1032/505 2044/1694/505 1836/1029/505
f 1836/1029/1889 1835/1034/1889 1844/1032/1889
f 69/105/511 2068/1042/511 2045/1021/511
f 68/1038/514 2062/1041/514 2093/1039/514
f 2068/1042/511 69/105/511 2099/1043/511
f 2029/1018/1890 2030/1035/1890 2064/1045/1890
f 2065/1052/516 2063/1051/516 2046/1037/516
f 2045/1021/511 2068/1042/511 2067/1050/511
f 2066/1046/514 2065/1052/514 2046/1037/514
f 2045/1021/511 2067/1050/511 2066/1046/511
f 2099/1043/511 70/1062/511 2095/1048/511
f 70/1062/511 2098/1054/511 2094/1047/511
f 2094/1047/511 2097/1055/511 2096/1040/511
f 70/1062/511 2094/1047/511 2095/1048/511
f 2103/1056/511 2100/1044/511 2099/1043/511
f 2102/1053/1891 2101/1049/1891 2103/1056/1891
f 2063/1051/511 2065/1052/511 2102/1053/511
f 2096/1040/511 2093/1039/511 2095/1048/511
f 2095/1048/511 2063/1051/511 2099/1043/511
f 2063/1051/511 2102/1053/511 2103/1056/511
f 2103/1056/511 2099/1043/511 2063/1051/511
f 2068/1042/511 2100/1044/511 2101/1049/511
f 2063/1051/516 2064/1045/516 2030/1035/516
f 2095/1048/511 2093/1039/511 2064/1045/511
f 2067/1050/1892 2101/1049/1892 2102/1053/1892
f 71/104/518 2120/1058/518 2099/1043/518
f 2136/1061/1893 2120/1058/1893 2134/1057/1893
f 2120/1058/518 71/104/518 2133/1059/518
f 2099/1043/519 2120/1058/519 2117/1060/519
f 2119/1063/518 2118/1066/518 70/1062/518
f 2099/1043/1894 2117/1060/1894 2119/1063/1894
f 2135/1064/1895 2136/1061/1895 2134/1057/1895
f 2134/1057/518 2133/1059/518 72/1065/518
f 72/1065/518 70/1062/518 2118/1066/518
f 2135/1064/518 2134/1057/518 72/1065/518
f 2118/1066/963 2117/1060/963 2136/1061/963
f 73/103/524 2144/1070/524 2133/1059/524
f 2158/1069/1896 2155/1071/1896 2159/1067/1896
f 2159/1067/1897 2144/1070/1897 2157/1068/1897
f 2144/1070/522 73/103/522 2157/1068/522
f 2158/1069/522 2157/1068/522 74/1072/522
f 74/1072/522 72/1065/522 2155/1071/522
f 72/1065/522 2144/1070/522 2155/1071/522
f 2144/1070/522 2159/1067/522 2155/1071/522
f 75/102/526 2164/1073/526 2157/1068/526
f 2164/1073/525 75/102/525 2168/1074/525
f 2169/1077/1898 2170/1075/1898 2168/1074/1898
f 2168/1074/525 76/1081/525 2169/1077/525
f 76/1081/525 74/1072/525 2167/1076/525
f 2169/1077/525 76/1081/525 2167/1076/525
f 2168/1074/530 75/102/530 77/101/530
f 2191/1080/1899 2186/1084/1899 2183/1078/1899
f 2183/1078/530 77/101/530 2189/1079/530
f 2189/1079/530 78/1088/530 2190/1082/530
f 78/1088/530 76/1081/530 2187/1083/530
f 2190/1082/530 78/1088/530 2187/1083/530
f 76/1081/1900 2183/1078/1900 2186/1084/1900
f 76/1081/530 2186/1084/530 2187/1083/530
f 2189/1079/535 77/101/535 79/100/535
f 2202/1085/535 79/100/535 1927/1090/535
f 1927/1090/1901 1929/1086/1901 2202/1085/1901
f 1927/1090/535 80/1096/535 1935/1089/535
f 80/1096/535 78/1088/535 1926/1091/535
f 1935/1089/535 80/1096/535 1926/1091/535
f 78/1088/535 2202/1085/535 2213/1087/535
f 78/1088/535 2213/1087/535 1926/1091/535
f 1927/1090/1902 79/100/1902 81/99/1902
f 1930/1095/1903 1928/1092/1903 1888/1093/1903
f 1928/1092/1902 81/99/1902 2226/1099/1902
f 1888/1093/1904 1928/1092/1904 2226/1099/1904
f 1875/1097/1902 1888/1093/1902 82/1102/1902
f 1888/1093/1902 2226/1099/1902 82/1102/1902
f 82/1102/1902 80/1096/1902 1876/1098/1902
f 1875/1097/1902 82/1102/1902 1876/1098/1902
f 80/1096/1902 1928/1092/1902 1930/1095/1902
f 1930/1095/1905 1887/1094/1905 1876/1098/1905
f 2226/1099/545 81/99/545 83/98/545
f 2222/1106/1906 2218/1109/1906 2238/1101/1906
f 2218/1109/545 2228/1100/545 2238/1101/545
f 2218/1109/544 2222/1106/544 2241/1104/544
f 2221/1105/1907 2238/1101/1907 2237/1103/1907
f 2237/1103/1908 2218/1109/1908 2241/1104/1908
f 1871/1107/545 1864/1108/545 82/1102/545
f 1864/1108/544 1862/1118/544 82/1102/544
f 1862/1118/544 84/1117/544 82/1102/544
f 2228/1100/1909 2218/1109/1909 1871/1107/1909
f 2218/1109/1910 2237/1103/1910 1864/1108/1910
f 2237/1103/1911 1862/1118/1911 1864/1108/1911
f 2238/1101/548 83/98/548 85/97/548
f 2247/1110/551 85/97/551 2264/1111/551
f 2263/1112/549 2264/1111/549 2262/1115/549
f 2264/1111/549 2267/1113/549 2262/1115/549
f 2262/1115/551 2268/1114/551 86/1119/551
f 2246/1121/551 2247/1110/551 2263/1112/551
f 84/1117/1912 1863/1116/1912 1861/1120/1912
f 1861/1120/1913 2246/1121/1913 2263/1112/1913
f 2263/1112/551 2262/1115/551 1861/1120/551
f 2262/1115/551 86/1119/551 1861/1120/551
f 2237/1103/1914 2238/1101/1914 2247/1110/1914
f 1862/1118/1915 2237/1103/1915 2246/1121/1915
f 2264/1111/553 85/97/553 87/96/553
f 2290/1125/1916 2284/1122/1916 2150/1130/1916
f 2284/1122/553 87/96/553 2150/1130/553
f 2150/1130/558 2151/1129/558 2290/1125/558
f 2151/1129/1917 2282/1123/1917 2290/1125/1917
f 2283/1124/1918 2282/1123/1918 2268/1114/1918
f 2151/1129/558 2150/1130/558 1952/1128/558
f 2150/1130/558 1951/1126/558 1952/1128/558
f 1952/1128/553 1958/1127/553 88/1135/553
f 86/1119/553 2282/1123/553 2151/1129/553
f 1952/1128/553 88/1135/553 86/1119/553
f 2284/1122/1919 2283/1124/1919 2267/1113/1919
f 2150/1130/560 87/96/560 89/95/560
f 1954/1134/1920 2149/1131/1920 1956/1136/1920
f 2149/1131/560 89/95/560 2330/1137/560
f 2330/1137/1921 1956/1136/1921 2149/1131/1921
f 1956/1136/1922 1957/1132/1922 1954/1134/1922
f 1953/1133/1923 1957/1132/1923 1958/1127/1923
f 1951/1126/1924 2150/1130/1924 2149/1131/1924
f 1956/1136/560 2330/1137/560 88/1135/560
f 2330/1137/560 90/1142/560 88/1135/560
f 2330/1137/564 89/95/564 2341/1138/564
f 2341/1138/565 89/95/565 91/94/565
f 1969/1141/1925 2342/1139/1925 2341/1138/1925
f 2341/1138/564 92/1144/564 1969/1141/564
f 92/1144/564 90/1142/564 1969/1141/564
f 90/1142/1926 2330/1137/1926 1971/1146/1926
f 1973/1143/1927 1972/1145/1927 1969/1141/1927
f 90/1142/564 1971/1146/564 1973/1143/564
f 2330/1137/1928 2342/1139/1928 1972/1145/1928
f 2351/1140/568 91/94/568 2352/1147/568
f 2352/1147/1929 91/94/1929 93/93/1929
f 1991/1150/1930 2353/1148/1930 2352/1147/1930
f 2352/1147/568 94/1152/568 1991/1150/568
f 94/1152/568 92/1144/568 1991/1150/568
f 92/1144/1929 2351/1140/1929 1992/1151/1929
f 1993/1153/568 1992/1151/568 2351/1140/568
f 1991/1150/1931 1992/1151/1931 1993/1153/1931
f 2357/1149/570 93/93/570 2329/1154/570
f 93/93/570 95/92/570 2328/1156/570
f 1983/1157/570 2327/1155/570 2329/1154/570
f 2329/1154/570 96/1159/570 1983/1157/570
f 96/1159/570 94/1152/570 1983/1157/570
f 94/1152/570 2357/1149/570 1985/1161/570
f 1987/1158/1932 1986/1160/1932 1983/1157/1932
f 94/1152/570 1985/1161/570 1987/1158/570
f 1986/1160/571 1985/1161/571 2357/1149/571
f 95/92/1933 97/91/1933 2301/1162/1933
f 2328/1156/1934 95/92/1934 2302/1163/1934
f 2328/1156/1933 2300/1164/1933 1899/1727/1933
f 1897/2067/576 1898/1168/576 2368/1167/576
f 2328/1156/1933 1899/1727/1933 1897/2067/1933
f 98/1165/1933 96/1159/1933 2368/1167/1933
f 96/1159/1935 2328/1156/1935 1897/2067/1935
f 2368/1167/1935 2331/1166/1935 2302/1163/1935
f 96/1159/1934 1897/2067/1934 2368/1167/1934
f 2331/1166/1933 2368/1167/1933 1898/1168/1933
f 1898/1168/1936 1897/2067/1936 1899/1727/1936
f 1899/1727/1934 2300/1164/1934 1898/1168/1934
f 97/91/579 99/90/579 2393/1169/579
f 2299/1172/1937 2301/1162/1937 2380/1170/1937
f 2301/1162/580 97/91/580 2380/1170/580
f 2378/1173/580 2383/1171/580 2380/1170/580
f 2301/1162/579 2299/1172/579 2381/1441/579
f 2299/1172/580 2382/1176/580 2381/1441/580
f 2381/1441/579 2377/1177/579 98/1165/579
f 2377/1177/580 2378/1173/580 98/1165/580
f 2378/1173/580 2380/1170/580 100/1174/580
f 98/1165/1938 2301/1162/1938 2381/1441/1938
f 2380/1170/1939 2393/1169/1939 2390/1178/1939
f 2392/1175/1940 2391/1179/1940 100/1174/1940
f 2380/1170/1941 2390/1178/1941 2392/1175/1941
f 2383/1171/580 2378/1173/580 2377/1177/580
f 2377/1177/580 2381/1441/580 2382/1176/580
f 99/90/582 101/89/582 2412/1180/582
f 99/90/583 2397/1181/583 2393/1169/583
f 2397/1181/583 2402/1189/583 2396/1182/583
f 2396/1182/583 2402/1189/583 2390/1178/583
f 102/1186/583 100/1174/583 2394/1184/583
f 100/1174/583 2391/1179/583 2404/1183/583
f 2411/1185/582 2395/1188/582 2412/1180/582
f 2395/1188/1942 2397/1181/1942 2412/1180/1942
f 102/1186/1943 2394/1184/1943 2411/1185/1943
f 2398/1187/583 2402/1189/583 2397/1181/583
f 2398/1187/583 2395/1188/583 2404/1183/583
f 2395/1188/1944 2394/1184/1944 2404/1183/1944
f 2404/1183/1945 2391/1179/1945 2402/1189/1945
f 2398/1187/583 2404/1183/583 2402/1189/583
f 101/89/1946 103/88/1946 2429/1190/1946
f 2417/1193/1947 2412/1180/1947 2416/1191/1947
f 2412/1180/586 101/89/586 2416/1191/586
f 102/1186/586 2412/1180/586 2418/1197/586
f 2412/1180/586 2417/1193/586 2418/1197/586
f 2417/1193/586 2419/1192/586 2418/1197/586
f 2418/1197/586 2414/1195/586 102/1186/586
f 2418/1197/586 2419/1192/586 2415/1198/586
f 2427/1199/1948 2428/1196/1948 2414/1195/1948
f 2429/1190/1949 2427/1199/1949 2415/1198/1949
f 106/66/590 2109/1202/590 2429/1190/590
f 2110/1201/1950 2111/1200/1950 2428/1196/1950
f 2427/1199/590 2429/1190/590 2109/1202/590
f 127/86/592 2294/1204/592 2292/1203/592
f 2292/1203/592 2487/1205/592 126/84/592
f 2487/1205/593 128/1210/593 126/84/593
f 2004/1015/594 2166/1213/594 2293/1206/594
f 66/85/1951 2293/1206/1951 2294/1204/1951
f 65/1020/594 128/1210/594 1997/1019/594
f 128/1210/595 2497/1208/595 2504/1207/595
f 2501/1847/1952 2509/1217/1952 2502/1209/1952
f 128/1210/594 2504/1207/594 1997/1019/594
f 2497/1208/595 2501/1847/595 2502/1209/595
f 2508/1216/595 1814/1215/595 1813/1212/595
f 1813/1212/595 2166/1213/595 2004/1015/595
f 2004/1015/594 1997/1019/594 2507/1211/594
f 1997/1019/594 2504/1207/594 2507/1211/594
f 2502/1209/594 2509/1217/594 2507/1211/594
f 2507/1211/1951 2508/1216/1951 1813/1212/1951
f 2504/1207/594 2502/1209/594 2507/1211/594
f 2487/1205/1951 2294/1204/1951 2293/1206/1951
f 2165/1214/1953 2509/1217/1953 2501/1847/1953
f 2501/1847/1951 2497/1208/1951 2165/1214/1951
f 2497/1208/594 2293/1206/594 2165/1214/594
f 2508/1216/594 2507/1211/594 2509/1217/594
f 2509/1217/594 2165/1214/594 1814/1215/594
f 2165/1214/594 2166/1213/594 1814/1215/594
f 2166/1213/594 1813/1212/594 1814/1215/594
f 66/85/596 1/3/596 64/62/596
f 127/86/597 64/62/597 62/60/597
f 125/83/598 62/60/598 60/58/598
f 123/81/599 60/58/599 58/56/599
f 121/87/600 58/56/600 56/54/600
f 119/79/601 56/54/601 54/52/601
f 117/77/602 54/52/602 52/51/602
f 67/106/603 4/2/603 1/3/603
f 123/81/605 155/149/605 130/107/605
f 123/81/1954 121/87/1954 156/151/1954
f 4/2/1955 67/106/1955 157/147/1955
f 58/56/1956 158/150/1956 159/148/1956
f 60/58/611 153/127/611 158/150/611
f 121/87/1957 119/79/1957 151/125/1957
f 52/51/1958 133/112/1958 138/113/1958
f 60/58/1959 62/60/1959 145/121/1959
f 119/79/1960 117/77/1960 137/115/1960
f 1/3/1961 4/2/1961 142/116/1961
f 127/86/1962 129/109/1962 149/123/1962
f 62/60/1963 64/62/1963 146/119/1963
f 117/77/1964 115/75/1964 138/113/1964
f 54/52/1965 134/110/1965 133/112/1965
f 66/85/1966 149/123/1966 157/147/1966
f 125/83/1967 130/107/1967 129/109/1967
f 64/62/1968 1/3/1968 141/118/1968
f 56/54/1969 159/148/1969 134/110/1969
f 68/1038/622 2758/1220/622 65/1020/622
f 2758/1220/622 2754/1533/622 2759/1219/622
f 265/274/622 266/253/622 2305/1221/622
f 2455/1222/622 2454/1231/622 2470/1223/622
f 2454/1231/622 2217/1232/622 2470/1223/622
f 2217/1232/622 2215/1225/622 2470/1223/622
f 2756/1238/1970 2760/1237/1970 2470/1223/1970
f 2758/1220/622 2761/1239/622 2754/1533/622
f 2761/1239/1971 2756/1238/1971 2754/1533/1971
f 2755/1224/622 2754/1533/622 2756/1238/622
f 2662/1234/1972 2657/1236/1972 2215/1225/1972
f 2657/1236/622 2658/1235/622 2215/1225/622
f 2662/1234/622 2216/1230/622 2455/1222/622
f 2216/1230/622 2662/1234/622 2224/1233/622
f 2755/1224/622 2756/1238/622 2470/1223/622
f 2224/1233/622 2662/1234/622 2215/1225/622
f 2658/1235/622 2755/1224/622 2215/1225/622
f 2661/1226/1972 2662/1234/1972 2455/1222/1972
f 2455/1222/622 2305/1221/622 2661/1226/622
f 2305/1221/621 2313/1218/621 2661/1226/621
f 2313/1218/622 2759/1219/622 2752/1227/622
f 2752/1227/622 2759/1219/622 2753/1228/622
f 2759/1219/622 2754/1533/622 2757/1229/622
f 2754/1533/622 2755/1224/622 2658/1235/622
f 2657/1236/1973 2662/1234/1973 2752/1227/1973
f 2757/1229/622 2754/1533/622 2658/1235/622
f 2752/1227/622 2753/1228/622 2657/1236/622
f 2753/1228/622 2757/1229/622 2658/1235/622
f 68/1038/630 2096/1040/630 2780/1241/630
f 2470/1223/630 2471/1242/630 267/273/630
f 2235/1243/1974 2236/1251/1974 2232/1244/1974
f 2236/1251/517 2229/1245/517 2232/1244/517
f 2232/1244/634 2420/1246/634 2471/1242/634
f 2420/1246/630 267/273/630 2471/1242/630
f 2781/1248/630 2098/1054/630 70/1062/630
f 70/1062/630 2236/1251/630 2777/1249/630
f 2236/1251/630 2235/1243/630 2777/1249/630
f 70/1062/634 2777/1249/634 2782/1247/634
f 2235/1243/634 2471/1242/634 2777/1249/634
f 2782/1247/630 2780/1241/630 2096/1040/630
f 2781/1248/630 70/1062/630 2782/1247/630
f 2096/1040/630 2097/1055/630 2781/1248/630
f 2471/1242/1975 2470/1223/1975 2760/1237/1975
f 2778/1250/1975 2761/1239/1975 2758/1220/1975
f 2761/1239/634 2778/1250/634 2777/1249/634
f 2778/1250/630 2780/1241/630 2782/1247/630
f 2420/1246/641 2421/1254/641 268/272/641
f 268/272/638 2421/1254/638 2431/1253/638
f 2421/1254/639 2115/1258/639 2113/1255/639
f 2421/1254/1976 70/1062/1976 2115/1258/1976
f 70/1062/638 72/1065/638 2115/1258/638
f 72/1065/638 2071/1263/638 2072/1257/638
f 2072/1257/1977 2113/1255/1977 2115/1258/1977
f 2421/1254/638 2420/1246/638 2229/1245/638
f 2230/1252/1978 2236/1251/1978 70/1062/1978
f 2421/1254/639 2229/1245/639 2230/1252/639
f 2072/1257/1979 2071/1263/1979 2112/1256/1979
f 2431/1253/645 2432/1260/645 269/271/645
f 2152/1259/643 269/271/643 2432/1260/643
f 2432/1260/645 72/1065/645 2154/1261/645
f 72/1065/645 74/1072/645 2154/1261/645
f 2432/1260/1980 2431/1253/1980 2112/1256/1980
f 2073/1262/645 2071/1263/645 72/1065/645
f 2432/1260/1981 2112/1256/1981 2073/1262/1981
f 2023/1264/649 270/270/649 2408/1265/649
f 2152/1259/1982 2153/1267/1982 2125/1270/1982
f 2153/1267/1983 2126/1269/1983 2125/1270/1983
f 2125/1270/1984 2408/1265/1984 2152/1259/1984
f 2408/1265/653 270/270/653 2152/1259/653
f 2024/1266/1985 2408/1265/1985 2128/1268/1985
f 2408/1265/1986 2126/1269/1986 2128/1268/1986
f 2128/1268/649 2153/1267/649 74/1072/649
f 76/1081/649 2023/1264/649 2024/1266/649
f 2128/1268/649 74/1072/649 76/1081/649
f 2023/1264/657 2025/1271/657 271/269/657
f 2020/1273/1987 2017/1274/1987 2025/1271/1987
f 2017/1274/654 2014/1275/654 2025/1271/654
f 2014/1275/654 271/269/654 2025/1271/654
f 2025/1271/654 76/1081/654 2021/1272/654
f 76/1081/654 78/1088/654 2021/1272/654
f 78/1088/654 2014/1275/654 2017/1274/654
f 2017/1274/1987 2020/1273/1987 2021/1272/1987
f 2014/1275/658 2015/1276/658 272/268/658
f 2034/1278/658 272/268/658 2015/1276/658
f 2015/1276/660 2018/1280/660 2039/1277/660
f 2002/1279/520 2003/1281/520 2018/1280/520
f 2018/1280/658 2015/1276/658 78/1088/658
f 78/1088/658 80/1096/658 2002/1279/658
f 80/1096/658 2034/1278/658 2039/1277/658
f 80/1096/658 2039/1277/658 2002/1279/658
f 2034/1278/661 2043/1283/661 273/267/661
f 2488/1282/662 273/267/662 2043/1283/662
f 2043/1283/1988 2038/1286/1988 2056/1284/1988
f 2056/1284/1989 2194/1285/1989 2192/1288/1989
f 2192/1288/661 2488/1282/661 2056/1284/661
f 2038/1286/661 2043/1283/661 80/1096/661
f 80/1096/661 82/1102/661 2038/1286/661
f 82/1102/1990 2488/1282/1990 2178/1287/1990
f 82/1102/662 2178/1287/662 2179/1289/662
f 2194/1285/1991 2056/1284/1991 2038/1286/1991
f 82/1102/1992 2179/1289/1992 2194/1285/1992
f 2179/1289/1993 2192/1288/1993 2194/1285/1993
f 2488/1282/665 2489/1291/665 274/266/665
f 2448/1290/666 274/266/666 2489/1291/666
f 2244/1787/1994 2447/1292/1994 2489/1291/1994
f 2489/1291/666 82/1102/666 2244/1787/666
f 82/1102/666 84/1117/666 2265/1294/666
f 2244/1787/666 82/1102/666 2243/1295/666
f 2493/1293/1995 2447/1292/1995 2243/1295/1995
f 2447/1292/1996 2244/1787/1996 2243/1295/1996
f 2206/1296/1997 2208/1303/1997 2439/1297/1997
f 274/266/669 2448/1290/669 275/265/669
f 2448/1290/1998 2207/1298/1998 2206/1296/1998
f 2492/1304/669 2206/1296/669 2493/1293/669
f 2206/1296/1999 2207/1298/1999 2493/1293/1999
f 2272/1301/2000 84/1117/2000 2271/1300/2000
f 84/1117/668 86/1119/668 2199/1302/668
f 2271/1300/668 84/1117/668 2199/1302/668
f 86/1119/668 2439/1297/668 2199/1302/668
f 2197/1299/2001 2208/1303/2001 2206/1296/2001
f 2199/1302/668 2197/1299/668 2271/1300/668
f 2206/1296/670 2492/1304/670 2271/1300/670
f 2265/1294/2002 2272/1301/2002 2492/1304/2002
f 2439/1297/674 2440/1308/674 276/264/674
f 2274/1307/674 2513/1309/674 2440/1308/674
f 2513/1309/674 276/264/674 2440/1308/674
f 2274/1307/2003 2440/1308/2003 2279/1305/2003
f 2279/1305/2004 2440/1308/2004 86/1119/2004
f 86/1119/674 88/1135/674 2276/1306/674
f 88/1135/674 2513/1309/674 2276/1306/674
f 2513/1309/674 2274/1307/674 2276/1306/674
f 2513/1309/677 2514/1311/677 277/263/677
f 277/263/676 2514/1311/676 2540/1310/676
f 2514/1311/2005 2287/1313/2005 2289/1312/2005
f 2287/1313/676 2514/1311/676 88/1135/676
f 88/1135/676 90/1142/676 2286/1315/676
f 90/1142/676 2540/1310/676 2286/1315/676
f 2285/1314/2006 2289/1312/2006 2287/1313/2006
f 88/1135/676 2286/1315/676 2285/1314/676
f 2540/1310/2007 2545/1320/2007 2612/1316/2007
f 277/263/679 2612/1316/679 2613/1317/679
f 2612/1316/679 2333/1324/679 2332/1318/679
f 2332/1318/2008 2340/1323/2008 92/1144/2008
f 2613/1317/679 2612/1316/679 2332/1318/679
f 2335/1319/2009 2333/1324/2009 2612/1316/2009
f 2334/1322/679 2545/1320/679 2540/1310/679
f 2540/1310/679 90/1142/679 2334/1322/679
f 90/1142/679 92/1144/679 2340/1323/679
f 2334/1322/679 90/1142/679 2339/1321/679
f 2340/1323/679 2339/1321/679 90/1142/679
f 2335/1319/2010 2339/1321/2010 2340/1323/2010
f 278/262/684 1977/1326/684 1978/1325/684
f 1977/1326/684 278/262/684 2613/1317/684
f 1977/1326/684 1976/1327/684 2350/1328/684
f 1978/1325/684 1977/1326/684 2344/1330/684
f 1977/1326/684 2345/1329/684 2344/1330/684
f 2344/1330/685 2356/1333/685 94/1152/685
f 1975/1332/2011 1976/1327/2011 2613/1317/2011
f 2613/1317/684 92/1144/684 1975/1332/684
f 92/1144/684 94/1152/684 2356/1333/684
f 1975/1332/684 92/1144/684 2355/1331/684
f 2356/1333/684 2355/1331/684 92/1144/684
f 2345/1329/2012 2350/1328/2012 2355/1331/2012
f 279/261/690 1963/1335/690 1825/1334/690
f 1963/1335/690 279/261/690 1978/1325/690
f 1825/1334/690 1963/1335/690 1981/1337/690
f 1981/1337/690 1982/1341/690 1825/1334/690
f 1982/1341/690 2874/1338/690 1825/1334/690
f 2874/1338/690 2867/1340/690 96/1159/690
f 1961/1339/690 1962/1336/690 1978/1325/690
f 1978/1325/690 94/1152/690 1961/1339/690
f 94/1152/690 96/1159/690 2867/1340/690
f 2867/1340/2013 1981/1337/2013 1962/1336/2013
f 1982/1341/2014 1981/1337/2014 2867/1340/2014
f 1829/1343/694 280/260/694 1825/1334/694
f 1826/1342/694 1830/1348/694 1829/1343/694
f 1838/1344/694 281/259/694 280/260/694
f 1823/1418/2015 1824/1347/2015 1825/1334/2015
f 1824/1347/694 1826/1342/694 1825/1334/694
f 1825/1334/694 96/1159/694 1823/1418/694
f 96/1159/694 98/1165/694 1827/1345/694
f 1823/1418/2016 96/1159/2016 1828/1346/2016
f 1829/1343/694 1830/1348/694 1827/1345/694
f 98/1165/2017 1829/1343/2017 1827/1345/2017
f 1824/1347/2018 1823/1418/2018 1828/1346/2018
f 1828/1346/694 1827/1345/694 1830/1348/694
f 1838/1344/698 1853/1352/698 1849/1349/698
f 1881/1350/696 282/258/696 281/259/696
f 100/1174/696 1849/1349/696 1850/1351/696
f 1850/1351/696 1851/1355/696 98/1165/696
f 1851/1355/696 1852/1353/696 98/1165/696
f 1852/1353/696 1853/1352/696 1838/1344/696
f 98/1165/698 100/1174/698 1850/1351/698
f 1883/1357/696 1881/1350/696 1849/1349/696
f 100/1174/2019 1882/1356/2019 1884/1354/2019
f 1884/1354/2020 1883/1357/2020 1849/1349/2020
f 1851/1355/696 1850/1351/696 1853/1352/696
f 1881/1350/701 1914/1365/701 1909/1358/701
f 282/258/701 1909/1358/701 1967/1359/701
f 1967/1359/2021 1909/1358/2021 1912/1362/2021
f 1968/1360/2022 1913/1364/2022 102/1186/2022
f 1967/1359/2021 1912/1362/2021 1968/1360/2021
f 1909/1358/701 1914/1365/701 1911/1361/701
f 1910/1363/701 1882/1356/701 100/1174/701
f 100/1174/701 102/1186/701 1913/1364/701
f 1911/1361/701 1914/1365/701 1910/1363/701
f 1914/1365/2023 1883/1357/2023 1882/1356/2023
f 1910/1363/701 1914/1365/701 1882/1356/701
f 1910/1363/2024 1913/1364/2024 1912/1362/2024
f 283/257/2025 2013/1369/2025 2057/1366/2025
f 283/257/705 1967/1359/705 2013/1369/705
f 1967/1359/705 2008/1367/705 2013/1369/705
f 2009/1370/705 2019/1368/705 2008/1367/705
f 2008/1367/2026 1967/1359/2026 2009/1370/2026
f 1967/1359/705 102/1186/705 2009/1370/705
f 102/1186/705 104/1194/705 2011/1371/705
f 2011/1371/2027 2059/1372/2027 2060/1373/2027
f 2010/1374/705 2019/1368/705 2009/1370/705
f 2010/1374/2028 2060/1373/2028 2057/1366/2028
f 106/66/708 284/256/708 2057/1366/708
f 2059/1372/2029 2111/1200/2029 2110/1201/2029
f 2060/1373/708 2110/1201/708 2109/1202/708
f 124/82/710 126/84/710 2242/1376/710
f 1948/1375/710 1938/1377/710 295/255/710
f 124/82/710 2242/1376/710 1948/1375/710
f 2257/1379/712 2266/1948/712 2270/1378/712
f 2270/1378/712 126/84/712 2257/1379/712
f 126/84/712 128/1210/712 2256/1380/712
f 1938/1377/711 1945/1381/711 296/254/711
f 1945/1381/2030 1946/1390/2030 2251/1382/2030
f 2251/1382/712 1946/1390/712 1943/1619/712
f 1943/1619/712 2254/1389/712 2253/1405/712
f 1943/1619/2031 2253/1405/2031 2252/1384/2031
f 2260/1388/2032 2251/1382/2032 2259/1383/2032
f 2251/1382/712 1943/1619/712 2252/1384/712
f 2259/1383/712 2251/1382/712 2252/1384/712
f 2256/1380/712 2258/1387/712 2257/1379/712
f 2258/1387/2033 2259/1383/2033 2261/1385/2033
f 2257/1379/712 2258/1387/712 2266/1948/712
f 2261/1385/2034 2266/1948/2034 2258/1387/2034
f 1945/1381/711 1938/1377/711 2242/1376/711
f 2270/1378/712 2266/1948/712 2255/1386/712
f 2255/1386/2030 1946/1390/2030 1945/1381/2030
f 2252/1384/712 2253/1405/712 2261/1385/712
f 2253/1405/712 2254/1389/712 2266/1948/712
f 2261/1385/2035 2253/1405/2035 2266/1948/2035
f 2254/1389/712 1943/1619/712 1946/1390/712
f 2255/1386/712 2266/1948/712 2254/1389/712
f 2314/1392/715 2316/1962/715 2317/1391/715
f 2316/1962/715 2319/1400/715 2317/1391/715
f 2317/1391/715 128/1210/715 2314/1392/715
f 128/1210/715 65/1020/715 2313/1218/715
f 2251/1382/715 2306/1393/715 266/253/715
f 2306/1393/715 2312/1398/715 2305/1221/715
f 2316/1962/716 2314/1392/716 2315/1395/716
f 2314/1392/715 2313/1218/715 2315/1395/715
f 2305/1221/715 2312/1398/715 2308/1404/715
f 2311/1394/715 2309/1403/715 2310/1401/715
f 2305/1221/715 2308/1404/715 2311/1394/715
f 2319/1400/715 2316/1962/715 2315/1395/715
f 2310/1401/716 2321/1402/716 2311/1394/716
f 2321/1402/715 2315/1395/715 2311/1394/715
f 2313/1218/715 2305/1221/715 2315/1395/715
f 2307/1397/715 2306/1393/715 2251/1382/715
f 2251/1382/2036 2260/1388/2036 2320/1396/2036
f 2260/1388/715 2310/1401/715 2309/1403/715
f 2320/1396/715 2260/1388/715 2309/1403/715
f 2318/1399/715 2258/1387/715 2256/1380/715
f 2258/1387/715 2318/1399/715 2310/1401/715
f 2321/1402/716 2310/1401/716 2318/1399/716
f 2318/1399/715 2319/1400/715 2321/1402/715
f 2308/1404/715 2312/1398/715 2309/1403/715
f 2312/1398/715 2307/1397/715 2309/1403/715
f 264/240/720 201/181/720 266/253/720
f 261/238/721 264/240/721 296/254/721
f 259/236/722 261/238/722 295/255/722
f 257/234/723 259/236/723 294/251/723
f 255/232/724 257/234/724 293/252/724
f 253/230/725 255/232/725 292/250/725
f 251/231/726 253/230/726 291/249/726
f 201/181/2037 202/179/2037 265/274/2037
f 300/277/2038 323/314/2038 294/251/2038
f 294/251/2038 323/314/2038 324/316/2038
f 202/179/2039 312/285/2039 325/312/2039
f 326/313/2040 327/315/2040 257/234/2040
f 327/315/2041 321/294/2041 259/236/2041
f 293/252/2042 324/316/2042 319/292/2042
f 308/282/2043 301/280/2043 251/231/2043
f 259/236/2041 321/294/2041 313/289/2041
f 292/250/2044 319/292/2044 305/283/2044
f 201/181/2045 309/286/2045 312/285/2045
f 317/291/2046 297/275/2046 296/254/2046
f 261/238/2041 313/289/2041 316/288/2041
f 291/249/2047 305/283/2047 308/282/2047
f 301/280/2048 304/279/2048 253/230/2048
f 325/312/2049 317/291/2049 266/253/2049
f 297/275/2050 300/277/2050 295/255/2050
f 264/240/2051 316/288/2051 309/286/2051
f 304/279/2052 326/313/2052 255/232/2052
f 2253/1405/746 2254/1389/746 2303/1406/746
f 2252/1384/746 2253/1405/746 377/557/746
f 2260/1388/2053 2259/1383/2053 381/554/2053
f 381/554/749 2321/1402/749 2310/1401/749
f 2315/1395/749 2321/1402/749 381/554/749
f 2310/1401/749 2321/1402/749 379/1411/749
f 379/1411/749 380/1957/749 2259/1383/749
f 2259/1383/2054 2260/1388/2054 2310/1401/2054
f 2662/1234/750 2657/1236/750 383/1412/750
f 383/1412/751 384/1795/751 2661/1226/751
f 382/1413/751 383/1412/751 2657/1236/751
f 2662/1234/750 2661/1226/750 385/1414/750
f 442/548/754 439/550/754 1828/1346/754
f 1828/1346/754 1827/1345/754 440/1419/754
f 446/545/757 443/547/757 1851/1355/757
f 1851/1355/756 1850/1351/756 444/1421/756
f 1882/1356/758 1910/1363/758 447/1425/758
f 449/1424/2055 1884/1354/2055 1882/1356/2055
f 1884/1354/758 450/1582/758 1910/1363/758
f 504/1426/761 2508/1216/761 2507/1211/761
f 505/1427/760 1814/1215/760 2508/1216/760
f 508/1430/2056 2001/1024/2056 2000/1025/2056
f 507/1431/2057 2041/1026/2057 2042/1429/2057
f 2001/1024/2058 509/1695/2058 510/1432/2058
f 510/1432/2058 2042/1429/2058 2000/1025/2058
f 2368/1167/768 564/549/768 566/1437/768
f 569/1440/769 2381/1441/769 2377/1177/769
f 571/1443/769 2378/1173/769 2377/1177/769
f 2404/1183/2059 573/1581/2059 2392/1175/2059
f 2391/1179/2060 2392/1175/2060 574/1446/2060
f 574/1446/773 572/1444/773 2391/1179/773
f 1831/2330/774 1845/2064/774 623/513/774
f 622/519/774 2560/2065/774 2561/2301/774
f 2561/2301/774 2694/2315/774 622/519/774
f 2694/2315/2061 2693/2316/2061 622/519/2061
f 2483/2293/2062 2484/2292/2062 622/519/2062
f 2484/2292/774 2474/2289/774 622/519/774
f 622/519/774 2693/2316/774 2483/2293/774
f 1834/2314/2063 1831/2330/2063 623/513/2063
f 2668/2312/2064 2669/2313/2064 623/513/2064
f 2669/2313/774 1834/2314/774 623/513/774
f 1947/2307/774 2599/2306/774 623/513/774
f 2599/2306/2065 2598/2305/2065 623/513/2065
f 2598/2305/774 2668/2312/774 623/513/774
f 622/519/774 2474/2289/774 2468/2290/774
f 623/513/774 620/538/774 2776/2324/774
f 1947/2307/774 623/513/774 1933/2334/774
f 1933/2334/2066 623/513/2066 1932/2322/2066
f 621/541/774 622/519/774 2633/2309/774
f 622/519/2067 2468/2290/2067 2467/2291/2067
f 2467/2291/2068 2624/2308/2068 622/519/2068
f 2624/2308/774 2633/2309/774 622/519/774
f 1932/2322/774 623/513/774 2775/2323/774
f 2775/2323/2069 623/513/2069 2776/2324/2069
f 621/541/2070 2633/2309/2070 2737/2320/2070
f 621/541/774 2737/2320/774 1921/2321/774
f 621/541/774 1921/2321/774 1901/2333/774
f 2803/2326/2071 2776/2324/2071 620/538/2071
f 2649/2310/774 2803/2326/774 620/538/774
f 621/541/2072 1901/2333/2072 1902/2331/2072
f 621/541/774 1902/2331/774 2535/2298/774
f 2637/2311/774 2649/2310/774 620/538/774
f 2638/2294/2073 2637/2311/2073 620/538/2073
f 621/541/774 2535/2298/774 2519/1450/774
f 621/541/2074 2519/1450/2074 2524/2297/2074
f 2829/2295/774 2638/2294/774 620/538/774
f 2822/1451/774 2829/2295/774 620/538/774
f 621/541/774 2524/2297/774 1817/2318/774
f 1817/2318/774 1821/2328/774 621/541/774
f 1821/2328/2064 2795/2325/2064 621/541/2064
f 2795/2325/774 2791/1449/774 621/541/774
f 2791/1449/2075 2577/2302/2075 621/541/2075
f 2577/2302/2076 2576/2303/2076 621/541/2076
f 2576/2303/774 2587/2304/774 620/538/774
f 2587/2304/2077 2716/2319/2077 620/538/2077
f 2716/2319/774 1880/1447/774 620/538/774
f 1857/2327/774 2822/1451/774 620/538/774
f 1858/1448/2078 1857/2327/2078 620/538/2078
f 620/538/774 621/541/774 2576/2303/774
f 2483/2293/2079 2693/2316/2079 2694/2315/2079
f 2694/2315/2080 2561/2301/2080 2560/2065/2080
f 2560/2065/774 1845/2064/774 2775/2323/774
f 1845/2064/774 1831/2330/774 2669/2313/774
f 1831/2330/2081 1834/2314/2081 2669/2313/2081
f 2669/2313/2082 2668/2312/2082 2598/2305/2082
f 2599/2306/774 1947/2307/774 1933/2334/774
f 2669/2313/2083 2598/2305/2083 2599/2306/2083
f 1845/2064/774 2669/2313/774 2599/2306/774
f 2483/2293/2084 2694/2315/2084 2484/2292/2084
f 2694/2315/774 2560/2065/774 2484/2292/774
f 2468/2290/774 2474/2289/774 2484/2292/774
f 1845/2064/774 2599/2306/774 1933/2334/774
f 2775/2323/774 1845/2064/774 1933/2334/774
f 1933/2334/2085 1932/2322/2085 2775/2323/2085
f 2775/2323/2086 2776/2324/2086 2803/2326/2086
f 2484/2292/774 2560/2065/774 2624/2308/774
f 2467/2291/2087 2468/2290/2087 2624/2308/2087
f 2468/2290/2088 2484/2292/2088 2624/2308/2088
f 2737/2320/2089 2633/2309/2089 2624/2308/2089
f 2560/2065/774 2775/2323/774 2737/2320/774
f 2775/2323/2090 2803/2326/2090 2649/2310/2090
f 2649/2310/2061 2637/2311/2061 2775/2323/2061
f 2637/2311/2091 2638/2294/2091 2829/2295/2091
f 2822/1451/774 2637/2311/774 2829/2295/774
f 2822/1451/2092 1857/2327/2092 1858/1448/2092
f 1858/1448/2093 1880/1447/2093 2716/2319/2093
f 2716/2319/2094 2587/2304/2094 2576/2303/2094
f 2576/2303/2095 2577/2302/2095 2791/1449/2095
f 2791/1449/2096 2795/2325/2096 1821/2328/2096
f 1821/2328/774 1817/2318/774 2519/1450/774
f 1817/2318/2097 2524/2297/2097 2519/1450/2097
f 2519/1450/774 2535/2298/774 1901/2333/774
f 2535/2298/2098 1902/2331/2098 1901/2333/2098
f 1901/2333/774 1921/2321/774 2737/2320/774
f 2737/2320/774 2624/2308/774 2560/2065/774
f 2737/2320/774 2775/2323/774 2637/2311/774
f 2637/2311/774 2822/1451/774 1901/2333/774
f 2737/2320/774 2637/2311/774 1901/2333/774
f 2822/1451/2099 1858/1448/2099 2791/1449/2099
f 1858/1448/2074 2716/2319/2074 2791/1449/2074
f 2716/2319/2100 2576/2303/2100 2791/1449/2100
f 2791/1449/2074 1821/2328/2074 2519/1450/2074
f 2519/1450/774 1901/2333/774 2822/1451/774
f 2941/1526/848 2583/1944/848 370/345/848
f 370/345/848 749/543/848 2908/1525/848
f 749/543/848 2609/2059/848 2908/1525/848
f 495/419/848 624/559/848 2582/1527/848
f 2908/1525/848 2609/2059/848 2608/1528/848
f 2582/1527/848 2583/1944/848 2941/1526/848
f 2941/1526/848 2908/1525/848 2608/1528/848
f 373/558/849 499/422/849 2735/1529/849
f 2582/1527/2101 2578/1840/2101 625/1454/2101
f 625/1454/849 498/418/849 2608/1528/849
f 498/418/2102 2607/1950/2102 2608/1528/2102
f 2735/1529/2101 2578/1840/2101 2582/1527/2101
f 2608/1528/2102 2607/1950/2102 2945/1530/2102
f 2735/1529/849 2582/1527/849 2945/1530/849
f 2735/1529/850 2734/1838/850 500/420/850
f 500/420/850 377/557/850 2945/1530/850
f 377/557/850 2944/1946/850 2945/1530/850
f 378/556/850 503/555/850 2745/1531/850
f 2745/1531/851 2734/1838/851 2735/1529/851
f 2945/1530/851 2944/1946/851 2949/1532/851
f 2745/1531/851 2735/1529/851 2945/1530/851
f 2746/1845/2103 504/1426/2103 2745/1531/2103
f 504/1426/852 381/554/852 2745/1531/852
f 381/554/2104 2947/1953/2104 2949/1532/2104
f 2956/1534/2105 2952/1958/2105 382/1413/2105
f 382/1413/852 2755/1224/852 2956/1534/852
f 2755/1224/852 2033/1030/852 2036/1017/852
f 2036/1017/852 2033/1030/852 2772/1536/852
f 2033/1030/852 507/1431/852 2772/1536/852
f 2949/1532/2106 2947/1953/2106 2314/1392/2106
f 2949/1532/852 2314/1392/852 2313/1218/852
f 2504/1207/2107 2746/1845/2107 2745/1531/2107
f 2745/1531/852 2949/1532/852 2313/1218/852
f 2759/1219/852 2754/1533/852 2036/1017/852
f 2745/1531/852 2313/1218/852 1997/1019/852
f 2313/1218/854 2759/1219/854 1997/1019/854
f 1997/1019/852 2504/1207/852 2745/1531/852
f 2036/1017/852 1998/1016/852 2759/1219/852
f 2504/1207/2108 1997/1019/2108 1998/1016/2108
f 1998/1016/852 2036/1017/852 2772/1536/852
f 2772/1536/853 2763/1535/853 2504/1207/853
f 2754/1533/852 2759/1219/852 2956/1534/852
f 2759/1219/2109 2313/1218/2109 2314/1392/2109
f 2956/1534/2105 2314/1392/2105 2952/1958/2105
f 2036/1017/855 2037/1027/855 508/1430/855
f 508/1430/856 385/1414/856 2036/1017/856
f 385/1414/855 2757/1229/855 2754/1533/855
f 2959/1537/859 2955/1540/859 386/350/859
f 386/350/855 2782/1247/855 2959/1537/855
f 2093/1039/855 2095/1048/855 2786/1539/855
f 2095/1048/855 511/425/855 2786/1539/855
f 2093/1039/855 2786/1539/855 2036/1017/855
f 2786/1539/857 2773/1538/857 2772/1536/857
f 2036/1017/855 2786/1539/855 2772/1536/855
f 2036/1017/2110 2029/1018/2110 2062/1041/2110
f 2780/1241/858 2093/1039/858 2062/1041/858
f 2029/1018/855 2036/1017/855 2754/1533/855
f 2780/1241/855 2062/1041/855 2779/1240/855
f 2062/1041/2111 2029/1018/2111 2779/1240/2111
f 2758/1220/2112 2779/1240/2112 2029/1018/2112
f 2959/1537/855 2780/1241/855 2754/1533/855
f 2780/1241/858 2779/1240/858 2754/1533/858
f 2779/1240/2113 2758/1220/2113 2754/1533/2113
f 2754/1533/855 2956/1534/855 2959/1537/855
f 2095/1048/855 2093/1039/855 2780/1241/855
f 2959/1537/860 2780/1241/860 2778/1250/860
f 2778/1250/860 2761/1239/860 2959/1537/860
f 2761/1239/860 2756/1238/860 2959/1537/860
f 515/428/2114 2787/1856/2114 2798/1543/2114
f 2963/1541/2115 2960/1542/2115 390/353/2115
f 515/428/860 2798/1543/860 2963/1541/860
f 2786/1539/860 512/423/860 2032/1036/860
f 2032/1036/860 2030/1035/860 2786/1539/860
f 2030/1035/860 2064/1045/860 2786/1539/860
f 2787/1856/861 2786/1539/861 2798/1543/861
f 2786/1539/860 2093/1039/860 2798/1543/860
f 2096/1040/861 2780/1241/861 2963/1541/861
f 2780/1241/860 2959/1537/860 2963/1541/860
f 2093/1039/861 2096/1040/861 2798/1543/861
f 2963/1541/860 2798/1543/860 2096/1040/860
f 2778/1250/860 2780/1241/860 2093/1039/860
f 2778/1250/860 2093/1039/860 2064/1045/860
f 2032/1036/861 2756/1238/861 2030/1035/861
f 2756/1238/2116 2761/1239/2116 2030/1035/2116
f 2761/1239/860 2778/1250/860 2064/1045/860
f 2798/1543/863 516/426/863 2094/1047/863
f 2097/1055/864 2781/1248/864 2963/1541/864
f 2781/1248/863 393/352/863 2963/1541/863
f 2798/1543/864 2094/1047/864 2097/1055/864
f 519/431/863 2799/1860/863 2818/1545/863
f 2967/1544/863 2964/1968/863 394/356/863
f 519/431/863 2818/1545/863 2967/1544/863
f 2799/1860/863 2798/1543/863 2818/1545/863
f 2798/1543/863 2963/1541/863 2818/1545/863
f 2963/1541/863 2964/1968/863 2967/1544/863
f 397/355/865 2967/1544/865 2818/1545/865
f 1874/1548/865 2968/1972/865 398/359/865
f 523/434/866 2819/1864/866 1867/1547/866
f 1867/1547/866 1865/1546/866 523/434/866
f 1865/1546/865 1874/1548/865 398/359/865
f 2967/1544/866 2968/1972/866 1874/1548/866
f 1865/1546/866 1867/1547/866 2818/1545/866
f 1867/1547/866 2819/1864/866 2818/1545/866
f 2967/1544/866 1874/1548/866 1865/1546/866
f 524/432/869 401/358/869 1865/1546/869
f 527/437/2117 1869/1868/2117 1868/1549/2117
f 402/362/868 527/437/868 1866/1550/868
f 1873/1551/2118 1872/1552/2118 402/362/2118
f 1866/1550/868 1865/1546/868 1873/1551/868
f 1865/1546/868 1874/1548/868 1873/1551/868
f 1869/1868/2119 1867/1547/2119 1868/1549/2119
f 1867/1547/868 1865/1546/868 1866/1550/868
f 1868/1549/872 528/435/872 1866/1550/872
f 528/435/872 405/361/872 1866/1550/872
f 2976/1554/2120 2973/1978/2120 406/365/2120
f 531/440/2121 2827/1872/2121 2838/1553/2121
f 2838/1553/872 2976/1554/872 406/365/872
f 2827/1872/2121 1868/1549/2121 2838/1553/2121
f 1868/1549/871 1866/1550/871 2838/1553/871
f 1866/1550/871 1873/1551/871 2976/1554/871
f 1873/1551/2120 2973/1978/2120 2976/1554/2120
f 409/364/2122 2976/1554/2122 2838/1553/2122
f 2978/1556/2123 2977/1981/2123 410/553/2123
f 535/552/2124 2839/1876/2124 2842/1555/2124
f 2842/1555/873 2978/1556/873 410/553/873
f 2839/1876/2124 2838/1553/2124 2842/1555/2124
f 2838/1553/873 2976/1554/873 2842/1555/873
f 2976/1554/2123 2977/1981/2123 2978/1556/2123
f 414/551/874 2978/1556/874 2842/1555/874
f 2984/1557/2125 2979/1986/2125 415/368/2125
f 540/441/2126 2843/1878/2126 2855/1558/2126
f 2855/1558/874 2984/1557/874 540/441/874
f 2855/1558/2127 2843/1878/2127 2842/1555/2127
f 2842/1555/874 2978/1556/874 2984/1557/874
f 2978/1556/2128 2979/1986/2128 2984/1557/2128
f 541/1559/875 418/367/875 2984/1557/875
f 544/444/876 2856/1561/876 2985/1560/876
f 2855/1558/875 2984/1557/875 2985/1560/875
f 422/371/2129 2986/1988/2129 2985/1560/2129
f 2856/1561/2130 2858/1880/2130 545/1562/2130
f 422/371/877 2985/1560/877 2856/1561/877
f 548/447/877 2866/1564/877 2989/1563/877
f 2866/1564/2131 2858/1880/2131 2856/1561/2131
f 2856/1561/877 2985/1560/877 2866/1564/877
f 2985/1560/2132 2986/1988/2132 2989/1563/2132
f 426/374/2133 2990/1992/2133 2989/1563/2133
f 2866/1564/2134 2865/1883/2134 549/1565/2134
f 426/374/878 2989/1563/878 549/1565/878
f 427/375/878 552/450/878 2875/1566/878
f 2875/1566/2135 2865/1883/2135 2866/1564/2135
f 2866/1564/878 2989/1563/878 2875/1566/878
f 2989/1563/2133 2990/1992/2133 2994/1567/2133
f 430/377/2136 2993/1996/2136 2994/1567/2136
f 2875/1566/2137 2873/1886/2137 553/1568/2137
f 430/377/879 2994/1567/879 2875/1566/879
f 556/453/879 2888/1570/879 2998/1569/879
f 2888/1570/879 2873/1886/879 2875/1566/879
f 2875/1566/879 2994/1567/879 2888/1570/879
f 2994/1567/2136 2993/1996/2136 2998/1569/2136
f 434/380/880 2997/2000/880 2998/1569/880
f 2888/1570/880 2887/1889/880 557/1571/880
f 434/380/880 2998/1569/880 2888/1570/880
f 560/456/880 2896/1573/880 3001/1572/880
f 2896/1573/2138 2887/1889/2138 2888/1570/2138
f 2888/1570/880 2998/1569/880 2896/1573/880
f 2998/1569/2139 2997/2000/2139 3001/1572/2139
f 438/383/881 3002/2003/881 3001/1572/881
f 2896/1573/881 2895/1893/881 561/1574/881
f 438/383/881 3001/1572/881 2896/1573/881
f 564/549/881 2907/1576/881 3005/1575/881
f 2907/1576/881 2895/1893/881 2896/1573/881
f 2896/1573/881 3001/1572/881 2907/1576/881
f 3001/1572/881 3002/2003/881 3005/1575/881
f 442/548/2140 3006/2009/2140 3005/1575/2140
f 2907/1576/2141 2906/1896/2141 565/1438/2141
f 442/548/882 3005/1575/882 2907/1576/882
f 568/546/882 2913/1578/882 3010/1577/882
f 2913/1578/2141 2906/1896/2141 2907/1576/2141
f 2907/1576/882 3005/1575/882 2913/1578/882
f 3005/1575/2140 3006/2009/2140 3010/1577/2140
f 2913/1578/2142 2912/1899/2142 569/1440/2142
f 446/545/2143 3009/2011/2143 3010/1577/2143
f 3010/1577/885 2913/1578/885 569/1440/885
f 447/1425/884 1968/1360/884 1912/1362/884
f 3014/1580/884 1911/1361/884 1912/1362/884
f 1912/1362/2144 1968/1360/2144 3014/1580/2144
f 1968/1360/885 2411/1185/885 3014/1580/885
f 2411/1185/2145 2395/1188/2145 2923/1579/2145
f 2395/1188/884 2398/1187/884 2923/1579/884
f 572/1444/886 2398/1187/886 2395/1188/886
f 2912/1899/2146 2913/1578/2146 2923/1579/2146
f 2913/1578/886 3010/1577/886 3014/1580/886
f 3010/1577/2147 3009/2011/2147 3014/1580/2147
f 2923/1579/2148 2849/1903/2148 573/1581/2148
f 450/1582/887 3013/2015/887 3014/1580/887
f 3014/1580/887 2923/1579/887 450/1582/887
f 3021/1583/2149 3017/2017/2149 451/384/2149
f 576/459/888 2844/1585/888 2851/1584/888
f 2851/1584/887 2419/1192/887 576/459/887
f 2419/1192/887 2415/1198/887 576/459/887
f 2415/1198/2150 2427/1199/2150 576/459/2150
f 2019/1368/887 3021/1583/887 451/384/887
f 2010/1374/887 2019/1368/887 451/384/887
f 576/459/887 2427/1199/887 2110/1201/887
f 2060/1373/2151 2010/1374/2151 451/384/2151
f 576/459/887 2110/1201/887 451/384/887
f 2008/1367/2149 3017/2017/2149 3021/1583/2149
f 2417/1193/887 2419/1192/887 2851/1584/887
f 3014/1580/887 3013/2015/887 2008/1367/887
f 2008/1367/887 2019/1368/887 3014/1580/887
f 2019/1368/887 2419/1192/887 3014/1580/887
f 2419/1192/887 2417/1193/887 2923/1579/887
f 2417/1193/2148 2849/1903/2148 2923/1579/2148
f 2415/1198/2152 2419/1192/2152 2110/1201/2152
f 2419/1192/887 2019/1368/887 2110/1201/887
f 2019/1368/2152 2010/1374/2152 2110/1201/2152
f 2010/1374/2153 2060/1373/2153 2110/1201/2153
f 2851/1584/891 577/1908/891 2418/1197/891
f 2009/1370/890 454/386/890 3021/1583/890
f 3025/1587/2154 3020/2021/2154 455/387/2154
f 455/387/890 580/462/890 2861/1586/890
f 580/462/2155 2852/1909/2155 2861/1586/2155
f 2419/1192/890 2416/1191/890 2851/1584/890
f 2416/1191/890 2429/1190/890 2851/1584/890
f 2861/1586/2156 2852/1909/2156 2851/1584/2156
f 3021/1583/2157 3020/2021/2157 3025/1587/2157
f 2861/1586/890 2851/1584/890 2429/1190/890
f 2861/1586/891 2429/1190/891 2109/1202/891
f 2019/1368/890 3021/1583/890 2013/1369/890
f 3021/1583/890 3025/1587/890 2057/1366/890
f 2057/1366/890 2013/1369/890 3021/1583/890
f 2861/1586/890 2109/1202/890 3025/1587/890
f 2109/1202/891 2429/1190/891 2416/1191/891
f 2416/1191/890 2419/1192/890 2109/1202/890
f 2419/1192/890 2019/1368/890 2109/1202/890
f 2013/1369/890 2057/1366/890 2109/1202/890
f 2019/1368/890 2419/1192/890 2418/1197/890
f 2861/1586/892 581/1913/892 458/389/892
f 3024/2027/2158 459/390/2158 3029/1589/2158
f 459/390/892 584/465/892 3029/1589/892
f 584/465/2159 2860/1915/2159 2870/1588/2159
f 2870/1588/2159 2860/1915/2159 2861/1586/2159
f 3025/1587/2158 3024/2027/2158 3029/1589/2158
f 3029/1589/892 2870/1588/892 3025/1587/892
f 585/1590/2160 462/392/2160 3029/1589/2160
f 3028/2029/893 463/393/893 3033/1592/893
f 463/393/893 588/468/893 3033/1592/893
f 588/468/893 2869/1917/893 2899/1591/893
f 2899/1591/893 2869/1917/893 2870/1588/893
f 3029/1589/893 3028/2029/893 3033/1592/893
f 3033/1592/893 2899/1591/893 3029/1589/893
f 589/1593/894 466/395/894 3033/1592/894
f 3032/2035/2161 467/396/2161 3037/1595/2161
f 467/396/894 592/471/894 3037/1595/894
f 592/471/2162 2898/1922/2162 2916/1594/2162
f 2916/1594/2162 2898/1922/2162 2899/1591/2162
f 3033/1592/2161 3032/2035/2161 3037/1595/2161
f 3037/1595/894 2916/1594/894 2899/1591/894
f 593/1596/895 470/398/895 3037/1595/895
f 3036/2039/2163 471/399/2163 3041/1598/2163
f 471/399/895 596/474/895 3041/1598/895
f 596/474/2164 2915/1925/2164 2919/1597/2164
f 2919/1597/2165 2915/1925/2165 2916/1594/2165
f 3037/1595/2163 3036/2039/2163 3041/1598/2163
f 3041/1598/895 2919/1597/895 2916/1594/895
f 597/1599/896 474/401/896 3041/1598/896
f 3040/2041/2166 475/402/2166 3042/1601/2166
f 475/402/896 600/477/896 3042/1601/896
f 600/477/2166 2920/1928/2166 2927/1600/2166
f 2927/1600/2166 2920/1928/2166 2919/1597/2166
f 3041/1598/2166 3040/2041/2166 3042/1601/2166
f 3042/1601/896 2927/1600/896 2919/1597/896
f 601/1602/897 478/404/897 3042/1601/897
f 2884/2045/2167 479/405/2167 2885/1604/2167
f 479/405/898 604/482/898 2885/1604/898
f 604/482/2168 2926/1932/2168 2929/1603/2168
f 3042/1601/2169 2884/2045/2169 2885/1604/2169
f 2929/1603/2170 2926/1932/2170 2927/1600/2170
f 3042/1601/897 2885/1604/897 2929/1603/897
f 482/407/899 2885/1604/899 2929/1603/899
f 2883/1605/899 483/410/899 608/485/899
f 2932/1606/899 2929/1603/899 2885/1604/899
f 2932/1606/2171 2931/1936/2171 609/483/2171
f 609/483/900 486/409/900 2883/1605/900
f 486/409/2172 2882/2052/2172 2883/1605/2172
f 487/413/901 612/488/901 2936/1607/901
f 2936/1607/2171 2931/1936/2171 2932/1606/2171
f 2883/1605/2172 2882/2052/2172 2892/1608/2172
f 2936/1607/901 2932/1606/901 2892/1608/901
f 2936/1607/902 2935/1939/902 613/486/902
f 613/486/902 490/412/902 2892/1608/902
f 490/412/902 2891/2054/902 2892/1608/902
f 2903/1609/902 491/416/902 616/491/902
f 2940/1610/902 2935/1939/902 2936/1607/902
f 2892/1608/902 2891/2054/902 2903/1609/902
f 2940/1610/902 2936/1607/902 2903/1609/902
f 2908/1525/903 750/544/903 369/347/903
f 2940/1610/903 2939/1941/903 617/489/903
f 617/489/903 494/415/903 2903/1609/903
f 494/415/903 2902/2057/903 2903/1609/903
f 2903/1609/903 2902/2057/903 2908/1525/903
f 2941/1526/903 2939/1941/903 2940/1610/903
f 2940/1610/903 2903/1609/903 2941/1526/903
f 1906/1611/2173 1905/2060/2173 751/1612/2173
f 1907/1614/2173 1905/2060/2173 1906/1611/2173
f 1906/1611/904 1903/1613/904 1904/1615/904
f 1903/1613/904 653/1480/904 1904/1615/904
f 493/1616/905 1922/1639/905 1923/1617/905
f 1923/1617/2174 1922/1639/2174 1903/1613/2174
f 1922/1639/905 654/1481/905 1903/1613/905
f 654/1481/2174 752/567/2174 1903/1613/2174
f 1906/1611/905 1924/1618/905 1923/1617/905
f 1937/1627/2175 652/1468/2175 1941/1625/2175
f 652/1468/2175 1943/1619/2175 1940/1621/2175
f 1941/1625/2176 652/1468/2176 1940/1621/2176
f 1943/1619/906 1946/1390/906 1939/1620/906
f 1942/1622/906 1946/1390/906 1943/1619/906
f 497/1624/906 1936/1626/906 1904/1615/906
f 1936/1626/2177 1937/1627/2177 1904/1615/2177
f 1904/1615/906 1907/1614/906 497/1624/906
f 1938/1377/906 1948/1375/906 1907/1614/906
f 1948/1375/2178 1949/1623/2178 1907/1614/2178
f 1907/1614/906 1904/1615/906 1938/1377/906
f 1904/1615/906 1937/1627/906 1941/1625/906
f 1938/1377/906 1904/1615/906 1939/1620/906
f 1946/1390/907 1945/1381/907 1939/1620/907
f 1945/1381/906 1938/1377/906 1939/1620/906
f 1940/1621/906 1939/1620/906 1904/1615/906
f 1945/1381/907 1946/1390/907 1942/1622/907
f 1942/1622/906 1948/1375/906 1945/1381/906
f 1965/1629/910 437/382/910 1961/1339/910
f 1961/1339/910 1962/1336/910 1965/1629/910
f 1966/1630/911 1826/1342/911 1825/1334/911
f 1963/1335/910 1962/1336/910 1960/1632/910
f 1959/1631/910 1966/1630/910 1825/1334/910
f 1825/1334/910 1963/1335/910 1960/1632/910
f 1960/1632/910 668/1474/910 1959/1631/910
f 1964/1628/910 1962/1336/910 1963/1335/910
f 1963/1335/910 1825/1334/910 1964/1628/910
f 1825/1334/910 1826/1342/910 1964/1628/910
f 1960/1632/910 1962/1336/910 1961/1339/910
f 1979/1634/913 433/379/913 1975/1332/913
f 1975/1332/913 1976/1327/913 1980/1633/913
f 1981/1337/2179 1982/1341/2179 436/2005/2179
f 436/2005/913 1964/1628/913 1981/1337/913
f 1977/1326/913 1976/1327/913 1974/1635/913
f 1974/1635/913 669/1475/913 1960/1632/913
f 1960/1632/913 1962/1336/913 1978/1325/913
f 1978/1325/913 1977/1326/913 1974/1635/913
f 1980/1633/913 1976/1327/913 1977/1326/913
f 1977/1326/913 1978/1325/913 1980/1633/913
f 1978/1325/913 1962/1336/913 1964/1628/913
f 1980/1633/913 1978/1325/913 1964/1628/913
f 1981/1337/913 1962/1336/913 1960/1632/913
f 489/1636/917 2006/1643/917 2007/1637/917
f 2007/1637/917 2006/1643/917 1922/1639/917
f 2006/1643/917 655/1483/917 1922/1639/917
f 655/1483/2180 492/414/2180 1922/1639/2180
f 1923/1617/915 2012/1638/915 2007/1637/915
f 2026/1642/2181 2028/2050/2181 485/1640/2181
f 485/1640/2182 656/1482/2182 2027/1641/2182
f 656/1482/2183 488/411/2183 2006/1643/2183
f 2007/1637/2184 2028/2050/2184 2026/1642/2184
f 2026/1642/918 2027/1641/918 2006/1643/918
f 2027/1641/918 656/1482/918 2006/1643/918
f 2048/1644/921 2049/1650/921 449/1424/921
f 2049/1650/2185 2050/2014/2185 449/1424/2185
f 452/1645/2186 2052/2020/2186 2051/1646/2186
f 2051/1646/2186 2052/2020/2186 2049/1650/2186
f 2052/2020/2187 2050/2014/2187 2049/1650/2187
f 2049/1650/921 2048/1644/921 2051/1646/921
f 2048/1644/921 665/1471/921 2047/1647/921
f 665/1471/2188 452/1645/2188 2047/1647/2188
f 445/1422/923 2053/1651/923 2055/1648/923
f 666/1472/923 2048/1644/923 2053/1651/923
f 2048/1644/923 2049/1650/923 2053/1651/923
f 2049/1650/922 2054/1649/922 2055/1648/922
f 441/1420/2189 667/1473/2189 1959/1631/2189
f 1959/1631/925 1966/1630/925 441/1420/925
f 2055/1648/924 2061/1652/924 1966/1630/924
f 1966/1630/2190 1959/1631/2190 2055/1648/2190
f 1959/1631/2190 667/1473/2190 2053/1651/2190
f 667/1473/2191 444/1421/2191 2053/1651/2191
f 2069/1654/927 657/1488/927 2027/1641/927
f 2027/1641/927 2026/1642/927 2069/1654/927
f 456/1655/2192 2076/2024/2192 2075/1656/2192
f 2075/1656/2192 2076/2024/2192 2051/1646/2192
f 2051/1646/928 2047/1647/928 2075/1656/928
f 2047/1647/928 664/1470/928 2074/1657/928
f 664/1470/2193 456/1655/2193 2074/1657/2193
f 480/1660/2194 2078/2048/2194 2070/1653/2194
f 658/1487/2195 480/1660/2195 2069/1654/2195
f 2070/1653/2196 2078/2048/2196 2079/1658/2196
f 658/1487/930 2069/1654/930 2077/1659/930
f 2069/1654/930 2070/1653/930 2077/1659/930
f 2092/1661/932 473/400/932 659/1486/932
f 476/1663/2197 2091/2044/2197 2079/1658/2197
f 659/1486/2198 476/1663/2198 2077/1659/2198
f 2079/1658/2199 2091/2044/2199 2092/1661/2199
f 659/1486/932 2077/1659/932 2090/1662/932
f 2077/1659/932 2079/1658/932 2090/1662/932
f 461/391/2200 662/1484/2200 2105/1664/2200
f 464/1666/2201 2107/2032/2201 2106/1667/2201
f 662/1484/2202 464/1666/2202 2104/1668/2202
f 2106/1667/2203 2107/2032/2203 2108/1665/2203
f 662/1484/935 2104/1668/935 2105/1664/935
f 2104/1668/933 2106/1667/933 2105/1664/933
f 460/1669/2204 2116/2028/2204 2108/1665/2204
f 2108/1665/2205 2116/2028/2205 2075/1656/2205
f 2075/1656/936 2074/1657/936 2108/1665/936
f 2074/1657/936 663/1469/936 2105/1664/936
f 468/1670/2206 2123/2036/2206 2122/1671/2206
f 2122/1671/2206 2123/2036/2206 2106/1667/2206
f 2106/1667/937 2104/1668/937 2122/1671/937
f 2104/1668/937 661/1485/937 2121/1672/937
f 469/397/2207 660/1489/2207 2121/1672/2207
f 472/1673/2208 2124/2040/2208 2092/1661/2208
f 2121/1672/938 660/1489/938 2090/1662/938
f 2092/1661/2208 2124/2040/2208 2122/1671/2208
f 2121/1672/938 2090/1662/938 2092/1661/938
f 570/1442/940 2130/1902/940 2131/1674/940
f 575/1445/2209 694/1496/2209 1995/1676/2209
f 2131/1674/940 2130/1902/940 2132/1677/940
f 2132/1677/939 1995/1676/939 1989/1675/939
f 1995/1676/940 694/1496/940 1989/1675/940
f 694/1496/2210 570/1442/2210 1989/1675/2210
f 610/1678/2211 2139/1935/2211 2138/1679/2211
f 615/487/2212 704/1503/2212 1996/1681/2212
f 2138/1679/2213 2139/1935/2213 2140/1682/2213
f 2140/1682/941 1996/1681/941 2138/1679/941
f 1996/1681/941 704/1503/941 2141/1680/941
f 704/1503/2214 610/1678/2214 2141/1680/2214
f 2145/1683/943 2146/1687/943 546/445/943
f 2149/1131/943 1954/1134/943 688/1493/943
f 688/1493/943 2151/1129/943 2150/1130/943
f 2145/1683/2215 2147/1684/2215 2148/1686/2215
f 2148/1686/943 1950/1685/943 2146/1687/943
f 1950/1685/2216 1954/1134/2216 2149/1131/2216
f 2146/1687/943 1950/1685/943 2149/1131/943
f 2149/1131/943 2150/1130/943 2146/1687/943
f 2151/1129/943 546/445/943 2146/1687/943
f 2146/1687/943 2145/1683/943 2148/1686/943
f 505/1427/2217 2165/1214/2217 2166/1213/2217
f 2044/1694/945 2162/1691/945 1836/1029/945
f 2162/1691/2217 2161/1689/2217 1836/1029/2217
f 2004/1015/945 2005/1022/945 1843/1693/945
f 2005/1022/945 2044/1694/945 1843/1693/945
f 1843/1693/945 635/1456/945 1822/1688/945
f 2004/1015/945 1843/1693/945 1822/1688/945
f 2162/1691/945 2044/1694/945 2005/1022/945
f 2005/1022/2217 2004/1015/2217 2162/1691/2217
f 2004/1015/945 2166/1213/945 2160/1690/945
f 2160/1690/2218 2163/1692/2218 2162/1691/2218
f 2163/1692/2219 2161/1689/2219 2162/1691/2219
f 2163/1692/2220 2160/1690/2220 2166/1213/2220
f 1836/1029/2221 635/1456/2221 1843/1693/2221
f 2162/1691/946 2044/1694/946 1844/1032/946
f 2100/1044/2222 2176/1696/2222 2103/1056/2222
f 2176/1696/2223 2175/1852/2223 514/424/2223
f 2100/1044/946 2177/1697/946 2068/1042/946
f 2177/1697/946 636/1460/946 1843/1693/946
f 2068/1042/2224 2177/1697/2224 2045/1021/2224
f 1843/1693/2225 2044/1694/2225 2045/1021/2225
f 2176/1696/946 2100/1044/946 2068/1042/946
f 2068/1042/2224 2045/1021/2224 2044/1694/2224
f 2044/1694/2225 2162/1691/2225 2176/1696/2225
f 2162/1691/2226 2175/1852/2226 2176/1696/2226
f 1877/1698/2227 2223/1701/2227 2218/1109/2227
f 537/1436/949 2198/1700/949 1878/1706/949
f 1877/1698/2228 2218/1109/2228 1871/1107/2228
f 537/1436/2229 1878/1706/2229 1877/1698/2229
f 1886/1699/949 1878/1706/949 2198/1700/949
f 543/443/2230 2221/1105/2230 2220/1702/2230
f 2221/1105/2231 2222/1106/2231 2220/1702/2231
f 1871/1107/2232 2218/1109/2232 2201/1704/2232
f 2198/1700/949 2219/1703/949 2220/1702/949
f 2220/1702/949 2222/1106/949 2218/1109/949
f 2218/1109/949 2223/1701/949 2220/1702/949
f 1886/1699/2233 2223/1701/2233 1877/1698/2233
f 2201/1704/949 2222/1106/949 2221/1105/949
f 2246/1121/955 2237/1103/955 2223/1701/955
f 2237/1103/955 2218/1109/955 2223/1701/955
f 2223/1701/955 1859/1708/955 1861/1120/955
f 2249/1513/2234 685/560/2234 643/561/2234
f 643/561/955 1888/1093/955 2226/1099/955
f 2228/1100/955 2218/1109/955 2201/1704/955
f 643/561/2235 2226/1099/2235 2228/1100/2235
f 2201/1704/2236 2249/1513/2236 643/561/2236
f 2250/1707/2237 2201/1704/2237 2218/1109/2237
f 2237/1103/955 2246/1121/955 685/560/955
f 2246/1121/2238 1861/1120/2238 685/560/2238
f 2250/1707/955 2218/1109/955 2237/1103/955
f 685/560/2239 2249/1513/2239 2200/1705/2239
f 2200/1705/2240 2250/1707/2240 685/560/2240
f 1859/1708/957 2223/1701/957 1886/1699/957
f 2218/1109/955 2228/1100/955 1885/1709/955
f 2228/1100/955 2226/1099/955 1888/1093/955
f 1885/1709/955 2228/1100/955 1888/1093/955
f 2273/1710/960 1908/1716/960 371/1711/960
f 2275/1713/959 628/1453/959 1890/1714/959
f 2273/1710/959 2278/1712/959 2275/1713/959
f 1893/1715/2241 1890/1714/2241 707/1500/2241
f 2273/1710/960 2275/1713/960 1893/1715/960
f 707/1500/2242 371/1711/2242 1908/1716/2242
f 1908/1716/960 2273/1710/960 1893/1715/960
f 626/1455/2243 2281/1719/2243 2275/1713/2243
f 2280/1718/961 1894/1717/961 2275/1713/961
f 1894/1717/961 633/1459/961 1893/1715/961
f 2275/1713/961 1894/1717/961 1893/1715/961
f 1891/1721/2244 632/1458/2244 708/565/2244
f 708/565/2244 627/1452/2244 1892/1720/2244
f 1892/1720/2245 1895/1722/2245 1891/1721/2245
f 501/1723/2246 2291/1843/2246 2280/1718/2246
f 1813/1212/2247 634/1457/2247 1822/1688/2247
f 2160/1690/2248 506/1428/2248 1813/1212/2248
f 2166/1213/965 1822/1688/965 2293/1206/965
f 1822/1688/965 634/1457/965 1894/1717/965
f 2293/1206/965 1822/1688/965 2294/1204/965
f 634/1457/2249 501/1723/2249 1894/1717/2249
f 2280/1718/2246 2291/1843/2246 2292/1203/2246
f 1894/1717/965 2280/1718/965 2294/1204/965
f 2294/1204/965 1822/1688/965 1894/1717/965
f 2293/1206/2250 2294/1204/2250 2292/1203/2250
f 2292/1203/965 2160/1690/965 2293/1206/965
f 2300/1164/967 1899/1727/967 2297/1724/967
f 1899/1727/967 566/1437/967 2297/1724/967
f 2299/1172/967 2131/1674/967 2301/1162/967
f 2131/1674/967 1989/1675/967 2301/1162/967
f 1989/1675/967 693/1495/967 1900/1726/967
f 1900/1726/967 2300/1164/967 2302/1163/967
f 1900/1726/966 2302/1163/966 2301/1162/966
f 2302/1163/967 2300/1164/967 2298/1725/967
f 2298/1725/967 2297/1724/967 2299/1172/967
f 2299/1172/2251 2301/1162/2251 2302/1163/2251
f 2327/1155/969 1986/1160/969 2326/1728/969
f 1986/1160/969 562/457/969 2325/1729/969
f 567/1439/2252 692/1494/2252 1900/1726/2252
f 1900/1726/969 2300/1164/969 567/1439/969
f 692/1494/2253 1987/1158/2253 1984/1730/2253
f 1987/1158/2254 1986/1160/2254 1984/1730/2254
f 1984/1730/969 2327/1155/969 2329/1154/969
f 2300/1164/969 1900/1726/969 2328/1156/969
f 1900/1726/969 692/1494/969 1984/1730/969
f 2328/1156/969 1900/1726/969 1984/1730/969
f 2328/1156/2255 2329/1154/2255 2326/1728/2255
f 2329/1154/969 2327/1155/969 2326/1728/969
f 2326/1728/969 2325/1729/969 2298/1725/969
f 2298/1725/969 2300/1164/969 2328/1156/969
f 2337/1731/2256 1918/1734/2256 618/1732/2256
f 2337/1731/2257 2338/1733/2257 2273/1710/2257
f 2273/1710/2256 1908/1716/2256 2337/1731/2256
f 1908/1716/972 706/1501/972 1918/1734/972
f 2347/1739/2258 2346/1871/2258 534/439/2258
f 534/439/2259 1935/1089/2259 1925/1738/2259
f 1935/1089/2260 1929/1086/2260 1925/1738/2260
f 2347/1739/974 1925/1738/974 2349/1736/974
f 1925/1738/974 1929/1086/974 2213/1087/974
f 2349/1736/974 1925/1738/974 2213/1087/974
f 2348/1735/2258 2346/1871/2258 2347/1739/2258
f 1859/1708/976 2223/1701/976 2198/1700/976
f 2198/1700/2261 2354/1875/2261 1859/1708/2261
f 2354/1875/978 539/1434/978 1859/1708/978
f 539/1434/2262 1870/2066/2262 1860/1741/2262
f 2347/1739/2263 2354/1875/2263 2198/1700/2263
f 2198/1700/978 2223/1701/978 1925/1738/978
f 2223/1701/978 1885/1709/978 1925/1738/978
f 1885/1709/976 1887/1094/976 1930/1095/976
f 1930/1095/978 1925/1738/978 1885/1709/978
f 1860/1741/2264 1870/2066/2264 2223/1701/2264
f 1870/2066/2265 1877/1698/2265 2223/1701/2265
f 1885/1709/2266 2223/1701/2266 1877/1698/2266
f 1877/1698/2267 1875/1097/2267 1885/1709/2267
f 2148/1686/983 1950/1685/983 550/448/983
f 1969/1141/2268 2342/1139/2268 2360/1743/2268
f 2330/1137/983 2342/1139/983 1970/1744/983
f 689/1512/983 1956/1136/983 2330/1137/983
f 1956/1136/2269 550/448/2269 1950/1685/2269
f 2148/1686/2270 2359/1742/2270 2360/1743/2270
f 1956/1136/983 1950/1685/983 2330/1137/983
f 1950/1685/983 2148/1686/983 2342/1139/983
f 2342/1139/983 2330/1137/983 1950/1685/983
f 2342/1139/2271 1972/1145/2271 2360/1743/2271
f 1972/1145/985 554/451/985 2360/1743/985
f 1991/1150/985 2353/1148/985 2363/1746/985
f 690/1511/2272 1973/1143/2272 1970/1744/2272
f 1973/1143/2273 1972/1145/2273 1970/1744/2273
f 1970/1744/985 2342/1139/985 2341/1138/985
f 2353/1148/985 1994/1747/985 2351/1140/985
f 1994/1747/985 690/1511/985 2351/1140/985
f 1970/1744/985 2341/1138/985 690/1511/985
f 2363/1746/985 2353/1148/985 2360/1743/985
f 2353/1148/985 2351/1140/985 2360/1743/985
f 2351/1140/985 2341/1138/985 2360/1743/985
f 2341/1138/985 2342/1139/985 2360/1743/985
f 1991/1150/2274 690/1511/2274 1994/1747/2274
f 2369/1892/988 2363/1746/988 558/454/988
f 2363/1746/988 2353/1148/988 1993/1153/988
f 1983/1157/988 2327/1155/988 2326/1728/988
f 2357/1149/988 2327/1155/988 1984/1730/988
f 1984/1730/988 691/1510/988 1994/1747/988
f 1994/1747/988 2353/1148/988 2352/1147/988
f 2352/1147/2275 2357/1149/2275 1994/1747/2275
f 2369/1892/988 2326/1728/988 2363/1746/988
f 2326/1728/988 2327/1155/988 2363/1746/988
f 2327/1155/988 2357/1149/988 2363/1746/988
f 2357/1149/2276 2352/1147/2276 2363/1746/2276
f 579/461/2277 695/1497/2277 2375/1836/2277
f 2375/1836/2278 2374/1748/2278 579/461/2278
f 2132/1677/2278 1995/1676/2278 574/1446/2278
f 2374/1748/2278 2375/1836/2278 1995/1676/2278
f 2375/1836/2278 695/1497/2278 1995/1676/2278
f 1995/1676/2278 2132/1677/2278 2374/1748/2278
f 2132/1677/990 2376/1750/990 2373/1749/990
f 2140/1682/993 1996/1681/993 614/1751/993
f 619/490/2279 705/1502/2279 1918/1734/2279
f 2337/1731/993 1918/1734/993 2140/1682/993
f 1918/1734/993 705/1502/993 1996/1681/993
f 2140/1682/993 1918/1734/993 1996/1681/993
f 2389/1756/995 2016/1758/995 403/360/995
f 2387/1755/995 2022/1754/995 2016/1758/995
f 2022/1754/996 2020/1273/996 2017/1274/996
f 2016/1758/995 2022/1754/995 2017/1274/995
f 2389/1756/995 2388/1757/995 2387/1755/995
f 2401/1763/999 2399/1764/999 2269/1762/999
f 2399/1764/998 2403/1766/998 2269/1762/998
f 2269/1762/998 2245/1765/998 411/1415/998
f 2245/1765/2280 2196/2068/2280 411/1415/2280
f 2400/1761/997 2058/1760/997 2403/1766/997
f 2058/1760/997 2056/1284/997 2193/1768/997
f 2056/1284/997 2194/1285/997 2193/1768/997
f 2193/1768/997 2403/1766/997 2058/1760/997
f 2403/1766/997 2399/1764/997 2400/1761/997
f 2195/1767/2281 2196/2068/2281 2403/1766/2281
f 2196/2068/2282 2245/1765/2282 2403/1766/2282
f 399/357/2283 2410/1975/2283 2387/1755/2283
f 719/1523/1003 2024/1266/1003 2408/1265/1003
f 2024/1266/2284 399/357/2284 2022/1754/2284
f 2387/1755/2285 2410/1975/2285 2409/1771/2285
f 2024/1266/2286 2022/1754/2286 2127/1770/2286
f 2022/1754/1003 2387/1755/1003 2409/1771/1003
f 2125/1270/1005 2408/1265/1005 2127/1770/1005
f 2408/1265/1003 2024/1266/1003 2127/1770/1003
f 404/1772/520 2003/1281/520 2018/1280/520
f 2016/1758/1008 2389/1756/1008 404/1772/1008
f 2400/1761/1008 2058/1760/1008 407/363/1008
f 2389/1756/1008 2016/1758/1008 2058/1760/1008
f 2016/1758/1008 2018/1280/1008 2039/1277/1008
f 2039/1277/2287 407/363/2287 2058/1760/2287
f 2400/1761/1007 2413/1773/1007 2389/1756/1007
f 2039/1277/1008 2058/1760/1008 2016/1758/1008
f 2422/1777/1011 2114/1779/1011 391/351/1011
f 2420/1246/1011 2232/1244/1011 721/1521/1011
f 721/1521/1009 2115/1258/1009 2421/1254/1009
f 2231/1775/1009 2232/1244/1009 2114/1779/1009
f 2232/1244/1009 2420/1246/1009 2421/1254/1009
f 2421/1254/1009 2115/1258/1009 2114/1779/1009
f 2232/1244/1011 2421/1254/1011 2114/1779/1011
f 2422/1777/2288 2423/1778/2288 2424/1776/2288
f 2114/1779/1009 2422/1777/1009 2424/1776/1009
f 392/1780/2289 2072/1257/2289 2114/1779/2289
f 2072/1257/2290 2113/1255/2290 2114/1779/2290
f 395/354/1012 2433/1971/1012 2409/1771/1012
f 2431/1253/2291 2113/1255/2291 720/1522/2291
f 720/1522/2292 2154/1261/2292 2432/1260/2292
f 2422/1777/2292 2114/1779/2292 2127/1770/2292
f 2114/1779/1012 2113/1255/1012 2432/1260/1012
f 2422/1777/2292 2127/1770/2292 2409/1771/2292
f 2113/1255/2293 2431/1253/2293 2432/1260/2293
f 2154/1261/2294 395/354/2294 2127/1770/2294
f 2409/1771/2292 2433/1971/2292 2422/1777/2292
f 2154/1261/2292 2127/1770/2292 2114/1779/2292
f 2205/1781/1016 2441/1788/1016 417/1987/1016
f 417/1987/2295 2197/1299/2295 2205/1781/2295
f 2439/1297/1016 2208/1303/1016 673/1479/1016
f 673/1479/1016 2279/1305/1016 2440/1308/1016
f 2277/1783/1016 2442/1782/1016 2205/1781/1016
f 2442/1782/1015 2441/1788/1015 2205/1781/1015
f 2205/1781/1016 2208/1303/1016 2439/1297/1016
f 2277/1783/1016 2205/1781/1016 2440/1308/1016
f 2439/1297/2296 2440/1308/2296 2205/1781/2296
f 2279/1305/2297 420/1784/2297 2277/1783/2297
f 2182/1785/1018 2403/1766/1018 2399/1764/1018
f 2180/1786/1023 2182/1785/1023 413/1417/1023
f 2244/1787/2298 2447/1292/2298 2180/1786/2298
f 2447/1292/1018 2403/1766/1018 2180/1786/1018
f 2403/1766/2299 2195/1767/2299 2180/1786/2299
f 2441/1788/1023 2205/1781/1023 416/366/1023
f 2448/1290/1023 2447/1292/1023 2204/1790/1023
f 2204/1790/2300 2447/1292/2300 2244/1787/2300
f 2448/1290/2301 2207/1298/2301 2447/1292/2301
f 2207/1298/1023 2205/1781/1023 2403/1766/1023
f 2441/1788/2302 2449/1789/2302 2399/1764/2302
f 2207/1298/1023 2403/1766/1023 2447/1292/1023
f 2205/1781/1023 2441/1788/1023 2403/1766/1023
f 2195/1767/2303 2403/1766/2303 2182/1785/2303
f 2458/1955/1026 380/1957/1026 2320/1396/1026
f 2307/1397/1030 2312/1398/1030 2459/1791/1030
f 2458/1955/2304 2320/1396/2304 2459/1791/2304
f 2456/1961/2305 2457/1792/2305 383/1412/2305
f 2457/1792/1030 2454/1231/1030 2217/1232/1030
f 2214/1793/1030 2454/1231/1030 2455/1222/1030
f 2305/1221/1026 2312/1398/1026 2324/1794/1026
f 2214/1793/2306 2455/1222/2306 2305/1221/2306
f 2224/1233/2307 2217/1232/2307 2214/1793/2307
f 2305/1221/1026 2324/1794/1026 2214/1793/1026
f 2324/1794/1026 723/1518/1026 2214/1793/1026
f 2457/1792/2308 2456/1961/2308 2458/1955/2308
f 2459/1791/1026 2312/1398/1026 2457/1792/1026
f 2312/1398/2306 2305/1221/2306 2455/1222/2306
f 2457/1792/2309 2458/1955/2309 2459/1791/2309
f 2455/1222/1030 2454/1231/1030 2457/1792/1030
f 2312/1398/1026 2307/1397/1026 2324/1794/1026
f 2307/1397/2310 2320/1396/2310 2324/1794/2310
f 2216/1230/1032 2454/1231/1032 2457/1792/1032
f 387/348/2311 2473/1964/2311 2424/1776/2311
f 2454/1231/1031 2214/1793/1031 2470/1223/1031
f 2214/1793/1031 722/1520/1031 2470/1223/1031
f 722/1520/1031 2235/1243/1031 2471/1242/1031
f 2424/1776/2311 2473/1964/2311 2457/1792/2311
f 2457/1792/1031 2454/1231/1031 2231/1775/1031
f 2454/1231/1032 2470/1223/1032 2471/1242/1032
f 2454/1231/1031 2471/1242/1031 2231/1775/1031
f 2231/1775/1031 2424/1776/1031 2457/1792/1031
f 2235/1243/2312 387/348/2312 2231/1775/2312
f 2271/1300/1035 2269/1762/1035 2403/1766/1035
f 2403/1766/1034 2447/1292/1034 2493/1293/1034
f 2493/1293/1035 2492/1304/1035 2403/1766/1035
f 2488/1282/1034 2192/1288/1034 715/1515/1034
f 715/1515/2313 675/566/2313 2203/1490/2313
f 2203/1490/2314 2204/1790/2314 715/1515/2314
f 2204/1790/1035 2447/1292/1035 2489/1291/1035
f 2489/1291/1034 2488/1282/1034 715/1515/1034
f 2493/1293/1035 2447/1292/1035 2204/1790/1035
f 2204/1790/2315 2203/1490/2315 675/566/2315
f 675/566/2316 2271/1300/2316 2492/1304/2316
f 2492/1304/1034 2493/1293/1034 675/566/1034
f 2182/1785/1035 2403/1766/1035 2269/1762/1035
f 2193/1768/1034 2403/1766/1034 2182/1785/1034
f 2182/1785/2317 2179/1289/2317 2193/1768/2317
f 2403/1766/1034 2193/1768/1034 2447/1292/1034
f 2193/1768/1035 2192/1288/1035 2488/1282/1035
f 2489/1291/1034 2193/1768/1034 2488/1282/1034
f 2442/1782/2318 2515/1991/2318 421/370/2318
f 672/1478/1038 2287/1313/1038 2514/1311/1038
f 2513/1309/1038 2274/1307/1038 672/1478/1038
f 2514/1311/1038 2287/1313/1038 2288/1797/1038
f 2522/1796/2318 2515/1991/2318 2442/1782/2318
f 2442/1782/1038 2277/1783/1038 2522/1796/1038
f 2277/1783/1038 2274/1307/1038 2513/1309/1038
f 2522/1796/1038 2277/1783/1038 2288/1797/1038
f 2513/1309/1038 2514/1311/1038 2277/1783/1038
f 2288/1797/1041 2522/1796/1041 425/373/1041
f 2522/1796/2319 2541/1994/2319 425/373/2319
f 2285/1314/2320 2289/1312/2320 2288/1797/2320
f 2335/1319/1041 428/1801/1041 2544/1799/1041
f 671/1477/2321 2339/1321/2321 2336/1800/2321
f 2339/1321/2322 2335/1319/2322 2336/1800/2322
f 2336/1800/1041 2545/1320/1041 2540/1310/1041
f 2540/1310/2323 2289/1312/2323 671/1477/2323
f 2544/1799/2324 2541/1994/2324 2522/1796/2324
f 2522/1796/1041 2288/1797/1041 2545/1320/1041
f 2288/1797/2323 2289/1312/2323 2540/1310/2323
f 2545/1320/1041 2288/1797/1041 2540/1310/1041
f 1941/1625/1045 375/1408/1045 651/562/1045
f 651/562/1045 2562/1467/1045 1936/1626/1045
f 2563/1802/1045 1937/1627/1045 1941/1625/1045
f 651/562/1045 1936/1626/1045 2563/1802/1045
f 2562/1467/2325 651/562/2325 725/563/2325
f 725/563/1045 1941/1625/1045 1937/1627/1045
f 376/1409/1047 1939/1620/1047 1946/1390/1047
f 2308/1404/1047 379/1411/1047 2459/1791/1047
f 2312/1398/1047 2306/1393/1047 2324/1794/1047
f 2306/1393/1047 2251/1382/1047 2324/1794/1047
f 2251/1382/1047 1946/1390/1047 1939/1620/1047
f 1939/1620/1047 724/1519/1047 2324/1794/1047
f 2459/1791/2326 2593/1803/2326 1942/1622/2326
f 1942/1622/1047 1946/1390/1047 2251/1382/1047
f 2306/1393/1047 2312/1398/1047 2459/1791/1047
f 1942/1622/1047 2251/1382/1047 2306/1393/1047
f 2593/1803/1047 2255/1386/1047 1946/1390/1047
f 2616/1998/1050 429/376/1050 2544/1799/1050
f 429/376/1050 2334/1322/1050 2544/1799/1050
f 1980/1633/1050 1976/1327/1050 2350/1328/1050
f 2612/1316/1050 2545/1320/1050 2336/1800/1050
f 670/1476/1049 2355/1331/1049 1974/1635/1049
f 2355/1331/1049 2350/1328/1049 1974/1635/1049
f 1974/1635/1050 1976/1327/1050 2613/1317/1050
f 2612/1316/2327 2336/1800/2327 2613/1317/2327
f 2336/1800/1050 670/1476/1050 1974/1635/1050
f 2612/1316/1049 2613/1317/1049 2544/1799/1049
f 2613/1317/1050 1976/1327/1050 2544/1799/1050
f 1976/1327/1050 1980/1633/1050 2544/1799/1050
f 1980/1633/1050 2616/1998/1050 2544/1799/1050
f 595/473/1052 2379/1817/1052 2623/1807/1052
f 2630/1805/2328 2629/1808/2328 2623/1807/2328
f 2623/1807/1052 2379/1817/1052 2361/1806/1052
f 2379/1817/1052 699/1508/1052 2361/1806/1052
f 607/481/1054 2367/1813/1054 2635/1811/1054
f 2635/1811/1054 2367/1813/1054 2636/1810/1054
f 2367/1813/1054 702/1505/1054 2465/1809/1054
f 702/1505/2329 602/478/2329 2465/1809/2329
f 2636/1810/2330 2634/1812/2330 2635/1811/2330
f 2367/1813/1056 2635/1811/1056 2141/1680/1056
f 2635/1811/1057 2138/1679/1057 2141/1680/1057
f 2141/1680/1056 703/1504/1056 2367/1813/1056
f 2630/1805/2331 2645/1919/2331 591/470/2331
f 591/470/2332 698/1509/2332 2361/1806/2332
f 2630/1805/2333 2361/1806/2333 2648/1816/2333
f 2361/1806/1059 698/1509/1059 2494/1815/1059
f 698/1509/2334 586/466/2334 2494/1815/2334
f 2648/1816/2332 2645/1919/2332 2630/1805/2332
f 599/476/1060 2463/1830/1060 2652/1818/1060
f 700/1507/2335 594/472/2335 2379/1817/2335
f 2623/1807/2336 2651/1819/2336 2652/1818/2336
f 2652/1818/1060 2463/1830/1060 2379/1817/1060
f 2463/1830/1060 700/1507/1060 2379/1817/1060
f 2430/1820/1064 2676/1821/1064 518/427/1064
f 2676/1821/1064 2675/1855/1064 518/427/1064
f 2135/1064/2337 2136/1061/2337 2430/1820/2337
f 2101/1049/1064 513/1822/1064 2176/1696/1064
f 2177/1697/1064 2100/1044/1064 2099/1043/1064
f 2099/1043/1063 2120/1058/1063 637/1461/1063
f 2120/1058/1064 2136/1061/1064 637/1461/1064
f 637/1461/2338 2102/1053/2338 2101/1049/2338
f 637/1461/2339 2101/1049/2339 2177/1697/2339
f 2676/1821/1064 2430/1820/1064 2100/1044/1064
f 2430/1820/1064 2136/1061/1064 2120/1058/1064
f 2120/1058/2340 2099/1043/2340 2100/1044/2340
f 2430/1820/1064 2120/1058/1064 2100/1044/1064
f 2176/1696/1064 2675/1855/1064 2676/1821/1064
f 2687/1824/2341 2686/1859/2341 522/430/2341
f 2144/1070/1067 2159/1067/1067 638/1462/1067
f 638/1462/1067 2134/1057/1067 2133/1059/1067
f 2133/1059/1067 2134/1057/1067 2144/1070/1067
f 2134/1057/1067 2430/1820/1067 2438/1825/1067
f 2676/1821/1067 2686/1859/1067 2687/1824/1067
f 2687/1824/1067 2438/1825/1067 2430/1820/1067
f 2438/1825/1067 2159/1067/1067 2144/1070/1067
f 2687/1824/1067 2430/1820/1067 2676/1821/1067
f 2462/1827/2342 2698/1828/2342 526/433/2342
f 2698/1828/2343 2699/1863/2343 526/433/2343
f 526/433/2344 2169/1077/2344 2462/1827/2344
f 2164/1073/1068 2170/1075/1068 639/1463/1068
f 639/1463/2345 2158/1069/2345 2157/1068/2345
f 2158/1069/2346 521/1826/2346 2438/1825/2346
f 2687/1824/2347 2699/1863/2347 2698/1828/2347
f 2698/1828/1068 2462/1827/1068 2438/1825/1068
f 2462/1827/1068 2170/1075/1068 2164/1073/1068
f 2438/1825/2342 2164/1073/2342 2158/1069/2342
f 2164/1073/2348 2157/1068/2348 2158/1069/2348
f 2462/1827/1068 2164/1073/1068 2438/1825/1068
f 2348/1735/2349 2711/1867/2349 530/436/2349
f 530/436/2350 2190/1082/2350 2349/1736/2350
f 2190/1082/2351 2191/1080/2351 2349/1736/2351
f 2348/1735/1072 2349/1736/1072 2462/1827/1072
f 2349/1736/1072 2191/1080/1072 2186/1084/1072
f 2462/1827/1072 2349/1736/1072 2186/1084/1072
f 2698/1828/2352 2711/1867/2352 2348/1735/2352
f 603/479/1076 2465/1809/1076 2636/1810/1076
f 2636/1810/1076 2465/1809/1076 2463/1830/1076
f 2465/1809/1076 701/1506/1076 2463/1830/1076
f 701/1506/1074 598/475/1074 2463/1830/1074
f 2652/1818/2353 2718/1831/2353 2636/1810/2353
f 2219/1703/1079 2220/1702/1079 542/442/1079
f 2284/1122/2354 2290/1125/2354 687/1492/2354
f 687/1492/1079 2263/1112/1079 2264/1111/1079
f 2264/1111/1079 2263/1112/1079 2220/1702/1079
f 2219/1703/2355 2724/1832/2355 2145/1683/2355
f 2264/1111/2356 2220/1702/2356 2284/1122/2356
f 2220/1702/1079 2219/1703/1079 2145/1683/1079
f 2290/1125/2354 2284/1122/2354 2146/1687/2354
f 2145/1683/1079 2146/1687/1079 2220/1702/1079
f 587/467/1080 2494/1815/1080 2648/1816/1080
f 2648/1816/1080 2494/1815/1080 2510/1833/1080
f 2494/1815/1080 697/1499/1080 2510/1833/1080
f 2510/1833/1080 2727/1834/1080 2648/1816/1080
f 2727/1834/2357 2729/1911/2357 583/464/2357
f 583/464/2358 696/1498/2358 2510/1833/2358
f 2510/1833/1081 696/1498/1081 2375/1836/1081
f 2374/1748/2357 2729/1911/2357 2727/1834/2357
f 2727/1834/1081 2510/1833/1081 2375/1836/1081
f 2734/1838/1082 2735/1529/1082 499/422/1082
f 499/422/1082 502/421/1082 2733/1837/1082
f 502/421/1082 2732/1839/1082 2733/1837/1082
f 2280/1718/1082 2291/1843/1082 2732/1839/1082
f 2573/1842/1082 2281/1719/1082 626/1455/1082
f 626/1455/1082 625/1454/1082 2573/1842/1082
f 2291/1843/2359 2280/1718/2359 2281/1719/2359
f 2281/1719/1082 2573/1842/1082 2291/1843/1082
f 2573/1842/1082 2574/1841/1082 2732/1839/1082
f 2734/1838/1082 2733/1837/1082 2578/1840/1082
f 2733/1837/1082 2732/1839/1082 2574/1841/1082
f 2578/1840/1082 2733/1837/1082 2574/1841/1082
f 2732/1839/1084 2291/1843/1084 501/1723/1084
f 501/1723/1084 500/420/1084 2732/1839/1084
f 2746/1845/2360 2745/1531/2360 503/555/2360
f 503/555/1084 2507/1211/1084 2747/1844/1084
f 2507/1211/1084 2509/1217/1084 2747/1844/1084
f 2160/1690/2361 2163/1692/2361 2741/1846/2361
f 2507/1211/1084 506/1428/1084 2741/1846/1084
f 2733/1837/1084 2501/1847/1084 2497/1208/1084
f 2487/1205/1085 2292/1203/1085 2732/1839/1085
f 2292/1203/1084 2291/1843/1084 2732/1839/1084
f 2733/1837/2362 2497/1208/2362 2487/1205/2362
f 2509/1217/2363 2501/1847/2363 2747/1844/2363
f 2501/1847/1084 2733/1837/1084 2747/1844/1084
f 2733/1837/1084 2734/1838/1084 2747/1844/1084
f 2734/1838/2364 2745/1531/2364 2746/1845/2364
f 2501/1847/1086 2741/1846/1086 2163/1692/1086
f 2163/1692/2365 2160/1690/2365 2292/1203/2365
f 2292/1203/1085 2487/1205/1085 2497/1208/1085
f 2497/1208/1084 2501/1847/1084 2163/1692/1084
f 2509/1217/1088 2165/1214/1088 505/1427/1088
f 505/1427/1088 504/1426/1088 2509/1217/1088
f 2762/1849/1088 2763/1535/1088 507/1431/1088
f 507/1431/1088 510/1432/1088 2762/1849/1088
f 2504/1207/1087 2502/1209/1087 2747/1844/1087
f 2762/1849/1088 2751/1848/1088 2502/1209/1088
f 2502/1209/1087 2504/1207/1087 2762/1849/1087
f 2509/1217/1088 2502/1209/1088 2751/1848/1088
f 2751/1848/1087 2161/1689/1087 2741/1846/1087
f 2161/1689/1088 2163/1692/1088 2741/1846/1088
f 2165/1214/2366 2509/1217/2366 2741/1846/2366
f 1999/1023/2367 2001/1024/2367 508/1430/2367
f 2162/1691/1089 509/1695/1089 2751/1848/1089
f 509/1695/1089 2001/1024/1089 2751/1848/1089
f 2001/1024/1089 1999/1023/1089 2751/1848/1089
f 1999/1023/1089 2040/1028/1089 2762/1849/1089
f 2762/1849/1089 2751/1848/1089 1999/1023/1089
f 2763/1535/1089 2762/1849/1089 2040/1028/1089
f 2040/1028/2367 2037/1027/2367 2763/1535/2367
f 2774/1851/1089 2773/1538/1089 511/425/1089
f 511/425/1089 514/424/1089 2774/1851/1089
f 2774/1851/1089 2771/1850/1089 2762/1849/1089
f 2763/1535/2368 2772/1536/2368 2773/1538/2368
f 2774/1851/1089 2762/1849/1089 2763/1535/1089
f 2771/1850/1089 2175/1852/1089 2751/1848/1089
f 2175/1852/1091 2162/1691/1091 2161/1689/1091
f 2161/1689/1089 2751/1848/1089 2175/1852/1089
f 2787/1856/1092 515/428/1092 2785/1854/1092
f 515/428/1093 518/427/1093 2785/1854/1093
f 512/423/2369 2786/1539/2369 2773/1538/2369
f 2175/1852/2370 2176/1696/2370 2771/1850/2370
f 2176/1696/1093 513/1822/1093 2771/1850/1093
f 513/1822/1093 512/423/1093 2774/1851/1093
f 2783/1853/1092 2774/1851/1092 2785/1854/1092
f 2774/1851/1092 2773/1538/1092 2785/1854/1092
f 2773/1538/2371 2786/1539/2371 2785/1854/2371
f 2675/1855/2372 2176/1696/2372 2175/1852/2372
f 2175/1852/2373 2771/1850/2373 2675/1855/2373
f 2771/1850/1093 2774/1851/1093 2783/1853/1093
f 2675/1855/2374 2676/1821/2374 2783/1853/2374
f 2676/1821/1094 517/1823/1094 2783/1853/1094
f 517/1823/1094 516/426/1094 2785/1854/1094
f 516/426/2375 2798/1543/2375 2787/1856/2375
f 2799/1860/1094 519/431/1094 2796/1858/1094
f 519/431/1094 522/430/1094 2796/1858/1094
f 2792/1857/1094 2785/1854/1094 2796/1858/1094
f 2785/1854/1094 2787/1856/1094 2796/1858/1094
f 2787/1856/1094 2798/1543/1094 2796/1858/1094
f 2686/1859/2376 2676/1821/2376 2675/1855/2376
f 2783/1853/1094 2785/1854/1094 2792/1857/1094
f 2686/1859/1094 2675/1855/1094 2792/1857/1094
f 520/429/1095 2818/1545/1095 2799/1860/1095
f 2686/1859/1095 2687/1824/1095 2792/1857/1095
f 2687/1824/1096 521/1826/1096 2792/1857/1096
f 521/1826/1095 520/429/1095 2796/1858/1095
f 2819/1864/1096 523/434/1096 2816/1862/1096
f 523/434/1095 526/433/1095 2816/1862/1095
f 2699/1863/1096 2687/1824/1096 2686/1859/1096
f 2686/1859/1096 2792/1857/1096 2807/1861/1096
f 2792/1857/1095 2796/1858/1095 2807/1861/1095
f 2807/1861/1095 2796/1858/1095 2816/1862/1095
f 2796/1858/1095 2799/1860/1095 2816/1862/1095
f 2799/1860/1095 2818/1545/1095 2816/1862/1095
f 2699/1863/2377 2698/1828/2377 2807/1861/2377
f 2698/1828/1097 525/1829/1097 2807/1861/1097
f 525/1829/1097 524/432/1097 2816/1862/1097
f 524/432/2378 1867/1547/2378 2819/1864/2378
f 1869/1868/1097 527/437/1097 2823/1866/1097
f 527/437/1097 530/436/1097 2823/1866/1097
f 2820/1865/1097 2816/1862/1097 2823/1866/1097
f 2816/1862/1097 2819/1864/1097 2823/1866/1097
f 2819/1864/1097 1867/1547/1097 2823/1866/1097
f 2711/1867/2379 2698/1828/2379 2699/1863/2379
f 2807/1861/1097 2816/1862/1097 2820/1865/1097
f 2711/1867/1097 2699/1863/1097 2820/1865/1097
f 2711/1867/2380 2348/1735/2380 2820/1865/2380
f 2348/1735/1100 529/1737/1100 2820/1865/1100
f 529/1737/1099 528/435/1099 2823/1866/1099
f 528/435/2381 1868/1549/2381 1869/1868/2381
f 2827/1872/1100 531/440/1100 2826/1870/1100
f 531/440/1100 534/439/1100 2826/1870/1100
f 2825/1869/1100 2823/1866/1100 2826/1870/1100
f 2823/1866/1100 1869/1868/1100 2826/1870/1100
f 1869/1868/1100 1868/1549/1100 2826/1870/1100
f 2711/1867/1101 2820/1865/1101 2825/1869/1101
f 2820/1865/1101 2823/1866/1101 2825/1869/1101
f 2825/1869/1101 2346/1871/1101 2711/1867/1101
f 2825/1869/2382 2346/1871/2382 2347/1739/2382
f 2347/1739/1103 533/1740/1103 2825/1869/1103
f 533/1740/1103 532/438/1103 2826/1870/1103
f 532/438/2383 2838/1553/2383 2827/1872/2383
f 2839/1876/1105 535/552/1105 2837/1874/1105
f 535/552/1103 539/1434/1103 2837/1874/1103
f 2837/1874/2384 2831/1873/2384 2826/1870/2384
f 2826/1870/2385 2827/1872/2385 2838/1553/2385
f 2838/1553/1103 2839/1876/1103 2826/1870/1103
f 2354/1875/2386 2347/1739/2386 2346/1871/2386
f 2346/1871/1103 2825/1869/1103 2831/1873/1103
f 2825/1869/1103 2826/1870/1103 2831/1873/1103
f 2831/1873/2387 2354/1875/2387 2198/1700/2387
f 2198/1700/1107 537/1436/1107 2831/1873/1107
f 2837/1874/1107 537/1436/1107 536/1435/1107
f 536/1435/2388 2842/1555/2388 2839/1876/2388
f 2841/1877/1107 540/441/1107 2848/1879/1107
f 540/441/1107 543/443/1107 2848/1879/1107
f 543/443/2389 2219/1703/2389 2724/1832/2389
f 2842/1555/1107 2843/1878/1107 2841/1877/1107
f 2841/1877/1107 2837/1874/1107 2839/1876/1107
f 2724/1832/2390 2219/1703/2390 2198/1700/2390
f 2354/1875/1107 2831/1873/1107 2848/1879/1107
f 2831/1873/2391 2837/1874/2391 2848/1879/2391
f 2724/1832/2392 2198/1700/2392 2354/1875/2392
f 2841/1877/1107 2848/1879/1107 2837/1874/1107
f 2848/1879/1109 542/442/1109 541/1559/1109
f 541/1559/2393 2855/1558/2393 2843/1878/2393
f 2841/1877/1109 2848/1879/1109 541/1559/1109
f 544/444/1109 2857/1882/1109 2858/1880/1109
f 2857/1882/1109 544/444/1109 547/446/1109
f 547/446/2394 2145/1683/2394 2147/1684/2394
f 2863/1881/1109 2857/1882/1109 547/446/1109
f 2857/1882/1109 2848/1879/1109 2841/1877/1109
f 2841/1877/2395 2843/1878/2395 2855/1558/2395
f 2855/1558/1109 2856/1561/1109 2841/1877/1109
f 2856/1561/2396 2858/1880/2396 2857/1882/2396
f 2724/1832/1109 2848/1879/1109 2863/1881/1109
f 2848/1879/1109 2857/1882/1109 2863/1881/1109
f 2863/1881/1109 2147/1684/1109 2724/1832/1109
f 2863/1881/1112 546/445/1112 2857/1882/1112
f 546/445/1112 545/1562/1112 2857/1882/1112
f 548/447/1112 2864/1885/1112 2865/1883/1112
f 2864/1885/1112 548/447/1112 551/449/1112
f 551/449/1113 2148/1686/1113 2359/1742/1113
f 2871/1884/1112 2864/1885/1112 551/449/1112
f 2148/1686/1113 2147/1684/1113 2359/1742/1113
f 2147/1684/1112 2863/1881/1112 2359/1742/1112
f 2863/1881/1112 2864/1885/1112 2871/1884/1112
f 2864/1885/1112 2863/1881/1112 2857/1882/1112
f 2857/1882/1112 2858/1880/1112 2866/1564/1112
f 2866/1564/2397 2865/1883/2397 2864/1885/2397
f 2871/1884/1114 550/448/1114 2864/1885/1114
f 550/448/1114 549/1565/1114 2864/1885/1114
f 552/450/1114 2872/1888/1114 2873/1886/1114
f 2872/1888/1114 552/450/1114 555/452/1114
f 555/452/1114 2360/1743/1114 2876/1887/1114
f 2360/1743/1115 2362/1745/1115 2876/1887/1115
f 2360/1743/2398 2359/1742/2398 2362/1745/2398
f 2359/1742/1114 2871/1884/1114 2362/1745/1114
f 2871/1884/1114 2872/1888/1114 2876/1887/1114
f 2872/1888/1114 2871/1884/1114 2864/1885/1114
f 2864/1885/1114 2865/1883/1114 2875/1566/1114
f 2875/1566/1114 2873/1886/1114 2864/1885/1114
f 2876/1887/1116 554/451/1116 2872/1888/1116
f 554/451/1116 553/1568/1116 2872/1888/1116
f 556/453/1116 2886/1891/1116 2887/1889/1116
f 2886/1891/1116 556/453/1116 559/455/1116
f 559/455/1116 2363/1746/1116 2893/1890/1116
f 2363/1746/2399 2369/1892/2399 2893/1890/2399
f 2886/1891/1116 2876/1887/1116 2872/1888/1116
f 2872/1888/1116 2873/1886/1116 2888/1570/1116
f 2888/1570/1117 2887/1889/1117 2872/1888/1117
f 2363/1746/1116 2362/1745/1116 2369/1892/1116
f 2362/1745/1116 2876/1887/1116 2369/1892/1116
f 2876/1887/1116 2886/1891/1116 2893/1890/1116
f 2893/1890/1118 558/454/1118 2886/1891/1118
f 558/454/1120 557/1571/1120 2886/1891/1120
f 560/456/1118 2894/1895/1118 2895/1893/1118
f 2894/1895/1118 560/456/1118 563/458/1118
f 563/458/1118 2326/1728/1118 2904/1894/1118
f 2326/1728/1118 2325/1729/1118 2904/1894/1118
f 2894/1895/1118 2893/1890/1118 2886/1891/1118
f 2886/1891/1118 2887/1889/1118 2896/1573/1118
f 2896/1573/1119 2895/1893/1119 2886/1891/1119
f 2325/1729/1120 2326/1728/1120 2369/1892/1120
f 2369/1892/1118 2893/1890/1118 2325/1729/1118
f 2893/1890/1118 2894/1895/1118 2904/1894/1118
f 2904/1894/1122 562/457/1122 2894/1895/1122
f 562/457/2400 561/1574/2400 2894/1895/2400
f 564/549/1122 2905/1898/1122 2906/1896/1122
f 2331/1166/1122 2298/1725/1122 2368/1167/1122
f 2298/1725/1122 2297/1724/1122 2368/1167/1122
f 2910/1897/1122 2905/1898/1122 2368/1167/1122
f 2905/1898/1122 564/549/1122 2368/1167/1122
f 2905/1898/1122 2904/1894/1122 2894/1895/1122
f 2894/1895/1121 2895/1893/1121 2907/1576/1121
f 2907/1576/1123 2906/1896/1123 2894/1895/1123
f 2905/1898/1122 2910/1897/1122 2904/1894/1122
f 2910/1897/1122 2297/1724/1122 2904/1894/1122
f 2904/1894/1122 2297/1724/1122 2325/1729/1122
f 2910/1897/1124 566/1437/1124 2905/1898/1124
f 566/1437/1124 565/1438/1124 2905/1898/1124
f 568/546/1124 2911/1900/1124 2912/1899/1124
f 568/546/1125 2378/1173/1125 2911/1900/1125
f 2378/1173/2401 2383/1171/2401 2917/1901/2401
f 2378/1173/1125 571/1443/1125 2383/1171/1125
f 571/1443/1124 2131/1674/1124 2383/1171/1124
f 2299/1172/2401 2383/1171/2401 2130/1902/2401
f 2911/1900/1125 2910/1897/1125 2905/1898/1125
f 2905/1898/1124 2906/1896/1124 2913/1578/1124
f 2913/1578/1126 2912/1899/1126 2905/1898/1126
f 2917/1901/1124 2383/1171/1124 2910/1897/1124
f 2383/1171/1124 2299/1172/1124 2910/1897/1124
f 2299/1172/1125 2297/1724/1125 2910/1897/1125
f 2917/1901/2402 2382/1176/2402 2381/1441/2402
f 2381/1441/1128 569/1440/1128 2911/1900/1128
f 569/1440/1129 2912/1899/1129 2911/1900/1129
f 2849/1903/2403 2923/1579/2403 2398/1187/2403
f 2382/1176/1128 2383/1171/1128 2130/1902/1128
f 2402/1189/1128 2398/1187/1128 572/1444/1128
f 2845/1904/1129 572/1444/1129 2847/1905/1129
f 572/1444/1128 575/1445/1128 2847/1905/1128
f 575/1445/1128 2132/1677/1128 2847/1905/1128
f 2376/1750/2404 2132/1677/2404 2130/1902/2404
f 2130/1902/1129 2383/1171/1129 2380/1170/1129
f 2393/1169/1128 2396/1182/1128 2847/1905/1128
f 2396/1182/1129 2845/1904/1129 2847/1905/1129
f 2130/1902/2405 2380/1170/2405 2393/1169/2405
f 2376/1750/1129 2130/1902/1129 2393/1169/1129
f 2917/1901/1129 2396/1182/1129 2380/1170/1129
f 2396/1182/1128 2393/1169/1128 2380/1170/1128
f 2923/1579/2403 2849/1903/2403 2912/1899/2403
f 2849/1903/2402 2402/1189/2402 2911/1900/2402
f 2402/1189/1128 2396/1182/1128 2911/1900/1128
f 2396/1182/1128 2917/1901/1128 2911/1900/1128
f 2402/1189/2406 2390/1178/2406 2392/1175/2406
f 2392/1175/1131 573/1581/1131 2849/1903/1131
f 2850/1906/1131 2846/1907/1131 576/459/1131
f 576/459/1131 579/461/1131 2850/1906/1131
f 2845/1904/1131 2847/1905/1131 2390/1178/1131
f 2847/1905/1131 574/1446/1131 2390/1178/1131
f 574/1446/2407 2392/1175/2407 2390/1178/2407
f 2376/1750/1131 2847/1905/1131 2850/1906/1131
f 2847/1905/1131 2846/1907/1131 2850/1906/1131
f 2412/1180/1132 2417/1193/1132 2844/1585/1132
f 2844/1585/1131 2846/1907/1131 2412/1180/1131
f 2846/1907/1132 2847/1905/1132 2397/1181/1132
f 2412/1180/2408 2846/1907/2408 2397/1181/2408
f 2845/1904/1132 2402/1189/1132 2397/1181/1132
f 2849/1903/1131 2417/1193/1131 2397/1181/1131
f 2417/1193/2409 2412/1180/2409 2397/1181/2409
f 2374/1748/1135 578/460/1135 2850/1906/1135
f 2844/1585/1135 2846/1907/1135 577/1908/1135
f 2846/1907/1135 2850/1906/1135 578/460/1135
f 577/1908/1135 2846/1907/1135 578/460/1135
f 2854/1912/1135 2853/1910/1135 580/462/1135
f 580/462/1135 583/464/1135 2854/1912/1135
f 2853/1910/1135 2850/1906/1135 2846/1907/1135
f 2846/1907/1135 2844/1585/1135 2852/1909/1135
f 2844/1585/1134 2851/1584/1134 2852/1909/1134
f 2729/1911/2410 2374/1748/2410 2373/1749/2410
f 2373/1749/1135 2850/1906/1135 2854/1912/1135
f 2850/1906/1135 2853/1910/1135 2854/1912/1135
f 2853/1910/1137 2854/1912/1137 582/463/1137
f 582/463/1137 581/1913/1137 2853/1910/1137
f 581/1913/2411 2861/1586/2411 2852/1909/2411
f 2727/1834/1137 582/463/1137 2854/1912/1137
f 2862/1914/1137 2859/1916/1137 584/465/1137
f 584/465/1137 587/467/1137 2862/1914/1137
f 2862/1914/1137 2726/1835/1137 2729/1911/1137
f 2726/1835/2412 2727/1834/2412 2729/1911/2412
f 2729/1911/1137 2854/1912/1137 2862/1914/1137
f 2859/1916/1137 2854/1912/1137 2853/1910/1137
f 2852/1909/2411 2861/1586/2411 2860/1915/2411
f 2859/1916/1137 2853/1910/1137 2860/1915/1137
f 2860/1915/1140 2859/1916/1140 585/1590/1140
f 2859/1916/1140 2862/1914/1140 586/466/1140
f 585/1590/1141 2859/1916/1141 586/466/1141
f 2648/1816/1140 586/466/1140 2862/1914/1140
f 2877/1920/1140 2868/1918/1140 588/468/1140
f 588/468/1140 591/470/1140 2877/1920/1140
f 2868/1918/1140 2862/1914/1140 2859/1916/1140
f 2860/1915/1139 2870/1588/1139 2869/1917/1139
f 2868/1918/1140 2859/1916/1140 2869/1917/1140
f 2877/1920/1140 2645/1919/1140 2726/1835/1140
f 2645/1919/1140 2648/1816/1140 2726/1835/1140
f 2726/1835/1140 2862/1914/1140 2877/1920/1140
f 2869/1917/1142 2868/1918/1142 589/1593/1142
f 2868/1918/1142 2877/1920/1142 590/469/1142
f 589/1593/1142 2868/1918/1142 590/469/1142
f 2630/1805/1142 590/469/1142 2877/1920/1142
f 2909/1921/1142 2897/1923/1142 592/471/1142
f 592/471/1142 595/473/1142 2909/1921/1142
f 2897/1923/1142 2877/1920/1142 2868/1918/1142
f 2869/1917/1142 2899/1591/1142 2898/1922/1142
f 2897/1923/1142 2868/1918/1142 2898/1922/1142
f 2909/1921/1142 2629/1808/1142 2645/1919/1142
f 2629/1808/2413 2630/1805/2413 2645/1919/2413
f 2645/1919/1142 2877/1920/1142 2909/1921/1142
f 2898/1922/1146 2897/1923/1146 593/1596/1146
f 2897/1923/1146 2909/1921/1146 594/472/1146
f 593/1596/1146 2897/1923/1146 594/472/1146
f 2623/1807/2414 594/472/2414 2909/1921/2414
f 2918/1924/1146 2914/1926/1146 596/474/1146
f 596/474/1146 599/476/1146 2918/1924/1146
f 2914/1926/1146 2909/1921/1146 2897/1923/1146
f 2898/1922/2415 2916/1594/2415 2915/1925/2415
f 2914/1926/1146 2897/1923/1146 2915/1925/1146
f 2651/1819/2416 2623/1807/2416 2629/1808/2416
f 2629/1808/1146 2909/1921/1146 2918/1924/1146
f 2909/1921/1146 2914/1926/1146 2918/1924/1146
f 2915/1925/1151 2914/1926/1151 597/1599/1151
f 2914/1926/1150 2918/1924/1150 598/475/1150
f 597/1599/1150 2914/1926/1150 598/475/1150
f 2652/1818/1150 598/475/1150 2918/1924/1150
f 600/477/2417 2921/1929/2417 2922/1927/2417
f 2921/1929/1151 600/477/1151 603/479/1151
f 2921/1929/1150 2918/1924/1150 2914/1926/1150
f 2915/1925/2418 2919/1597/2418 2920/1928/2418
f 2921/1929/2419 2914/1926/2419 2922/1927/2419
f 2914/1926/1150 2915/1925/1150 2922/1927/1150
f 2651/1819/1150 2918/1924/1150 2718/1831/1150
f 2918/1924/1150 2921/1929/1150 2718/1831/1150
f 2920/1928/1153 2922/1927/1153 601/1602/1153
f 2921/1929/1153 2718/1831/1153 602/478/1153
f 2718/1831/2420 2636/1810/2420 602/478/2420
f 602/478/1153 601/1602/1153 2921/1929/1153
f 2925/1931/1153 2926/1932/1153 604/482/1153
f 604/482/1153 607/481/1153 2924/1930/1153
f 2925/1931/1153 2924/1930/1153 2922/1927/1153
f 2920/1928/1153 2927/1600/1153 2926/1932/1153
f 2925/1931/1153 2922/1927/1153 2920/1928/1153
f 2924/1930/1153 2634/1812/1153 2718/1831/1153
f 2634/1812/2421 2636/1810/2421 2718/1831/2421
f 2921/1929/2422 2922/1927/2422 2924/1930/2422
f 605/480/2423 2929/1603/2423 2926/1932/2423
f 2924/1930/2424 2634/1812/2424 2635/1811/2424
f 2635/1811/1156 606/1814/1156 2924/1930/1156
f 606/1814/1156 605/480/1156 2924/1930/1156
f 2931/1936/2425 2932/1606/2425 608/485/2425
f 608/485/1155 611/484/1155 2928/1933/1155
f 2930/1934/1155 2931/1936/1155 608/485/1155
f 2928/1933/1156 611/484/1156 2138/1679/1156
f 2924/1930/1156 2925/1931/1156 2928/1933/1156
f 2139/1935/2426 2138/1679/2426 2634/1812/2426
f 2138/1679/2427 2635/1811/2427 2634/1812/2427
f 2924/1930/1156 2928/1933/1156 2139/1935/1156
f 2931/1936/1155 2930/1934/1155 2926/1932/1155
f 2930/1934/1156 2928/1933/1156 2925/1931/1156
f 2926/1932/1155 2930/1934/1155 2925/1931/1155
f 2926/1932/2428 2929/1603/2428 2932/1606/2428
f 2928/1933/1159 2139/1935/1159 610/1678/1159
f 610/1678/1159 609/483/1159 2928/1933/1159
f 2935/1939/1160 2936/1607/1160 612/488/1160
f 612/488/1160 615/487/1160 2933/1937/1160
f 2934/1938/1159 2935/1939/1159 612/488/1159
f 2140/1682/2429 2384/1752/2429 2933/1937/2429
f 2384/1752/2430 2140/1682/2430 2139/1935/2430
f 2928/1933/1159 2930/1934/1159 2933/1937/1159
f 2384/1752/1159 2139/1935/1159 2928/1933/1159
f 2935/1939/1159 2934/1938/1159 2931/1936/1159
f 2934/1938/1160 2933/1937/1160 2930/1934/1160
f 2931/1936/1160 2934/1938/1160 2930/1934/1160
f 2933/1937/1163 2384/1752/1163 614/1751/1163
f 614/1751/1163 613/486/1163 2933/1937/1163
f 2939/1941/1162 2940/1610/1162 616/491/1162
f 616/491/1161 619/490/1161 2938/1940/1161
f 619/490/1162 2937/1942/1162 2938/1940/1162
f 2337/1731/2431 2338/1733/2431 2937/1942/2431
f 2939/1941/1161 2938/1940/1161 2935/1939/1161
f 2938/1940/1162 2937/1942/1162 2934/1938/1162
f 2935/1939/1162 2938/1940/1162 2934/1938/1162
f 2384/1752/1163 2933/1937/1163 2338/1733/1163
f 2933/1937/1161 2934/1938/1161 2937/1942/1161
f 2338/1733/1163 2933/1937/1163 2937/1942/1163
f 2583/1944/1165 2941/1526/1165 369/347/1165
f 369/347/1165 372/346/1165 2575/1943/1165
f 372/346/1165 2594/1945/1165 2575/1943/1165
f 2273/1710/1164 2278/1712/1164 2594/1945/1164
f 2937/1942/1165 2338/1733/1165 618/1732/1165
f 618/1732/1165 617/489/1165 2937/1942/1165
f 2938/1940/1165 2594/1945/1165 2937/1942/1165
f 2594/1945/1165 2278/1712/1165 2937/1942/1165
f 2278/1712/1164 2273/1710/1164 2338/1733/1164
f 2938/1940/1165 2939/1941/1165 2575/1943/1165
f 2939/1941/1165 2941/1526/1165 2583/1944/1165
f 2583/1944/1164 2575/1943/1164 2939/1941/1164
f 451/384/2432 454/386/2432 2009/1370/2432
f 451/384/2432 2009/1370/2432 2011/1371/2432
f 2418/1197/2432 577/1908/2432 576/459/2432
f 2414/1195/2432 2418/1197/2432 576/459/2432
f 451/384/2433 2011/1371/2433 2059/1372/2433
f 451/384/2434 2059/1372/2434 2111/1200/2434
f 2428/1196/2435 2414/1195/2435 576/459/2435
f 451/384/2432 2111/1200/2432 576/459/2432
f 2428/1196/2436 2111/1200/2436 2414/1195/2436
f 2111/1200/2437 2059/1372/2437 2011/1371/2437
f 2414/1195/2438 2111/1200/2438 2011/1371/2438
f 2011/1371/2432 2009/1370/2432 2414/1195/2432
f 1913/1364/2439 1968/1360/2439 447/1425/2439
f 1910/1363/2440 450/1582/2440 1913/1364/2440
f 450/1582/1168 573/1581/1168 2394/1184/1168
f 573/1581/1168 2404/1183/1168 2394/1184/1168
f 2394/1184/1168 2411/1185/1168 1968/1360/1168
f 1968/1360/2439 1913/1364/2439 2394/1184/2439
f 572/1444/1168 2411/1185/1168 2394/1184/1168
f 2094/1047/1170 516/426/1170 515/428/1170
f 515/428/1170 390/353/1170 2098/1054/1170
f 390/353/1170 393/352/1170 2781/1248/1170
f 2098/1054/2441 390/353/2441 2781/1248/2441
f 2777/1249/1171 2782/1247/1171 386/350/1171
f 386/350/1171 389/349/1171 2756/1238/1171
f 2756/1238/2442 2760/1237/2442 2777/1249/2442
f 2063/1051/2443 2046/1037/2443 2032/1036/2443
f 2032/1036/1171 512/423/1171 511/425/1171
f 511/425/1171 2095/1048/1171 2063/1051/1171
f 2756/1238/2444 2032/1036/2444 2046/1037/2444
f 2063/1051/1171 2095/1048/1171 2782/1247/1171
f 2756/1238/2445 2046/1037/2445 2760/1237/2445
f 2046/1037/1172 2063/1051/1172 2760/1237/1172
f 2782/1247/1171 2777/1249/1171 2063/1051/1171
f 2033/1030/1173 2755/1224/1173 385/1414/1173
f 2755/1224/1173 2658/1235/1173 385/1414/1173
f 385/1414/1173 508/1430/1173 2033/1030/1173
f 2942/1947/1174 2943/1949/1174 2252/1384/1174
f 2943/1949/2446 2261/1385/2446 2252/1384/2446
f 2252/1384/1174 373/558/1174 2942/1947/1174
f 373/558/1174 2945/1530/1174 2944/1946/1174
f 2266/1948/2447 2593/1803/2447 2261/1385/2447
f 2593/1803/2448 1942/1622/2448 374/1407/2448
f 2603/1952/1174 2606/1951/1174 498/418/1174
f 498/418/1175 497/1624/1175 2603/1952/1175
f 2944/1946/1175 2945/1530/1175 2607/1950/1175
f 2607/1950/1174 2606/1951/1174 2942/1947/1174
f 2606/1951/1174 2943/1949/1174 2942/1947/1174
f 2603/1952/1175 1949/1623/1175 1948/1375/1175
f 2242/1376/1175 2270/1378/1175 2606/1951/1175
f 2270/1378/1175 2266/1948/1175 2943/1949/1175
f 2603/1952/1174 1948/1375/1174 2242/1376/1174
f 2943/1949/1175 2606/1951/1175 2270/1378/1175
f 2270/1378/1175 2242/1376/1175 2593/1803/1175
f 2242/1376/1175 1948/1375/1175 2593/1803/1175
f 1948/1375/2448 1942/1622/2448 2593/1803/2448
f 2303/1406/2449 2304/1410/2449 376/1409/2449
f 376/1409/1178 2255/1386/1178 2303/1406/1178
f 2255/1386/1180 2266/1948/1180 2303/1406/1180
f 2266/1948/1180 2943/1949/1180 2303/1406/1180
f 2943/1949/1176 2942/1947/1176 377/557/1176
f 2319/1400/1180 2315/1395/1180 2948/1954/1180
f 2315/1395/1180 378/556/1180 2948/1954/1180
f 378/556/2450 2949/1532/2450 2947/1953/2450
f 379/1411/1180 2946/1956/1180 2458/1955/1180
f 2946/1956/1180 379/1411/1180 2315/1395/1180
f 2942/1947/1180 2257/1379/1180 2256/1380/1180
f 2256/1380/1178 2317/1391/1178 2948/1954/1178
f 2317/1391/1180 2319/1400/1180 2948/1954/1180
f 2948/1954/1176 2947/1953/1176 2944/1946/1176
f 2256/1380/1176 2948/1954/1176 2944/1946/1176
f 2947/1953/2451 2949/1532/2451 2944/1946/2451
f 2257/1379/1176 2942/1947/1176 2943/1949/1176
f 2593/1803/2452 2459/1791/2452 2458/1955/2452
f 2458/1955/1180 2946/1956/1180 2266/1948/1180
f 2946/1956/1176 2257/1379/1176 2266/1948/1176
f 2317/1391/2453 2256/1380/2453 2257/1379/2453
f 2257/1379/1176 2946/1956/1176 2319/1400/1176
f 2319/1400/1181 2948/1954/1181 381/554/1181
f 381/554/2454 2259/1383/2454 2258/1387/2454
f 2318/1399/1181 2319/1400/1181 381/554/1181
f 2946/1956/1181 2319/1400/1181 2318/1399/1181
f 2318/1399/1181 2258/1387/1181 2946/1956/1181
f 2258/1387/2455 2259/1383/2455 2946/1956/2455
f 2259/1383/1181 380/1957/1181 2946/1956/1181
f 2951/1959/1181 2950/1960/1181 383/1412/1181
f 383/1412/1181 382/1413/1181 2951/1959/1181
f 2948/1954/2456 2316/1962/2456 2314/1392/2456
f 2951/1959/1181 2952/1958/1181 2314/1392/1181
f 2314/1392/1181 2316/1962/1181 2951/1959/1181
f 2456/1961/1181 2950/1960/1181 2946/1956/1181
f 2950/1960/1181 2316/1962/1181 2319/1400/1181
f 2946/1956/1181 2950/1960/1181 2319/1400/1181
f 2951/1959/1182 2753/1228/1182 2752/1227/1182
f 2752/1227/2457 2661/1226/2457 2951/1959/2457
f 2661/1226/1182 384/1795/1182 2950/1960/1182
f 384/1795/1184 2457/1792/1184 2456/1961/1184
f 2950/1960/1182 2951/1959/1182 2661/1226/1182
f 2956/1534/2458 2757/1229/2458 2952/1958/2458
f 2757/1229/1182 2753/1228/1182 2952/1958/1182
f 2752/1227/1182 2753/1228/1182 385/1414/1182
f 2953/1963/1182 2954/1965/1182 387/348/1182
f 387/348/1182 386/350/1182 2953/1963/1182
f 2953/1963/1182 2955/1540/1182 2952/1958/1182
f 2955/1540/2458 2956/1534/2458 2952/1958/2458
f 2952/1958/1182 2951/1959/1182 2953/1963/1182
f 2473/1964/1182 2954/1965/1182 2950/1960/1182
f 2954/1965/1182 2951/1959/1182 2950/1960/1182
f 2950/1960/1182 2456/1961/1182 2473/1964/1182
f 2955/1540/2459 2959/1537/2459 389/349/2459
f 2954/1965/1186 2953/1963/1186 389/349/1186
f 389/349/1186 388/1774/1186 2954/1965/1186
f 388/1774/2460 2424/1776/2460 2473/1964/2460
f 2958/1967/1186 391/351/1186 2957/1966/1186
f 391/351/1186 390/353/1186 2957/1966/1186
f 2473/1964/2460 2424/1776/2460 2423/1778/2460
f 2423/1778/1186 2958/1967/1186 2954/1965/1186
f 2958/1967/1186 2953/1963/1186 2954/1965/1186
f 2960/1542/2461 2959/1537/2461 2955/1540/2461
f 2955/1540/1186 2953/1963/1186 2957/1966/1186
f 2953/1963/1185 2958/1967/1185 2957/1966/1185
f 2958/1967/1187 2957/1966/1187 393/352/1187
f 393/352/1187 392/1780/1187 2958/1967/1187
f 392/1780/2462 2422/1777/2462 2423/1778/2462
f 2960/1542/2463 2963/1541/2463 393/352/2463
f 2962/1970/1187 395/354/1187 2961/1969/1187
f 395/354/1187 394/356/1187 2961/1969/1187
f 2957/1966/1187 2958/1967/1187 2962/1970/1187
f 2958/1967/1187 2423/1778/1187 2433/1971/1187
f 2423/1778/2464 2422/1777/2464 2433/1971/2464
f 2964/1968/2463 2963/1541/2463 2960/1542/2463
f 2960/1542/1187 2957/1966/1187 2961/1969/1187
f 2957/1966/1187 2962/1970/1187 2961/1969/1187
f 2964/1968/1188 2967/1544/1188 397/355/1188
f 2962/1970/1188 2961/1969/1188 397/355/1188
f 397/355/1188 396/1769/1188 2962/1970/1188
f 396/1769/1188 2409/1771/1188 2433/1971/1188
f 2966/1974/1188 399/357/1188 2965/1973/1188
f 399/357/1188 398/359/1188 2965/1973/1188
f 2968/1972/1188 2967/1544/1188 2964/1968/1188
f 2964/1968/1188 2961/1969/1188 2965/1973/1188
f 2961/1969/1188 2966/1974/1188 2965/1973/1188
f 2410/1975/1188 2966/1974/1188 2962/1970/1188
f 2966/1974/1188 2961/1969/1188 2962/1970/1188
f 2962/1970/1189 2433/1971/1189 2410/1975/1189
f 2968/1972/1190 1874/1548/1190 401/358/1190
f 2966/1974/1190 2965/1973/1190 401/358/1190
f 401/358/1190 400/1753/1190 2966/1974/1190
f 400/1753/2465 2387/1755/2465 2410/1975/2465
f 2970/1977/1190 403/360/1190 2969/1976/1190
f 403/360/1190 402/362/1190 2969/1976/1190
f 2388/1757/1190 2970/1977/1190 2966/1974/1190
f 2970/1977/1190 2965/1973/1190 2966/1974/1190
f 2410/1975/2465 2387/1755/2465 2388/1757/2465
f 1872/1552/1190 1874/1548/1190 2969/1976/1190
f 1874/1548/1190 2968/1972/1190 2969/1976/1190
f 2968/1972/1190 2965/1973/1190 2969/1976/1190
f 2970/1977/1193 2969/1976/1193 405/361/1193
f 405/361/1192 404/1772/1192 2970/1977/1192
f 404/1772/1192 2389/1756/1192 2388/1757/1192
f 1872/1552/2466 1873/1551/2466 405/361/2466
f 2972/1980/1192 407/363/1192 2971/1979/1192
f 407/363/1191 406/365/1191 2971/1979/1191
f 2973/1978/1193 1873/1551/1193 2971/1979/1193
f 1873/1551/2467 1872/1552/2467 2971/1979/2467
f 1872/1552/1191 2969/1976/1191 2971/1979/1191
f 2388/1757/1193 2389/1756/1193 2413/1773/1193
f 2413/1773/1193 2972/1980/1193 2970/1977/1193
f 2972/1980/1193 2969/1976/1193 2970/1977/1193
f 2973/1978/2468 2976/1554/2468 409/364/2468
f 2971/1979/1194 409/364/1194 2972/1980/1194
f 409/364/1194 408/1759/1194 2972/1980/1194
f 408/1759/2469 2400/1761/2469 2413/1773/2469
f 2975/1983/1194 411/1415/1194 2974/1982/1194
f 411/1415/1194 410/553/1194 2974/1982/1194
f 2413/1773/2469 2400/1761/2469 2401/1763/2469
f 2401/1763/1194 2975/1983/1194 2972/1980/1194
f 2975/1983/1194 2971/1979/1194 2972/1980/1194
f 2976/1554/2470 2973/1978/2470 2974/1982/2470
f 2973/1978/1194 2971/1979/1194 2974/1982/1194
f 2971/1979/1194 2975/1983/1194 2974/1982/1194
f 2975/1983/1195 2974/1982/1195 414/551/1195
f 414/551/1195 413/1417/1195 2975/1983/1195
f 413/1417/1195 2399/1764/1195 2401/1763/1195
f 414/551/1195 2974/1982/1195 2977/1981/1195
f 415/368/1195 2979/1986/1195 2980/1984/1195
f 416/366/2471 2980/1984/2471 2981/1985/2471
f 2979/1986/2472 2978/1556/2472 2977/1981/2472
f 2977/1981/1195 2974/1982/1195 2979/1986/1195
f 2401/1763/1195 2399/1764/1195 2449/1789/1195
f 2449/1789/1195 2981/1985/1195 2975/1983/1195
f 2981/1985/2473 2980/1984/2473 2975/1983/2473
f 2980/1984/1195 2974/1982/1195 2975/1983/1195
f 2449/1789/1198 2981/1985/1198 417/1987/1198
f 2979/1986/2474 2984/1557/2474 418/367/2474
f 418/367/1198 417/1987/1198 2980/1984/1198
f 417/1987/2475 2981/1985/2475 2980/1984/2475
f 419/369/2476 2985/1560/2476 2986/1988/2476
f 2442/1782/2477 420/1784/2477 2515/1991/2477
f 420/1784/1198 419/369/1198 2983/1989/1198
f 2982/1990/1198 420/1784/1198 2983/1989/1198
f 2982/1990/1198 2983/1989/1198 2981/1985/1198
f 2449/1789/2478 2441/1788/2478 2442/1782/2478
f 2982/1990/1198 2981/1985/1198 2449/1789/1198
f 2449/1789/2477 2442/1782/2477 2515/1991/2477
f 2984/1557/2479 2979/1986/2479 2983/1989/2479
f 2979/1986/1198 2980/1984/1198 2983/1989/1198
f 2980/1984/2480 2981/1985/2480 2983/1989/2480
f 2983/1989/1198 2986/1988/1198 2984/1557/1198
f 2986/1988/1200 422/371/1200 2983/1989/1200
f 422/371/1200 421/370/1200 2983/1989/1200
f 2990/1992/1200 2988/1995/1200 423/372/1200
f 2522/1796/1201 424/1798/1201 2541/1994/1201
f 424/1798/1200 423/372/1200 2988/1995/1200
f 2987/1993/1200 424/1798/1200 2988/1995/1200
f 2989/1563/1200 2986/1988/1200 2983/1989/1200
f 2983/1989/1200 2982/1990/1200 2988/1995/1200
f 2988/1995/1200 2990/1992/1200 2983/1989/1200
f 2987/1993/1200 2988/1995/1200 2982/1990/1200
f 2515/1991/2481 2522/1796/2481 2541/1994/2481
f 2541/1994/1200 2987/1993/1200 2515/1991/1200
f 2990/1992/1203 426/374/1203 2988/1995/1203
f 426/374/1203 425/373/1203 2988/1995/1203
f 2993/1996/1203 2992/1999/1203 427/375/1203
f 2544/1799/1203 428/1801/1203 2616/1998/1203
f 428/1801/1203 427/375/1203 2991/1997/1203
f 427/375/1203 2992/1999/1203 2991/1997/1203
f 2994/1567/1203 2990/1992/1203 2988/1995/1203
f 2988/1995/1203 2987/1993/1203 2992/1999/1203
f 2992/1999/1203 2993/1996/1203 2988/1995/1203
f 2991/1997/1203 2992/1999/1203 2987/1993/1203
f 2541/1994/2482 2544/1799/2482 2616/1998/2482
f 2616/1998/1203 2991/1997/1203 2541/1994/1203
f 2993/1996/1205 430/377/1205 2992/1999/1205
f 430/377/1205 429/376/1205 2992/1999/1205
f 2997/2000/1205 2996/2002/1205 431/378/1205
f 1980/1633/1205 432/1804/1205 1979/1634/1205
f 432/1804/1205 431/378/1205 2995/2001/1205
f 431/378/1205 2996/2002/1205 2995/2001/1205
f 2998/1569/1205 2993/1996/1205 2992/1999/1205
f 2992/1999/1205 2991/1997/1205 2996/2002/1205
f 2996/2002/1205 2997/2000/1205 2992/1999/1205
f 2616/1998/1205 1980/1633/1205 1979/1634/1205
f 1979/1634/1205 2995/2001/1205 2616/1998/1205
f 2995/2001/1205 2996/2002/1205 2991/1997/1205
f 2997/2000/1208 434/380/1208 2996/2002/1208
f 434/380/1208 433/379/1208 2996/2002/1208
f 3002/2003/1208 3000/2006/1208 435/381/1208
f 1964/1628/1209 436/2005/1209 1965/1629/1209
f 436/2005/1208 435/381/1208 2999/2004/1208
f 435/381/1209 3000/2006/1209 2999/2004/1209
f 3001/1572/1210 2997/2000/1210 3002/2003/1210
f 2997/2000/1208 2996/2002/1208 3002/2003/1208
f 2996/2002/1208 2995/2001/1208 3000/2006/1208
f 1979/1634/1209 1964/1628/1209 1965/1629/1209
f 2999/2004/1208 3000/2006/1208 2995/2001/1208
f 1979/1634/1208 1965/1629/1208 2999/2004/1208
f 3002/2003/1211 438/383/1211 3000/2006/1211
f 438/383/1213 437/382/1213 3000/2006/1213
f 3004/2007/1213 1830/1348/1213 1827/1345/1213
f 1827/1345/1212 439/550/1212 3003/2008/1212
f 3006/2009/1211 3003/2008/1211 439/550/1211
f 1966/1630/1212 440/1419/1212 1830/1348/1212
f 440/1419/1213 1827/1345/1213 1830/1348/1213
f 2061/1652/1212 1830/1348/1212 1826/1342/1212
f 3005/1575/2483 3002/2003/2483 3006/2009/2483
f 3002/2003/1213 3000/2006/1213 3006/2009/1213
f 3000/2006/1213 2999/2004/1213 3003/2008/1213
f 1830/1348/1212 3004/2007/1212 1965/1629/1212
f 3004/2007/1212 3003/2008/1212 2999/2004/1212
f 1965/1629/1212 3004/2007/1212 2999/2004/1212
f 3006/2009/1217 442/548/1217 3003/2008/1217
f 442/548/1217 1823/1418/1217 3003/2008/1217
f 1823/1418/2484 1824/1347/2484 3004/2007/2484
f 2061/1652/2485 1830/1348/2485 1824/1347/2485
f 3007/2010/1217 1853/1352/1217 1850/1351/1217
f 3009/2011/1217 3007/2010/1217 443/547/1217
f 2055/1648/2486 444/1421/2486 2054/1649/2486
f 444/1421/1217 1850/1351/1217 1853/1352/1217
f 3008/2012/1217 444/1421/1217 1853/1352/1217
f 3008/2012/2487 1853/1352/2487 1838/1344/2487
f 1838/1344/2485 1829/1343/2485 2061/1652/2485
f 1829/1343/2488 1830/1348/2488 2061/1652/2488
f 1838/1344/2489 2055/1648/2489 2054/1649/2489
f 2061/1652/1217 2055/1648/1217 1838/1344/1217
f 3010/1577/2489 3006/2009/2489 3009/2011/2489
f 3006/2009/1217 3003/2008/1217 3009/2011/1217
f 3003/2008/1216 3004/2007/1216 3007/2010/1216
f 3007/2010/1217 3004/2007/1217 1853/1352/1217
f 3004/2007/1217 1830/1348/1217 1829/1343/1217
f 1829/1343/1216 1838/1344/1216 3004/2007/1216
f 3009/2011/1220 446/545/1220 3007/2010/1220
f 446/545/1221 1852/1353/1221 3007/2010/1221
f 3008/2012/1221 1853/1352/1221 1852/1353/1221
f 1914/1365/1220 3012/2016/1220 447/1425/1220
f 2049/1650/2490 448/1423/2490 2050/2014/2490
f 448/1423/1220 447/1425/1220 3011/2013/1220
f 447/1425/1220 3012/2016/1220 3011/2013/1220
f 3013/2015/1221 1914/1365/1221 1911/1361/1221
f 3011/2013/1220 3012/2016/1220 3008/2012/1220
f 2054/1649/2490 2049/1650/2490 2050/2014/2490
f 2050/2014/1221 3011/2013/1221 2054/1649/1221
f 3012/2016/1220 1914/1365/1220 1881/1350/1220
f 1881/1350/1221 1849/1349/1221 3008/2012/1221
f 1849/1349/1220 1853/1352/1220 3008/2012/1220
f 3014/1580/1220 3009/2011/1220 3013/2015/1220
f 3009/2011/1221 3007/2010/1221 1914/1365/1221
f 3007/2010/1221 1853/1352/1221 1849/1349/1221
f 1849/1349/1221 1881/1350/1221 3007/2010/1221
f 1881/1350/1221 1914/1365/1221 3007/2010/1221
f 1883/1357/2491 1884/1354/2491 449/1424/2491
f 449/1424/1223 3011/2013/1223 1883/1357/1223
f 3011/2013/1223 3012/2016/1223 1883/1357/1223
f 1914/1365/1223 3013/2015/1223 1884/1354/1223
f 3013/2015/1223 450/1582/1223 1884/1354/1223
f 3016/2019/1223 2052/2020/1223 452/1645/1223
f 452/1645/1223 451/384/1223 3016/2019/1223
f 3015/2018/1223 3011/2013/1223 3016/2019/1223
f 3011/2013/1223 2050/2014/1223 3016/2019/1223
f 3015/2018/1223 3017/2017/1223 1967/1359/1223
f 3017/2017/1223 2008/1367/1223 1967/1359/1223
f 3012/2016/1223 3011/2013/1223 3015/2018/1223
f 1909/1358/1223 1914/1365/1223 3012/2016/1223
f 3015/2018/2492 1967/1359/2492 1909/1358/2492
f 1914/1365/1223 1909/1358/1223 3013/2015/1223
f 1909/1358/2493 1967/1359/2493 2008/1367/2493
f 453/385/2494 2051/1646/2494 2052/2020/2494
f 3021/1583/2495 454/386/2495 3017/2017/2495
f 454/386/1226 453/385/1226 3015/2018/1226
f 3017/2017/1226 454/386/1226 3015/2018/1226
f 3019/2023/1227 2076/2024/1227 456/1655/1227
f 456/1655/1226 455/387/1226 3019/2023/1226
f 3019/2023/1225 3018/2022/1225 3016/2019/1225
f 2052/2020/2496 2051/1646/2496 2076/2024/2496
f 3019/2023/1226 3016/2019/1226 2052/2020/1226
f 3018/2022/1226 3020/2021/1226 3015/2018/1226
f 3020/2021/2495 3021/1583/2495 3017/2017/2495
f 3015/2018/1226 3020/2021/1226 3017/2017/1226
f 457/388/2497 2075/1656/2497 2076/2024/2497
f 3025/1587/2498 458/389/2498 3020/2021/2498
f 458/389/1228 457/388/1228 3018/2022/1228
f 457/388/1228 3019/2023/1228 3018/2022/1228
f 3023/2026/1228 2116/2028/1228 460/1669/1228
f 460/1669/1228 459/390/1228 3023/2026/1228
f 3022/2025/1228 3024/2027/1228 3018/2022/1228
f 3024/2027/2498 3025/1587/2498 3020/2021/2498
f 3024/2027/1228 3020/2021/1228 3018/2022/1228
f 3023/2026/1228 3022/2025/1228 3019/2023/1228
f 2076/2024/2499 2075/1656/2499 2116/2028/2499
f 3023/2026/1228 3019/2023/1228 2076/2024/1228
f 3029/1589/2500 462/392/2500 3024/2027/2500
f 462/392/1229 461/391/1229 3022/2025/1229
f 461/391/1229 3023/2026/1229 3022/2025/1229
f 461/391/2501 2108/1665/2501 2116/2028/2501
f 3027/2031/1229 2107/2032/1229 464/1666/1229
f 464/1666/1229 463/393/1229 3027/2031/1229
f 3027/2031/1229 3026/2030/1229 3023/2026/1229
f 2116/2028/2501 2108/1665/2501 2107/2032/2501
f 3027/2031/1229 3023/2026/1229 2116/2028/1229
f 3026/2030/1229 3028/2029/1229 3022/2025/1229
f 3028/2029/2500 3029/1589/2500 3024/2027/2500
f 3028/2029/1229 3024/2027/1229 3022/2025/1229
f 465/394/2502 2106/1667/2502 2107/2032/2502
f 3033/1592/1230 466/395/1230 3028/2029/1230
f 466/395/1230 465/394/1230 3027/2031/1230
f 3026/2030/1230 466/395/1230 3027/2031/1230
f 3031/2034/1230 2123/2036/1230 468/1670/1230
f 468/1670/1230 467/396/1230 3031/2034/1230
f 3031/2034/1230 3030/2033/1230 3027/2031/1230
f 2107/2032/2502 2106/1667/2502 2123/2036/2502
f 3031/2034/1230 3027/2031/1230 2107/2032/1230
f 3030/2033/1230 3032/2035/1230 3026/2030/1230
f 3032/2035/1230 3033/1592/1230 3028/2029/1230
f 3032/2035/1230 3028/2029/1230 3026/2030/1230
f 3037/1595/2503 470/398/2503 3032/2035/2503
f 470/398/1231 469/397/1231 3031/2034/1231
f 3030/2033/1232 470/398/1232 3031/2034/1232
f 469/397/2503 2122/1671/2503 2123/2036/2503
f 3035/2038/1231 2124/2040/1231 472/1673/1231
f 472/1673/1231 471/399/1231 3035/2038/1231
f 3035/2038/1231 3034/2037/1231 3031/2034/1231
f 2123/2036/2503 2122/1671/2503 2124/2040/2503
f 3035/2038/1231 3031/2034/1231 2123/2036/1231
f 3034/2037/1233 3036/2039/1233 3030/2033/1233
f 3036/2039/2504 3037/1595/2504 3032/2035/2504
f 3036/2039/1231 3032/2035/1231 3030/2033/1231
f 3041/1598/2505 474/401/2505 3036/2039/2505
f 474/401/1235 473/400/1235 3035/2038/1235
f 3034/2037/1236 474/401/1236 3035/2038/1236
f 473/400/2506 2092/1661/2506 2124/2040/2506
f 3039/2043/1236 2091/2044/1236 476/1663/1236
f 476/1663/1236 475/402/1236 3039/2043/1236
f 2124/2040/2507 2092/1661/2507 2091/2044/2507
f 2091/2044/1235 3039/2043/1235 2124/2040/1235
f 3039/2043/1235 3038/2042/1235 3035/2038/1235
f 3038/2042/1235 3040/2041/1235 3034/2037/1235
f 3040/2041/2505 3041/1598/2505 3036/2039/2505
f 3036/2039/2508 3034/2037/2508 3040/2041/2508
f 477/403/2509 2079/1658/2509 2091/2044/2509
f 3042/1601/2510 478/404/2510 3040/2041/2510
f 478/404/1237 477/403/1237 3039/2043/1237
f 3038/2042/1237 478/404/1237 3039/2043/1237
f 2881/2047/1237 2078/2048/1237 480/1660/1237
f 480/1660/1237 479/405/1237 2881/2047/1237
f 2091/2044/2511 2079/1658/2511 2078/2048/2511
f 2881/2047/1237 2880/2046/1237 3039/2043/1237
f 2091/2044/1237 2078/2048/1237 2881/2047/1237
f 3039/2043/1237 2880/2046/1237 3038/2042/1237
f 2880/2046/1237 2884/2045/1237 3038/2042/1237
f 2884/2045/2510 3042/1601/2510 3040/2041/2510
f 481/406/2512 2070/1653/2512 2078/2048/2512
f 2880/2046/1239 2884/2045/1239 482/407/1239
f 2884/2045/2513 2885/1604/2513 482/407/2513
f 482/407/1238 481/406/1238 2881/2047/1238
f 2028/2050/2514 2026/1642/2514 484/408/2514
f 484/408/1238 483/410/1238 2878/2049/1238
f 2879/2051/2515 2878/2049/2515 483/410/2515
f 483/410/2516 2883/1605/2516 2882/2052/2516
f 2881/2047/1238 2878/2049/1238 2880/2046/1238
f 2878/2049/1238 2879/2051/1238 2880/2046/1238
f 2882/2052/2516 2883/1605/2516 2884/2045/2516
f 2883/1605/2517 2885/1604/2517 2884/2045/2517
f 2879/2051/1238 2882/2052/1238 2880/2046/1238
f 2078/2048/2518 2070/1653/2518 2026/1642/2518
f 2028/2050/1238 2878/2049/1238 2881/2047/1238
f 2078/2048/2519 2026/1642/2519 2028/2050/2519
f 2878/2049/2520 2879/2051/2520 486/409/2520
f 486/409/1240 485/1640/1240 2878/2049/1240
f 2890/2053/1240 2889/2055/1240 487/413/1240
f 2889/2055/1240 488/411/1240 487/413/1240
f 487/413/2521 2892/1608/2521 2891/2054/2521
f 488/411/1240 2889/2055/1240 2012/1638/1240
f 2891/2054/2521 2892/1608/2521 2882/2052/2521
f 2882/2052/1240 2879/2051/1240 2890/2053/1240
f 2879/2051/2521 2889/2055/2521 2890/2053/2521
f 2028/2050/2522 2007/1637/2522 2012/1638/2522
f 2012/1638/1240 2889/2055/1240 2028/2050/1240
f 2889/2055/2520 2879/2051/2520 2878/2049/2520
f 2889/2055/1243 2890/2053/1243 490/412/1243
f 490/412/1242 489/1636/1242 2889/2055/1242
f 2900/2056/1243 2901/2061/1243 491/416/1243
f 2901/2061/1242 492/414/1242 491/416/1242
f 491/416/1243 2903/1609/1243 2902/2057/1243
f 492/414/1242 2901/2061/1242 1924/1618/1242
f 2012/1638/1242 1923/1617/1242 1924/1618/1242
f 1924/1618/1243 2901/2061/1243 2889/2055/1243
f 2901/2061/1243 2890/2053/1243 2889/2055/1243
f 2902/2057/1243 2903/1609/1243 2891/2054/1243
f 2891/2054/1242 2890/2053/1242 2900/2056/1242
f 2890/2053/1242 2901/2061/1242 2900/2056/1242
f 2604/2058/1245 2605/2070/1245 750/544/1245
f 2605/2070/1245 752/567/1245 750/544/1245
f 750/544/1245 2908/1525/1245 2609/2059/1245
f 752/567/1245 2605/2070/1245 1905/2060/1245
f 2901/2061/1245 2900/2056/1245 494/415/1245
f 494/415/1245 493/1616/1245 2901/2061/1245
f 2609/2059/1245 2908/1525/1245 2902/2057/1245
f 2902/2057/1245 2900/2056/1245 2604/2058/1245
f 2900/2056/1245 2605/2070/1245 2604/2058/1245
f 1924/1618/1244 1906/1611/1244 1905/2060/1244
f 1905/2060/1245 2605/2070/1245 2901/2061/1245
f 2605/2070/1245 2900/2056/1245 2901/2061/1245
f 2549/2299/2523 2560/2065/2523 622/519/2523
f 622/519/1247 729/500/1247 2550/2300/1247
f 729/500/1247 732/499/1247 2461/2063/1247
f 2444/2277/1246 729/500/1246 2443/2276/1246
f 732/499/1247 623/513/1247 1845/2064/1247
f 732/499/1246 1845/2064/1246 1848/2296/1246
f 2550/2300/2524 2549/2299/2524 622/519/2524
f 2444/2277/2525 2550/2300/2525 729/500/2525
f 732/499/2526 1848/2296/2526 2434/2283/2526
f 2435/2280/1246 2450/2263/1246 732/499/1246
f 2450/2263/1246 2451/2062/1246 732/499/1246
f 732/499/1246 2434/2283/1246 2435/2280/1246
f 2443/2276/1246 729/500/1246 2460/2264/1246
f 2460/2264/1247 729/500/1247 2461/2063/1247
f 2560/2065/2523 2549/2299/2523 2443/2276/2523
f 2549/2299/2527 2550/2300/2527 2444/2277/2527
f 2443/2276/2528 2549/2299/2528 2444/2277/2528
f 2443/2276/1246 2460/2264/1246 2560/2065/1246
f 2460/2264/1246 2461/2063/1246 2560/2065/1246
f 2461/2063/1246 2451/2062/1246 1845/2064/1246
f 2451/2062/2523 2450/2263/2523 1845/2064/2523
f 2450/2263/2523 2435/2280/2523 1845/2064/2523
f 2435/2280/2529 2434/2283/2529 1848/2296/2529
f 1845/2064/1246 2435/2280/1246 1848/2296/1246
f 1904/1615/1248 1937/1627/1248 2563/1802/1248
f 1937/1627/1248 1904/1615/1248 653/1480/1248
f 2563/1802/1249 1936/1626/1249 497/1624/1249
f 2874/1338/1255 2867/1340/1255 436/2005/1255
f 2867/1340/2530 1961/1339/2530 437/382/2530
f 668/1474/2530 1961/1339/2530 2867/1340/2530
f 1960/1632/1257 668/1474/1257 2874/1338/1257
f 687/1492/2531 2290/1125/2531 2283/1124/2531
f 2267/1113/1286 2262/1115/1286 687/1492/1286
f 2283/1124/2532 2290/1125/2532 2262/1115/2532
f 2290/1125/1286 2146/1687/1286 2262/1115/1286
f 2146/1687/1286 546/445/1286 2262/1115/1286
f 2282/1123/1288 2151/1129/1288 688/1493/1288
f 688/1493/2533 687/1492/2533 2282/1123/2533
f 687/1492/1287 2262/1115/1287 2268/1114/1287
f 2268/1114/2533 2262/1115/2533 2282/1123/2533
f 2262/1115/2533 546/445/2533 2282/1123/2533
f 505/1427/1289 634/1457/1289 1813/1212/1289
f 509/1695/2534 1844/1032/2534 1842/1033/2534
f 1844/1032/2535 1843/1693/2535 1842/1033/2535
f 1843/1693/1293 635/1456/1293 1837/1031/1293
f 1835/1034/1295 1836/1029/1295 510/1432/1295
f 510/1432/1295 509/1695/1295 1835/1034/1295
f 1835/1034/1295 1837/1031/1295 635/1456/1295
f 1870/2066/1298 538/1433/1298 537/1436/1298
f 537/1436/1298 1871/1107/1298 1870/2066/1298
f 1871/1107/1298 1864/1108/1298 1870/2066/1298
f 1864/1108/1297 1862/1118/1297 1860/1741/1297
f 1862/1118/1297 1863/1116/1297 1860/1741/1297
f 1863/1116/2536 1861/1120/2536 1860/1741/2536
f 1862/1118/1297 1864/1108/1297 686/1514/1297
f 686/1514/1297 685/560/1297 1862/1118/1297
f 685/560/2537 1861/1120/2537 1863/1116/2537
f 1870/2066/1299 538/1433/1299 1878/1706/1299
f 1876/1098/2538 1875/1097/2538 1877/1698/2538
f 1887/1094/957 1888/1093/957 643/561/957
f 1887/1094/957 1876/1098/957 1885/1709/957
f 1876/1098/955 1878/1706/955 1885/1709/955
f 626/1455/1304 1893/1715/1304 1890/1714/1304
f 633/1459/1304 627/1452/1304 1890/1714/1304
f 501/1723/2539 1895/1722/2539 1892/1720/2539
f 1892/1720/1306 633/1459/1306 1894/1717/1306
f 634/1457/1308 633/1459/1308 1891/1721/1308
f 1891/1721/2540 1895/1722/2540 501/1723/2540
f 1897/2067/1310 692/1494/1310 567/1439/1310
f 1897/2067/1313 1899/1727/1313 1900/1726/1313
f 1926/1091/1319 1935/1089/1319 534/439/1319
f 1925/1738/1320 1929/1086/1320 1926/1091/1320
f 1928/1092/2541 1930/1095/2541 642/1466/2541
f 642/1466/1320 641/1465/1320 1927/1090/1320
f 641/1465/2541 1929/1086/2541 1927/1090/2541
f 1930/1095/2541 1928/1092/2541 1925/1738/2541
f 1928/1092/2542 1927/1090/2542 1929/1086/2542
f 688/1493/2543 1954/1134/2543 1953/1133/2543
f 1951/1126/2543 1952/1128/2543 688/1493/2543
f 1953/1133/2544 1954/1134/2544 1950/1685/2544
f 1950/1685/1321 550/448/1321 1952/1128/1321
f 1952/1128/2545 1951/1126/2545 1953/1133/2545
f 1957/1132/1323 1956/1136/1323 689/1512/1323
f 689/1512/1323 688/1493/1323 1957/1132/1323
f 688/1493/1323 1952/1128/1323 1958/1127/1323
f 1958/1127/2546 1952/1128/2546 1957/1132/2546
f 1952/1128/1322 550/448/1322 1957/1132/1322
f 554/451/1325 1972/1145/1325 1969/1141/1325
f 1970/1744/2547 1972/1145/2547 1971/1146/2547
f 1971/1146/1326 1973/1143/1326 690/1511/1326
f 562/457/1327 1986/1160/1327 1983/1157/1327
f 1984/1730/2548 1986/1160/2548 1985/1161/2548
f 691/1510/2549 1985/1161/2549 1987/1158/2549
f 558/454/1331 1992/1151/1331 1991/1150/1331
f 1992/1151/1332 1993/1153/1332 1994/1747/1332
f 2016/1758/1339 2018/1280/1339 2002/1279/1339
f 2014/1275/1339 2017/1274/1339 718/1524/1339
f 717/1517/1338 2018/1280/1338 2015/1276/1338
f 2014/1275/1338 718/1524/1338 717/1517/1338
f 2015/1276/1338 2018/1280/1338 2016/1758/1338
f 2016/1758/1339 2017/1274/1339 2015/1276/1339
f 404/1772/2550 403/360/2550 2002/1279/2550
f 2022/1754/1341 399/357/1341 2021/1272/1341
f 2023/1264/2551 2024/1266/2551 719/1523/2551
f 718/1524/2551 2021/1272/2551 2025/1271/2551
f 2023/1264/2552 719/1523/2552 718/1524/2552
f 2025/1271/2553 2021/1272/2553 2024/1266/2553
f 2021/1272/1343 399/357/1343 2024/1266/1343
f 2058/1760/1345 407/363/1345 2038/1286/1345
f 2034/1278/1346 2039/1277/1346 717/1517/1346
f 717/1517/2554 716/1516/2554 2034/1278/2554
f 716/1516/2554 2038/1286/2554 2043/1283/2554
f 2034/1278/2555 2043/1283/2555 2039/1277/2555
f 2043/1283/2555 2038/1286/2555 2039/1277/2555
f 2113/1255/2556 2112/1256/2556 2073/1262/2556
f 2073/1262/1347 391/351/1347 2114/1779/1347
f 2113/1255/1347 2115/1258/1347 721/1521/1347
f 2112/1256/2557 2113/1255/2557 720/1522/2557
f 2073/1262/1348 2071/1263/1348 2072/1257/1348
f 2072/1257/1348 392/1780/1348 2073/1262/1348
f 720/1522/1348 2072/1257/1348 2071/1263/1348
f 719/1523/2558 2125/1270/2558 2126/1269/2558
f 2125/1270/2559 2127/1770/2559 2126/1269/2559
f 2127/1770/1349 395/354/1349 2128/1268/1349
f 2152/1259/2560 2154/1261/2560 720/1522/2560
f 719/1523/1351 2128/1268/1351 2153/1267/1351
f 2152/1259/2561 720/1522/2561 719/1523/2561
f 395/354/1351 2154/1261/1351 2128/1268/1351
f 2154/1261/2562 2152/1259/2562 2153/1267/2562
f 715/1515/1353 2192/1288/1353 2194/1285/1353
f 2181/2069/2563 2196/2068/2563 2195/1767/2563
f 2192/1288/1353 2178/1287/1353 2193/1768/1353
f 2178/1287/1353 2180/1786/1353 2193/1768/1353
f 2181/2069/2564 2180/1786/2564 2182/1785/2564
f 2179/1289/1358 2182/1785/1358 2180/1786/1358
f 2205/1781/1359 2208/1303/1359 2199/1302/1359
f 2206/1296/2565 2207/1298/2565 2204/1790/2565
f 2204/1790/2566 2203/1490/2566 673/1479/2566
f 673/1479/1359 2208/1303/1359 2206/1296/1359
f 2206/1296/1359 2208/1303/1359 2205/1781/1359
f 416/366/2567 2199/1302/2567 2197/1299/2567
f 383/1412/2568 2217/1232/2568 2216/1230/2568
f 2214/1793/1363 2217/1232/1363 2215/1225/1363
f 2224/1233/1366 723/1518/1366 722/1520/1366
f 721/1521/2569 2232/1244/2569 2229/1245/2569
f 2232/1244/2569 2231/1775/2569 2230/1252/2569
f 2231/1775/2569 387/348/2569 2230/1252/2569
f 722/1520/1370 721/1521/1370 2235/1243/1370
f 721/1521/2570 2230/1252/2570 2236/1251/2570
f 2235/1243/2571 2236/1251/2571 2230/1252/2571
f 2181/2069/2572 2196/2068/2572 2245/1765/2572
f 2245/1765/2573 2243/1295/2573 2181/2069/2573
f 2243/1295/1373 2244/1787/1373 2181/2069/1373
f 413/1417/2572 412/1416/2572 2181/2069/2572
f 2272/1301/1372 2265/1294/1372 2245/1765/1372
f 2265/1294/1372 2243/1295/1372 2245/1765/1372
f 2245/1765/1372 2269/1762/1372 2271/1300/1372
f 2265/1294/1372 2272/1301/1372 675/566/1372
f 2272/1301/2574 2271/1300/2574 675/566/2574
f 675/566/1372 674/1491/1372 2265/1294/1372
f 2196/2068/2575 2181/2069/2575 412/1416/2575
f 2277/1783/1374 420/1784/1374 2276/1306/1374
f 672/1478/1375 2276/1306/1375 2279/1305/1375
f 424/1798/1376 2286/1315/1376 2285/1314/1376
f 2288/1797/1377 2289/1312/1377 2286/1315/1377
f 671/1477/1378 2289/1312/1378 2287/1313/1378
f 375/1408/1381 1941/1625/1381 1940/1621/1381
f 724/1519/1379 1939/1620/1379 1940/1621/1379
f 2304/1410/2576 2303/1406/2576 2254/1389/2576
f 2254/1389/1382 1943/1619/1382 2304/1410/1382
f 1943/1619/1382 652/1468/1382 2304/1410/1382
f 2320/1396/2577 380/1957/2577 2309/1403/2577
f 380/1957/1384 379/1411/1384 2309/1403/1384
f 723/1518/2578 2320/1396/2578 2309/1403/2578
f 2324/1794/1385 723/1518/1385 2311/1394/1385
f 429/376/1387 428/1801/1387 2335/1319/1387
f 2333/1324/2579 2332/1318/2579 2336/1800/2579
f 2332/1318/1387 670/1476/1387 2336/1800/1387
f 428/1801/1386 2332/1318/1386 2333/1324/1386
f 671/1477/1388 670/1476/1388 2339/1321/1388
f 670/1476/1389 2332/1318/1389 2340/1323/1389
f 428/1801/1388 2339/1321/1388 2340/1323/1388
f 433/379/1390 432/1804/1390 2350/1328/1390
f 2344/1330/1390 669/1475/1390 1974/1635/1390
f 1974/1635/1390 2350/1328/1390 2345/1329/1390
f 432/1804/2580 2344/1330/2580 2345/1329/2580
f 670/1476/1392 669/1475/1392 2355/1331/1392
f 669/1475/2581 2344/1330/2581 2356/1333/2581
f 432/1804/1392 2355/1331/1392 2356/1333/1392
f 514/424/1400 513/1822/1400 2101/1049/1400
f 2177/1697/1400 2101/1049/1400 2067/1050/1400
f 2067/1050/2582 2066/1046/2582 2177/1697/2582
f 2067/1050/1400 2101/1049/1400 513/1822/1400
f 2065/1052/1402 2102/1053/1402 636/1460/1402
f 2102/1053/1402 637/1461/1402 636/1460/1402
f 513/1822/1402 2102/1053/1402 2065/1052/1402
f 2118/1066/2583 2135/1064/2583 518/427/2583
f 518/427/2583 517/1823/2583 2118/1066/2583
f 637/1461/2584 2135/1064/2584 2118/1066/2584
f 517/1823/2585 2430/1820/2585 2119/1063/2585
f 2430/1820/1406 2136/1061/1406 2117/1060/1406
f 637/1461/2585 2136/1061/2585 2134/1057/2585
f 2117/1060/1406 2136/1061/1406 637/1461/1406
f 2438/1825/1408 521/1826/1408 2155/1071/1408
f 2158/1069/1409 639/1463/1409 638/1462/1409
f 2167/1076/1410 2169/1077/1410 526/433/1410
f 2462/1827/1411 2170/1075/1411 2167/1076/1411
f 2183/1078/2586 2186/1084/2586 640/1464/2586
f 640/1464/1411 639/1463/1411 2168/1074/1411
f 639/1463/2587 2170/1075/2587 2168/1074/2587
f 2183/1078/1411 2168/1074/1411 2170/1075/1411
f 2170/1075/1411 2462/1827/1411 2186/1084/1411
f 542/442/1419 2241/1104/1419 2221/1105/1419
f 2221/1105/1419 2241/1104/1419 2250/1707/1419
f 2220/1702/1422 2222/1106/1422 2241/1104/1422
f 687/1492/2588 2249/1513/2588 2201/1704/2588
f 2201/1704/2589 2222/1106/2589 2238/1101/2589
f 2238/1101/2590 2247/1110/2590 2201/1704/2590
f 2247/1110/2590 2263/1112/2590 687/1492/2590
f 2238/1101/2591 2222/1106/2591 2247/1110/2591
f 2222/1106/1422 2220/1702/1422 2247/1110/1422
f 2222/1106/2592 2201/1704/2592 2250/1707/2592
f 2187/1083/1432 2190/1082/1432 530/436/1432
f 2349/1736/1435 2191/1080/1435 2187/1083/1435
f 2202/1085/1433 2213/1087/1433 641/1465/1433
f 641/1465/1433 640/1464/1433 2189/1079/1433
f 640/1464/1433 2191/1080/1433 2189/1079/1433
f 2202/1085/1433 2189/1079/1433 2191/1080/1433
f 2191/1080/1434 2349/1736/1434 2213/1087/1434
f 2594/1945/1436 2278/1712/1436 371/1711/1436
f 371/1711/1436 370/345/1436 2594/1945/1436
f 2578/1840/1436 2582/1527/1436 624/559/1436
f 624/559/1436 628/1453/1436 2574/1841/1436
f 628/1453/1436 2573/1842/1436 2574/1841/1436
f 2275/1713/2593 2281/1719/2593 2573/1842/2593
f 2575/1943/1436 2583/1944/1436 2574/1841/1436
f 2583/1944/1436 2582/1527/1436 2578/1840/1436
f 2578/1840/1436 2574/1841/1436 2583/1944/1436
f 2575/1943/1436 2573/1842/1436 2594/1945/1436
f 2573/1842/1436 2281/1719/1436 2594/1945/1436
f 2281/1719/2594 2275/1713/2594 2278/1712/2594
f 2605/2070/1437 2604/2058/1437 749/543/1437
f 749/543/1437 751/1612/1437 2605/2070/1437
f 2606/1951/1437 2603/1952/1437 495/419/1437
f 2603/1952/1437 496/417/1437 495/419/1437
f 495/419/1437 2608/1528/1437 2607/1950/1437
f 1949/1623/2595 1907/1614/2595 496/417/2595
f 1905/2060/2595 1907/1614/2595 1949/1623/2595
f 1949/1623/1437 2603/1952/1437 2605/2070/1437
f 2603/1952/1437 2604/2058/1437 2605/2070/1437
f 2609/2059/1437 2604/2058/1437 2606/1951/1437
f 2604/2058/1437 2603/1952/1437 2606/1951/1437
f 2607/1950/1437 2608/1528/1437 2609/2059/1437
f 760/574/1526 759/573/1526 2614/2071/1526
f 759/573/1526 761/614/1526 2617/2073/1526
f 2617/2073/1443 761/614/1443 2621/2075/1443
f 761/614/1443 763/616/1443 2626/2077/1443
f 2620/2076/2596 2621/2075/2596 764/2078/2596
f 764/2078/1443 762/2074/1443 2617/2073/1443
f 765/636/1445 2653/2081/1445 2641/2079/1445
f 763/616/1445 2641/2079/1445 2639/2080/1445
f 2626/2077/1445 2639/2080/1445 2641/2079/1445
f 2641/2079/1445 766/2082/1445 2626/2077/1445
f 767/611/1446 2655/2084/1446 2654/2083/1446
f 766/2082/1446 2653/2081/1446 2654/2083/1446
f 767/611/1447 769/613/1447 2656/2086/1447
f 770/2088/1447 768/2085/1447 2656/2086/1447
f 769/613/1448 771/600/1448 2660/2089/1448
f 2660/2089/1448 2663/2090/1448 772/2091/1448
f 771/600/1449 773/602/1449 3043/2092/1449
f 774/2093/1449 772/2091/1449 2663/2090/1449
f 3044/2095/1450 3043/2092/1450 773/602/1450
f 773/602/1450 775/618/1450 3044/2095/1450
f 3043/2092/1450 3044/2095/1450 2665/2094/1450
f 2665/2094/1450 776/2098/1450 774/2093/1450
f 777/632/1451 2666/2096/1451 2665/2094/1451
f 776/2098/1451 2666/2096/1451 2667/2097/1451
f 779/606/1452 2677/2101/1452 2670/2100/1452
f 2670/2100/345 780/2102/345 778/2099/345
f 781/629/1453 2679/2104/1453 2678/2103/1453
f 2678/2103/1453 782/2105/1453 780/2102/1453
f 2679/2104/342 781/629/342 783/634/342
f 2680/2106/342 784/2109/342 782/2105/342
f 2680/2106/338 783/634/338 785/603/338
f 2086/2108/338 786/2160/338 784/2109/338
f 785/603/1455 787/631/1455 2088/2111/1455
f 788/2112/1455 786/2160/1455 2086/2108/1455
f 787/631/1458 789/591/1458 2087/2113/1458
f 790/2114/1458 788/2112/1458 2088/2111/1458
f 789/591/1459 791/609/1459 2083/2116/1459
f 792/2117/1459 790/2114/1459 2087/2113/1459
f 791/609/349 793/597/349 2082/2118/349
f 794/2120/349 792/2117/349 2082/2118/349
f 2697/2121/1462 2692/2123/1462 793/597/1462
f 2080/2122/1462 2081/2119/1462 793/597/1462
f 2080/2122/1462 2692/2123/1462 796/2124/1462
f 796/2124/1462 794/2120/1462 2081/2119/1462
f 2700/2125/1463 2697/2121/1463 795/599/1463
f 797/624/1463 2706/2128/1463 2701/2126/1463
f 796/2124/1463 2697/2121/1463 798/2127/1463
f 2697/2121/1463 2700/2125/1463 2701/2126/1463
f 2706/2128/1464 797/624/1464 799/594/1464
f 2712/2129/1464 800/2131/1464 798/2127/1464
f 801/596/1465 2717/2133/1465 2713/2130/1465
f 800/2131/1465 2712/2129/1465 2713/2130/1465
f 2720/2134/346 2717/2133/346 801/596/346
f 804/2136/346 802/2132/346 2720/2134/346
f 2725/2137/1466 2722/2135/1466 803/586/1466
f 806/2139/1466 804/2136/1466 2725/2137/1466
f 807/589/1467 2742/2143/1467 2736/2140/1467
f 2738/2141/1467 2730/2138/1467 805/588/1467
f 808/2142/1467 806/2139/1467 2736/2140/1467
f 806/2139/1467 2730/2138/1467 2736/2140/1467
f 809/626/1470 2744/2144/1470 2742/2143/1470
f 2744/2144/1468 809/626/1468 2749/2145/1468
f 2749/2145/2597 810/2149/2597 808/2142/2597
f 808/2142/1468 2744/2144/1468 2748/2146/1468
f 2749/2145/1472 809/626/1472 811/583/1472
f 812/575/2598 2685/2148/2598 2750/2147/2598
f 2719/2150/1475 818/582/1475 760/574/1475
f 814/577/1475 818/582/1475 2690/2154/1475
f 818/582/1475 2719/2150/1475 2728/2158/1475
f 812/575/1478 814/577/1478 2688/2155/1478
f 762/2074/1477 764/2078/1477 2640/2153/1477
f 764/2078/1475 766/2082/1475 2642/2152/1475
f 766/2082/1475 768/2085/1475 2650/2151/1475
f 2708/2157/1475 2728/2158/1475 800/2131/1475
f 2728/2158/1475 2719/2150/1475 768/2085/1475
f 804/2136/1475 2709/2156/1475 2708/2157/1475
f 808/2142/1475 2690/2154/1475 2709/2156/1475
f 810/2149/1534 2685/2148/1534 2684/2159/1534
f 1879/2162/339 822/653/339 820/585/339
f 820/585/2599 2739/2216/2599 1854/2332/2599
f 1854/2332/339 1856/2161/339 820/585/339
f 1854/2332/2600 2739/2216/2600 1856/2161/2600
f 2739/2216/2601 821/670/2601 1856/2161/2601
f 850/635/339 857/2163/339 1920/2164/339
f 1919/2165/2602 2769/2166/2602 850/635/2602
f 1920/2164/2603 858/663/2603 2769/2166/2603
f 1934/2169/2604 2209/2170/2604 830/627/2604
f 2209/2170/2605 860/2167/2605 830/627/2605
f 830/627/339 859/650/339 1944/2171/339
f 1944/2171/339 1931/2168/339 830/627/339
f 2209/2170/2606 1934/2169/2606 1931/2168/2606
f 840/610/339 863/652/339 2227/2249/339
f 840/610/339 2227/2249/339 2505/2172/339
f 1847/2173/2607 1846/2174/2607 840/610/2607
f 2505/2172/2608 2227/2249/2608 864/2222/2608
f 864/2222/2609 1846/2174/2609 2505/2172/2609
f 824/584/339 866/2175/339 2234/2176/339
f 2520/2178/339 843/638/339 847/620/339
f 843/638/339 2520/2178/339 2518/2183/339
f 2518/2183/339 2534/2180/339 843/638/339
f 2520/2178/2610 870/2182/2610 871/675/2610
f 871/675/2611 2840/2181/2611 2520/2178/2611
f 2840/2181/2612 2534/2180/2612 2520/2178/2612
f 2469/2185/2613 1889/2186/2613 841/637/2613
f 1889/2186/2614 861/644/2614 841/637/2614
f 841/637/339 2632/2207/339 2625/2184/339
f 2632/2207/2615 873/665/2615 2625/2184/2615
f 873/665/2616 1889/2186/2616 2625/2184/2616
f 2647/2188/339 866/2175/339 826/587/339
f 826/587/2617 2813/2189/2617 2646/2187/2617
f 2813/2189/2615 876/2212/2615 2647/2188/2615
f 847/620/339 877/2190/339 1955/2191/339
f 2523/2192/2618 2521/2179/2618 847/620/2618
f 870/2182/2619 2521/2179/2619 2523/2192/2619
f 833/598/339 832/630/339 2832/2193/339
f 832/630/339 878/2221/339 1990/2245/339
f 1990/2245/339 2672/2197/339 832/630/339
f 2672/2197/1518 2671/2195/1518 832/630/1518
f 2672/2197/2620 1990/2245/2620 879/2196/2620
f 879/2196/2621 2832/2193/2621 2672/2197/2621
f 845/617/2622 2836/2201/2622 2835/2198/2622
f 1916/2200/339 868/2242/339 838/607/339
f 838/607/2623 2835/2198/2623 2695/2317/2623
f 2695/2317/1502 2696/2199/1502 838/607/1502
f 2696/2199/2624 2695/2317/2624 2835/2198/2624
f 880/2202/2625 1916/2200/2625 2696/2199/2625
f 833/598/1499 2833/2194/1499 2035/2203/1499
f 2770/2204/339 841/637/339 850/635/339
f 841/637/339 2770/2204/339 2740/2205/339
f 2631/2206/2626 2632/2207/2626 841/637/2626
f 2770/2204/2627 858/663/2627 2740/2205/2627
f 858/663/2628 873/665/2628 2740/2205/2628
f 873/665/2615 2632/2207/2615 2740/2205/2615
f 816/580/339 851/639/339 2137/2208/339
f 2794/2209/2629 2830/2210/2629 816/580/2629
f 2137/2208/2630 882/2218/2630 2830/2210/2630
f 826/587/339 881/654/339 2143/2211/339
f 2824/2214/339 2821/2215/339 824/584/339
f 824/584/2631 2834/2177/2631 2828/2213/2631
f 820/585/339 824/584/339 2821/2215/339
f 2828/2213/2632 2834/2177/2632 2821/2215/2632
f 2834/2177/2633 867/668/2633 2821/2215/2633
f 867/668/2634 821/670/2634 2821/2215/2634
f 1820/2217/1518 1818/2329/1518 816/580/1518
f 1818/2329/339 877/2190/339 816/580/339
f 882/2218/2635 1818/2329/2635 1820/2217/2635
f 840/610/339 1846/2174/339 1833/2219/339
f 1832/2220/2636 878/2221/2636 840/610/2636
f 864/2222/2637 1832/2220/2637 1833/2219/2637
f 845/617/1510 865/646/1510 2173/2223/1510
f 843/638/339 2840/2181/339 2184/2224/339
f 1811/2250/1502 907/664/1502 908/2231/1502
f 904/673/1544 1807/2235/1544 1808/2232/1544
f 1808/2232/2638 1809/2240/2638 1810/2233/2638
f 1810/2233/2639 1811/2250/2639 908/2231/2639
f 908/2231/1502 904/673/1502 1808/2232/1502
f 1809/2240/1518 1808/2232/1518 1807/2235/1518
f 907/664/2640 1811/2250/2640 1809/2240/2640
f 1811/2250/2641 1810/2233/2641 1809/2240/2641
f 887/2236/1450 866/2175/1450 2647/2188/1450
f 868/2242/1468 1916/2200/1468 1915/2243/1468
f 880/2202/1468 903/2239/1468 1915/2243/1468
f 878/2221/1443 893/2237/1443 1988/2244/1443
f 1988/2244/1443 893/2237/1443 879/2196/1443
f 881/654/1523 889/667/1523 2142/2246/1523
f 2142/2246/1523 889/667/1523 876/2212/1523
f 877/2190/1524 1818/2329/1524 1819/2247/1524
f 1819/2247/1458 1818/2329/1458 882/2218/1458
f 2210/2248/2642 2209/2170/2642 1944/2171/2642
f 909/2241/1463 908/2231/1463 1920/2164/1463
f 910/677/1479 1811/2250/1479 1810/2233/1479
f 1810/2233/2643 1809/2240/2643 854/641/2643
f 854/641/1475 1809/2240/1475 1808/2232/1475
f 902/674/1480 1808/2232/1480 1807/2235/1480
f 1807/2235/1479 906/2234/1479 905/672/1479
f 924/2262/339 2435/2280/339 2450/2263/339
f 922/2259/339 2450/2263/339 2451/2062/339
f 920/2258/339 2451/2062/339 2461/2063/339
f 933/2275/339 936/2265/339 2443/2276/339
f 936/2265/339 944/2252/339 2460/2264/339
f 927/2279/339 2434/2283/339 2435/2280/339
f 932/2285/339 2460/2264/339 2461/2063/339
f 938/2268/1448 937/2272/1448 2474/2289/1448
f 2468/2290/1448 905/672/1448 1889/2186/1448
f 905/672/1448 906/2234/1448 1889/2186/1448
f 1889/2186/2644 2469/2185/2644 2467/2291/2644
f 937/2272/1523 936/2265/1523 2484/2292/1523
f 2484/2292/2645 2483/2293/2645 904/673/2645
f 2638/2294/1468 919/2257/1468 918/2254/1468
f 2234/2176/1468 887/2236/1468 2638/2294/1468
f 2638/2294/1468 2829/2295/1468 2234/2176/1468
f 2829/2295/2646 2828/2213/2646 2834/2177/2646
f 887/2236/1468 2234/2176/1468 886/2228/1468
f 2234/2176/1468 2834/2177/1468 886/2228/1468
f 1847/2173/1459 2505/2172/1459 1848/2296/1459
f 2505/2172/1459 928/2284/1459 1848/2296/1459
f 928/2284/1459 2505/2172/1459 2227/2249/1459
f 2227/2249/1459 895/2238/1459 896/661/1459
f 943/2267/1527 942/2266/1527 2535/2298/1527
f 2523/2192/1440 2524/2297/1440 2519/1450/1440
f 2519/1450/1526 2518/2183/1526 2521/2179/1526
f 2518/2183/2647 2520/2178/2647 2521/2179/2647
f 2534/2180/1527 2518/2183/1527 2519/1450/1527
f 2520/2178/1526 2518/2183/1526 910/677/1526
f 910/677/1526 911/676/1526 2523/2192/1526
f 2523/2192/2648 2521/2179/2648 910/677/2648
f 2560/2065/345 2561/2301/345 934/2274/345
f 934/2274/345 933/2275/345 2560/2065/345
f 2560/2065/1452 2549/2299/1452 902/674/1452
f 901/656/2649 902/674/2649 2549/2299/2649
f 2576/2303/306 2587/2304/306 915/2278/306
f 854/641/306 853/640/306 2576/2303/306
f 923/2261/1464 1947/2307/1464 2599/2306/1464
f 892/2229/2650 2598/2305/2650 2599/2306/2650
f 932/2285/1453 901/656/1453 2550/2300/1453
f 898/659/1455 930/2287/1455 929/2288/1455
f 939/2269/1447 938/2268/1447 2624/2308/1447
f 2631/2206/1447 2633/2309/1447 2625/2184/1447
f 2633/2309/1447 2624/2308/1447 2625/2184/1447
f 2624/2308/1447 2467/2291/1447 2469/2185/1447
f 906/2234/1447 907/664/1447 2625/2184/1447
f 907/664/2651 2631/2206/2651 2632/2207/2651
f 919/2257/1467 2637/2311/1467 2649/2310/1467
f 2637/2311/1467 888/2227/1467 2647/2188/1467
f 2647/2188/1467 2646/2187/1467 2649/2310/1467
f 888/2227/1563 2637/2311/1563 2638/2294/1563
f 896/661/1458 897/660/1458 929/2288/1458
f 925/2282/1462 2669/2313/1462 1834/2314/1462
f 1834/2314/1462 2669/2313/1462 1990/2245/1462
f 2669/2313/1462 2672/2197/1462 1990/2245/1462
f 1990/2245/1462 1988/2244/1462 894/2230/1462
f 2668/2312/1462 2671/2195/1462 2672/2197/1462
f 1988/2244/1462 2672/2197/1462 2671/2195/1462
f 935/2273/1451 934/2274/1451 2561/2301/1451
f 2693/2316/2652 2694/2315/2652 2696/2199/2652
f 902/674/1451 1915/2243/1451 1916/2200/1451
f 1916/2200/1451 2696/2199/1451 2694/2315/1451
f 2561/2301/1451 902/674/1451 1916/2200/1451
f 1915/2243/1451 903/2239/1451 2695/2317/1451
f 944/2252/302 943/2267/302 2524/2297/302
f 1955/2191/302 911/676/302 912/2225/302
f 1817/2318/302 2524/2297/302 2523/2192/302
f 1955/2191/302 912/2225/302 1817/2318/302
f 2716/2319/305 1880/1447/305 916/2255/305
f 853/640/305 884/662/305 2716/2319/305
f 2668/2312/1463 925/2282/1463 924/2262/1463
f 2598/2305/1463 892/2229/1463 2035/2203/1463
f 892/2229/1463 893/2237/1463 2035/2203/1463
f 2035/2203/2653 2833/2194/2653 2832/2193/2653
f 2671/2195/1463 2668/2312/1463 2598/2305/1463
f 2035/2203/2654 2832/2193/2654 2671/2195/2654
f 2833/2194/1463 2035/2203/1463 893/2237/1463
f 893/2237/2655 2671/2195/2655 2832/2193/2655
f 898/659/338 899/671/338 931/2286/338
f 940/2270/341 939/2269/341 2737/2320/341
f 2740/2205/520 2770/2204/520 2769/2166/520
f 2769/2166/2656 1919/2165/2656 1921/2321/2656
f 1921/2321/341 2737/2320/341 2740/2205/341
f 2737/2320/1569 2633/2309/1569 2631/2206/1569
f 907/664/341 908/2231/341 2740/2205/341
f 2740/2205/341 908/2231/341 1919/2165/341
f 2769/2166/963 2770/2204/963 2740/2205/963
f 921/2260/1571 2775/2323/1571 1932/2322/1571
f 2209/2170/2657 1934/2169/2657 2775/2323/2657
f 1934/2169/1571 1932/2322/1571 2775/2323/1571
f 2775/2323/1571 890/666/1571 2210/2248/1571
f 890/666/346 2775/2323/346 2776/2324/346
f 1934/2169/2658 2209/2170/2658 2210/2248/2658
f 913/2253/300 2795/2325/300 2791/1449/300
f 854/641/1573 2577/2302/1573 2791/1449/1573
f 2795/2325/300 2794/2209/300 2137/2208/300
f 2137/2208/300 883/2226/300 2791/1449/300
f 920/2258/347 2649/2310/347 2803/2326/347
f 2142/2246/347 889/667/347 2776/2324/347
f 2143/2211/347 2142/2246/347 2803/2326/347
f 2803/2326/347 2649/2310/347 2143/2211/347
f 2649/2310/2659 2646/2187/2659 2813/2189/2659
f 888/2227/347 2142/2246/347 2646/2187/347
f 2142/2246/347 2143/2211/347 2646/2187/347
f 2829/2295/348 918/2254/348 917/2256/348
f 2828/2213/348 2829/2295/348 2822/1451/348
f 1857/2327/2660 1854/2332/2660 2739/2216/2660
f 2739/2216/2661 2821/2215/2661 2824/2214/2661
f 2824/2214/1576 2822/1451/1576 1857/2327/1576
f 2821/2215/2662 2739/2216/2662 886/2228/2662
f 2739/2216/2663 1854/2332/2663 886/2228/2663
f 1854/2332/1472 885/669/1472 886/2228/1472
f 936/2265/1450 935/2273/1450 2693/2316/1450
f 2173/2223/1450 903/2239/1450 904/673/1450
f 2483/2293/1450 2693/2316/1450 2695/2317/1450
f 2835/2198/2664 2836/2201/2664 2173/2223/2664
f 2483/2293/1450 2695/2317/1450 2173/2223/1450
f 2695/2317/2665 2835/2198/2665 2173/2223/2665
f 2835/2198/2666 2695/2317/2666 903/2239/2666
f 903/2239/1450 2173/2223/1450 2836/2201/1450
f 944/2252/301 1817/2318/301 1821/2328/301
f 2794/2209/1578 2795/2325/1578 1821/2328/1578
f 1821/2328/1578 1820/2217/1578 2794/2209/1578
f 1820/2217/301 1821/2328/301 1818/2329/301
f 1821/2328/301 1817/2318/301 1818/2329/301
f 912/2225/301 1819/2247/301 1818/2329/301
f 1820/2217/301 1819/2247/301 2830/2210/301
f 1819/2247/301 883/2226/301 2830/2210/301
f 1845/2064/1461 1848/2296/1461 927/2279/1461
f 927/2279/349 926/2281/349 1845/2064/349
f 1833/2219/2667 1846/2174/2667 1847/2173/2667
f 1847/2173/349 1848/2296/349 1845/2064/349
f 1845/2064/349 1831/2330/349 1833/2219/349
f 1831/2330/349 1834/2314/349 1832/2220/349
f 1834/2314/2668 894/2230/2668 1832/2220/2668
f 895/2238/2669 1847/2173/2669 1846/2174/2669
f 1833/2219/1581 1832/2220/1581 894/2230/1581
f 942/2266/1443 941/2271/1443 1902/2331/1443
f 2840/2181/2670 2534/2180/2670 2535/2298/2670
f 1902/2331/1443 909/2241/1443 2184/2224/1443
f 2184/2224/1443 2840/2181/1443 2535/2298/1443
f 2840/2181/2671 2184/2224/2671 2534/2180/2671
f 2184/2224/1443 909/2241/1443 910/677/1443
f 916/2255/303 1880/1447/303 1858/1448/303
f 1854/2332/1582 1857/2327/1582 1858/1448/1582
f 1879/2162/303 1856/2161/303 1880/1447/303
f 1856/2161/303 1858/1448/303 1880/1447/303
f 885/669/303 1854/2332/303 1856/2161/303
f 900/657/342 932/2285/342 931/2286/342
f 1921/2321/1445 1901/2333/1445 941/2271/1445
f 1902/2331/1583 1901/2333/1583 908/2231/1583
f 1920/2164/1445 908/2231/1445 1901/2333/1445
f 1901/2333/1445 1921/2321/1445 1920/2164/1445
f 922/2259/1584 1933/2334/1584 1947/2307/1584
f 1947/2307/1584 1933/2334/1584 1944/2171/1584
f 1933/2334/1584 1931/2168/1584 1944/2171/1584
f 1931/2168/1584 1933/2334/1584 1932/2322/1584
f 1931/2168/1584 1934/2169/1584 890/666/1584
f 1839/2335/1585 1018/2431/1585 963/696/1585
f 1017/750/520 1840/2337/520 2156/2336/520
f 1017/750/520 2156/2336/520 1839/2335/520
f 2174/2340/1588 975/705/1588 973/2338/1588
f 2171/2339/520 2172/2343/520 2174/2340/520
f 975/705/1588 2174/2340/1588 2185/2341/1588
f 2171/2339/963 1019/764/963 2174/2340/963
f 2174/2340/2672 1019/764/2672 2185/2341/2672
f 1019/764/2673 1020/752/2673 2185/2341/2673
f 2212/2344/520 2211/2347/520 957/690/520
f 2225/2346/2674 2212/2344/2674 955/688/2674
f 955/688/2675 1021/748/2675 1815/2345/2675
f 1815/2345/2676 1022/2348/2676 2212/2344/2676
f 2239/2350/1593 1023/2430/1593 959/692/1593
f 959/692/1593 2233/2351/1593 2240/2349/1593
f 2211/2347/520 2233/2351/520 959/692/520
f 2240/2349/520 2233/2351/520 1022/2348/520
f 951/683/1594 2248/2353/1594 1896/2352/1594
f 995/723/520 2295/2358/520 2296/2355/520
f 2323/2357/2677 2295/2358/2677 995/723/2677
f 995/723/1596 1030/2429/1596 2322/2356/1596
f 2323/2357/120 2322/2356/120 1031/2359/120
f 2031/2361/1599 1032/2433/1599 999/751/1599
f 999/751/2678 2343/2362/2678 2358/2360/2678
f 997/725/2679 2296/2355/2679 2343/2362/2679
f 2343/2362/520 1031/2359/520 2031/2361/520
f 981/710/2680 979/2365/2680 2364/2363/2680
f 2365/2364/637 2366/2369/637 981/710/637
f 2371/2367/2680 2372/2368/2680 979/2365/2680
f 2372/2368/2680 2364/2363/2680 979/2365/2680
f 1033/780/2681 1034/781/2681 2372/2368/2681
f 1034/781/2682 2364/2363/2682 2372/2368/2682
f 2372/2368/2683 2371/2367/2683 2370/2366/2683
f 2364/2363/509 1034/781/509 2366/2369/509
f 2406/2565/120 2405/2406/120 2407/2371/120
f 2405/2406/1604 993/721/1604 2407/2371/1604
f 991/718/520 2385/2372/520 2386/2370/520
f 2386/2370/520 1035/775/520 1036/766/520
f 1036/766/2684 2405/2406/2684 2406/2565/2684
f 2406/2565/2685 2407/2371/2685 1036/766/2685
f 987/715/2686 985/713/2686 2425/2373/2686
f 987/715/2686 2426/2374/2686 2129/2375/2686
f 2446/2378/1608 2436/2379/1608 975/705/1608
f 975/705/963 2188/2342/963 2445/2377/963
f 977/707/1608 975/705/1608 2436/2379/1608
f 2445/2377/509 2188/2342/509 1020/752/509
f 1020/752/2687 1039/754/2687 2436/2379/2687
f 2436/2379/2688 2446/2378/2688 1020/752/2688
f 2453/2381/1612 971/702/1612 969/700/1612
f 969/700/1612 1008/733/1612 1917/2383/1612
f 983/2384/1614 981/710/1614 2464/2385/1614
f 981/710/1614 2366/2369/1614 2472/2387/1614
f 2366/2369/2689 1034/781/2689 2472/2387/2689
f 1034/781/2690 1041/771/2690 2472/2387/2690
f 963/696/1617 1018/2431/1617 1855/2388/1617
f 965/2390/1617 963/696/1617 2476/2389/1617
f 2511/2393/1619 1007/732/1619 965/2390/1619
f 2475/2391/520 2512/2394/520 2511/2393/520
f 2512/2394/520 2475/2391/520 1042/2392/520
f 2248/2353/2691 951/683/2691 2517/2395/2691
f 951/683/1620 949/681/1620 2517/2395/1620
f 949/681/2692 1043/749/2692 2089/2397/2692
f 2517/2395/2693 1024/2354/2693 2248/2353/2693
f 2528/2398/1622 989/2417/1622 987/715/1622
f 2532/2401/517 2527/2399/517 2531/2400/517
f 2527/2399/2694 987/715/2694 2531/2400/2694
f 2532/2401/520 2531/2400/520 1044/2402/520
f 2542/2404/2695 1030/2429/2695 995/723/2695
f 995/723/1623 2536/2405/1623 2543/2403/1623
f 993/721/2696 2405/2406/2696 2536/2405/2696
f 1036/766/2697 2542/2404/2697 2543/2403/2697
f 2453/2381/520 2551/2409/520 2552/2407/520
f 971/702/520 2453/2381/520 2552/2407/520
f 973/2338/2698 2552/2407/2698 2556/2408/2698
f 2552/2407/520 1040/773/520 1019/764/520
f 1019/764/2699 2171/2339/2699 2556/2408/2699
f 2453/2381/520 1040/773/520 2552/2407/520
f 985/713/2700 2559/2411/2700 2567/2413/2700
f 2567/2413/2701 2568/2412/2701 985/713/2701
f 2568/2412/2701 2569/2410/2701 985/713/2701
f 2559/2411/2701 985/713/2701 983/2384/2701
f 2559/2411/2702 1041/771/2702 2568/2412/2702
f 1041/771/2703 1037/758/2703 2568/2412/2703
f 1037/758/520 2425/2373/520 2568/2412/520
f 2425/2373/2704 2569/2410/2704 2568/2412/2704
f 979/2365/1632 2572/2415/1632 2581/2414/1632
f 977/707/1609 2437/2380/1609 2572/2415/1609
f 2572/2415/2705 1039/754/2705 2581/2414/2705
f 1039/754/2706 1033/780/2706 2581/2414/2706
f 2584/2416/1634 991/718/1634 989/2417/1634
f 2590/2419/520 2385/2372/520 991/718/520
f 991/718/1634 2584/2416/1634 2591/2418/1634
f 1035/775/520 2385/2372/520 2590/2419/520
f 2591/2418/2707 2584/2416/2707 1044/2402/2707
f 1035/775/520 2590/2419/520 2591/2418/520
f 1058/772/1638 1062/774/1638 1074/761/1638
f 1839/2335/2708 1840/2337/2708 1841/2432/2708
f 2477/2434/1670 1178/2552/1670 1123/831/1670
f 1177/886/520 2478/2436/520 2479/2435/520
f 1177/886/520 2479/2435/520 2477/2434/520
f 2481/2439/1693 2480/2442/1693 1135/839/1693
f 1135/839/1672 1133/2437/1672 2481/2439/1672
f 1135/839/1672 2480/2442/1672 2485/2440/1672
f 2482/2438/520 1179/900/520 2480/2442/520
f 2485/2440/2709 2480/2442/2709 1179/900/2709
f 1179/900/2710 1180/888/2710 2485/2440/2710
f 2491/2443/520 2490/2446/520 1117/826/520
f 2495/2445/2711 2491/2443/2711 1115/824/2711
f 1115/824/2712 1181/882/2712 2496/2444/2712
f 2496/2444/520 1182/2447/520 2491/2443/520
f 2499/2450/1677 1183/885/1677 1119/2448/1677
f 1119/2448/1677 2498/2451/1677 2500/2449/1677
f 2490/2446/520 2498/2451/520 1119/2448/520
f 2500/2449/963 2498/2451/963 1182/2447/963
f 1111/819/1678 2506/2454/1678 2503/2452/1678
f 1155/2455/520 2525/2459/520 2526/2456/520
f 2530/2458/2713 2525/2459/2713 1155/2455/2713
f 1155/2455/1680 1190/2550/1680 2529/2457/1680
f 2530/2458/2714 2529/2457/2714 1191/2460/2714
f 1157/858/2715 2526/2456/2715 2533/2461/2715
f 2539/2463/2716 1192/2557/2716 1159/887/2716
f 1159/887/2717 2533/2461/2717 2537/2566/2717
f 2537/2566/2718 2538/2462/2718 1159/887/2718
f 2537/2566/2719 2533/2461/2719 2538/2462/2719
f 2533/2461/520 1191/2460/520 2538/2462/520
f 2546/2466/2720 1141/844/2720 2548/2464/2720
f 1141/844/2721 1139/2467/2721 2548/2464/2721
f 2554/2469/2721 2553/2470/2721 1139/2467/2721
f 2553/2470/2721 2548/2464/2721 1139/2467/2721
f 2548/2464/1693 1194/916/1693 2546/2466/1693
f 2554/2469/2722 2555/2468/2722 2553/2470/2722
f 2555/2468/2723 1193/915/2723 2553/2470/2723
f 1193/915/2724 1194/916/2724 2553/2470/2724
f 2565/2567/2725 2564/2508/2725 2566/2472/2725
f 2564/2508/1686 1153/855/1686 2566/2472/1686
f 1151/853/520 2557/2473/520 2558/2471/520
f 2558/2471/520 1195/912/520 1196/902/520
f 1196/902/2726 2564/2508/2726 2565/2567/2726
f 2565/2567/2727 2566/2472/2727 1196/902/2727
f 2571/2474/520 2570/2477/520 1147/851/520
f 1147/851/1688 2570/2477/1688 1816/2475/1688
f 1137/842/1692 1135/839/1692 2579/2478/1692
f 2585/2480/1692 2579/2478/1692 1135/839/1692
f 1135/839/520 2486/2441/520 2586/2481/520
f 1180/888/2728 1199/890/2728 2579/2478/2728
f 2579/2478/2729 2585/2480/2729 1180/888/2729
f 2585/2480/2730 2586/2481/2730 1180/888/2730
f 1129/866/1695 1168/868/1695 2592/2482/1695
f 1131/836/1695 1129/866/1695 2588/2483/1695
f 1143/847/1698 1141/844/1698 2595/2486/1698
f 1141/844/1698 2546/2466/1698 2597/2488/1698
f 2597/2488/2731 2546/2466/2731 1194/916/2731
f 1201/893/2732 2595/2486/2732 2597/2488/2732
f 1125/2489/1701 1123/831/1701 2601/2490/1701
f 1123/831/1701 1178/2552/1701 2602/2492/1701
f 2610/2494/2733 1167/867/2733 1125/2489/2733
f 2600/2491/520 2611/2495/520 2610/2494/520
f 2611/2495/520 2600/2491/520 1202/2493/520
f 2506/2454/2734 1111/819/2734 2618/2496/2734
f 1111/819/2735 1109/883/2735 2618/2496/2735
f 1109/883/2735 1203/884/2735 1812/2498/2735
f 2622/2499/1704 2618/2496/1704 1109/883/1704
f 2618/2496/2736 1184/2453/2736 2506/2454/2736
f 1184/2453/2737 2618/2496/2737 2622/2499/2737
f 2644/2501/520 2627/2503/520 1147/851/520
f 1147/851/2738 1198/2476/2738 2643/2500/2738
f 2628/2502/2738 1149/2517/2738 1147/851/2738
f 2644/2501/520 2643/2500/520 1204/2504/520
f 2673/2506/2739 1190/2550/2739 1155/2455/2739
f 1155/2455/1707 2664/2507/1707 2674/2505/1707
f 1153/855/2740 2564/2508/2740 2664/2507/2740
f 1196/902/2741 2673/2506/2741 2674/2505/2741
f 2689/2509/2742 2482/2438/2742 1133/2437/2742
f 2589/2484/520 2683/2568/520 2682/2510/520
f 1131/836/520 2589/2484/520 2682/2510/520
f 2682/2510/520 2683/2568/520 2589/2484/520
f 2689/2509/520 2682/2510/520 1200/2485/520
f 1200/2485/2743 1179/900/2743 2689/2509/2743
f 1143/847/2744 2596/2487/2744 2691/2511/2744
f 2702/2513/2745 2571/2474/2745 1145/849/2745
f 1145/849/2746 2691/2511/2746 2703/2569/2746
f 2703/2569/1712 2704/2512/1712 1145/849/1712
f 2703/2569/2747 2691/2511/2747 2704/2512/2747
f 2691/2511/2748 1201/893/2748 2704/2512/2748
f 1201/893/2749 1197/895/2749 2704/2512/2749
f 1197/895/2615 2571/2474/2615 2704/2512/2615
f 2705/2514/1716 1139/2467/1716 1137/842/1716
f 1139/2467/1716 2705/2514/1716 2707/2515/1716
f 2555/2468/2750 2707/2515/2750 1193/915/2750
f 2707/2515/2751 2705/2514/2751 1193/915/2751
f 2710/2516/1718 1151/853/1718 1149/2517/1718
f 2714/2519/520 2557/2473/520 1151/853/520
f 1151/853/1718 2710/2516/1718 2715/2518/1718
f 1195/912/520 2557/2473/520 2714/2519/520
f 2715/2518/2752 2710/2516/2752 1204/2504/2752
f 1204/2504/520 1195/912/520 2714/2519/520
f 1222/911/1654 1234/896/1654 1175/899/1654
f 2804/2520/1654 2806/2570/1654 1218/907/1654
f 1175/899/1655 2723/2521/1655 2805/2533/1655
f 2805/2533/1654 2804/2520/1654 1175/899/1654
f 2809/2524/1654 2810/2542/1654 1234/896/1654
f 1234/896/1654 1222/911/1654 2809/2524/1654
f 2801/2527/1728 1234/896/1728 2814/2525/1728
f 1234/896/1655 2810/2542/1655 2815/2526/1655
f 2788/2529/1729 2789/2523/1729 1222/911/1729
f 1222/911/1654 1218/907/1654 2767/2531/1654
f 1218/907/2753 2765/2540/2753 2764/2571/2753
f 2764/2571/2754 2768/2572/2754 2767/2531/2754
f 1218/907/1727 2764/2571/1727 2767/2531/1727
f 1209/905/1664 1210/2534/1664 2723/2521/1664
f 1210/2534/1654 1218/907/1654 2806/2570/1654
f 2806/2570/1654 2804/2520/1654 1210/2534/1654
f 2804/2520/1654 2805/2533/1654 1210/2534/1654
f 2743/2536/1654 1218/907/1654 1210/2534/1654
f 1210/2534/1654 1214/913/1654 2808/2535/1654
f 1213/903/2755 1210/2534/2755 2731/2538/2755
f 1219/914/1656 2766/2532/1656 2768/2572/1656
f 2766/2532/1664 2767/2531/1664 2768/2572/1664
f 2768/2572/2756 2764/2571/2756 1219/914/2756
f 2764/2571/1720 2765/2540/1720 1219/914/1720
f 2809/2524/1655 2789/2523/1655 1226/2541/1655
f 2817/2546/1656 2802/2547/1656 2815/2526/1656
f 2802/2547/2757 2801/2527/2757 2814/2525/2757
f 2802/2547/1655 2814/2525/1655 2815/2526/1655
f 1226/2541/1654 1230/2544/1654 2810/2542/1654
f 1230/2544/1655 2817/2546/1655 2810/2542/1655
f 1231/898/2758 1234/896/2758 2800/2528/2758
f 2800/2528/2759 2801/2527/2759 1231/898/2759
f 2788/2529/2760 2784/2530/2760 2789/2523/2760
f 2784/2530/2761 1225/917/2761 2789/2523/2761
f 1181/882/1648 1231/898/1648 2790/2551/1648
f 1182/2447/1648 2496/2444/1648 2790/2551/1648
f 2477/2434/2762 2478/2436/2762 2793/2553/2762
f 1178/2552/372 1227/2543/372 2797/2554/372
f 1202/2493/2763 2602/2492/2763 2797/2554/2763
f 2811/2555/374 2812/2556/374 1177/886/374
f 1183/885/374 1229/2548/374 2811/2555/374
f 3043/2092/487 3044/2095/487 1284/972/487
f 1284/972/487 1281/969/487 2659/2087/487
f 1281/969/487 2639/2080/487 2641/2079/487
f 2653/2081/487 1281/969/487 2641/2079/487
f 1281/969/487 2653/2081/487 2654/2083/487
f 2663/2090/487 3043/2092/487 1284/972/487
f 2660/2089/487 2663/2090/487 1284/972/487
f 1281/969/487 2654/2083/487 2655/2084/487
f 2655/2084/487 2656/2086/487 1281/969/487
f 2656/2086/487 2659/2087/487 1281/969/487
f 2656/2086/2764 2655/2084/2764 2654/2083/2764
f 2654/2083/2765 2653/2081/2765 2641/2079/2765
f 2641/2079/487 2639/2080/487 1282/2558/487
f 1282/2558/487 1283/2559/487 2660/2089/487
f 1283/2559/487 3044/2095/487 3043/2092/487
f 2663/2090/487 1283/2559/487 3043/2092/487
f 2663/2090/487 2660/2089/487 1283/2559/487
f 2660/2089/2766 2659/2087/2766 2656/2086/2766
f 2656/2086/487 2654/2083/487 1282/2558/487
f 2654/2083/487 2641/2079/487 1282/2558/487
f 2681/2107/486 2086/2108/486 1271/987/486
f 1271/987/486 1270/952/486 2679/2104/486
f 1270/952/486 1284/972/486 3044/2095/486
f 2679/2104/486 1270/952/486 2678/2103/486
f 3044/2095/486 2665/2094/486 1270/952/486
f 2665/2094/486 2666/2096/486 1270/952/486
f 2680/2106/2767 2681/2107/2767 1271/987/2767
f 2679/2104/486 2680/2106/486 1271/987/486
f 2666/2096/486 2667/2097/486 1270/952/486
f 2667/2097/486 2670/2100/486 1270/952/486
f 2678/2103/486 1270/952/486 2677/2101/486
f 2680/2106/486 2679/2104/486 1283/2559/486
f 2679/2104/486 2678/2103/486 1283/2559/486
f 2678/2103/486 2677/2101/486 1283/2559/486
f 2677/2101/2768 2670/2100/2768 1283/2559/2768
f 2670/2100/486 2667/2097/486 1283/2559/486
f 2667/2097/486 2666/2096/486 1283/2559/486
f 2666/2096/486 2665/2094/486 1283/2559/486
f 2665/2094/486 3044/2095/486 1283/2559/486
f 1283/2559/486 2086/2108/486 2681/2107/486
f 2626/2077/479 2639/2080/479 1278/958/479
f 2639/2080/479 1281/969/479 1278/958/479
f 1278/958/2769 2620/2076/2769 2621/2075/2769
f 2621/2075/2769 2620/2076/2769 1294/2560/2769
f 1294/2560/479 1282/2558/479 2626/2077/479
f 1282/2558/479 2639/2080/479 2626/2077/479
f 1296/974/1745 1304/982/1745 2615/2072/1745
f 1304/982/1745 2728/2158/1745 2719/2150/1745
f 2640/2153/1747 1304/982/1747 2642/2152/1747
f 2719/2150/1745 2650/2151/1745 1304/982/1745
f 2650/2151/1747 2642/2152/1747 1304/982/1747
f 2615/2072/2770 2614/2071/2770 1296/974/2770
f 2614/2071/2771 2617/2073/2771 1296/974/2771
f 1304/982/2772 2640/2153/2772 2615/2072/2772
f 2620/2076/1745 1278/958/1745 1296/974/1745
f 2728/2158/1745 1294/2560/1745 2719/2150/1745
f 1294/2560/1745 2620/2076/1745 2719/2150/1745
f 2620/2076/1745 2617/2073/1745 2642/2152/1745
f 2617/2073/2773 2614/2071/2773 2640/2153/2773
f 2642/2152/1745 2617/2073/1745 2640/2153/1745
f 2614/2071/2770 2615/2072/2770 2640/2153/2770
f 2642/2152/1745 2650/2151/1745 2620/2076/1745
f 2730/2138/487 2738/2141/487 1317/1003/487
f 1317/1003/487 1318/1006/487 2717/2133/487
f 1318/1006/2774 2700/2125/2774 2701/2126/2774
f 2706/2128/487 1318/1006/487 2701/2126/487
f 1318/1006/487 2706/2128/487 2712/2129/487
f 2725/2137/487 2730/2138/487 1317/1003/487
f 2722/2135/487 2725/2137/487 1317/1003/487
f 1318/1006/487 2712/2129/487 2713/2130/487
f 1318/1006/487 2713/2130/487 2717/2133/487
f 2720/2134/487 2722/2135/487 1317/1003/487
f 2720/2134/2775 2717/2133/2775 2713/2130/2775
f 2713/2130/487 2712/2129/487 1283/2559/487
f 2712/2129/487 2706/2128/487 1283/2559/487
f 2701/2126/2774 2700/2125/2774 1283/2559/2774
f 2706/2128/487 2701/2126/487 1283/2559/487
f 2722/2135/2775 2720/2134/2775 2725/2137/2775
f 2720/2134/487 2713/2130/487 1283/2559/487
f 2725/2137/487 2720/2134/487 1282/2558/487
f 2738/2141/487 2730/2138/487 1282/2558/487
f 2730/2138/487 2725/2137/487 1282/2558/487
f 2700/2125/486 1318/1006/486 1308/988/486
f 1308/988/486 2080/2122/486 2692/2123/486
f 2697/2121/486 2700/2125/486 1308/988/486
f 2081/2119/486 2080/2122/486 1308/988/486
f 1308/988/486 1271/987/486 2087/2113/486
f 1271/987/486 2086/2108/486 2085/2110/486
f 2088/2111/2776 1271/987/2776 2085/2110/2776
f 1271/987/486 2088/2111/486 2087/2113/486
f 2082/2118/486 2081/2119/486 1308/988/486
f 2083/2116/486 2082/2118/486 1308/988/486
f 2084/2115/486 2083/2116/486 1308/988/486
f 2085/2110/486 2086/2108/486 1283/2559/486
f 1283/2559/486 2080/2122/486 2081/2119/486
f 2081/2119/486 2082/2118/486 1283/2559/486
f 2082/2118/2777 2083/2116/2777 2084/2115/2777
f 1283/2559/486 2082/2118/486 2084/2115/486
f 2084/2115/486 2087/2113/486 1283/2559/486
f 2087/2113/486 2088/2111/486 1283/2559/486
f 2692/2123/486 2080/2122/486 1283/2559/486
f 1283/2559/486 2700/2125/486 2697/2121/486
f 2744/2144/2769 2748/2146/2769 1316/993/2769
f 1316/993/479 1317/1003/479 2738/2141/479
f 1316/993/479 2738/2141/479 2736/2140/479
f 2742/2143/479 2744/2144/479 1316/993/479
f 2744/2144/2778 2742/2143/2778 2736/2140/2778
f 2736/2140/479 2738/2141/479 1282/2558/479
f 1282/2558/479 1294/2560/479 2736/2140/479
f 1294/2560/2769 2748/2146/2769 2744/2144/2769
f 2708/2157/1745 2728/2158/1745 1304/982/1745
f 1327/2564/1745 1316/993/1745 2748/2146/1745
f 2749/2145/2779 2750/2147/2779 1327/2564/2779
f 2750/2147/2780 2685/2148/2780 1327/2564/2780
f 1327/2564/1745 2748/2146/1745 2749/2145/1745
f 2708/2157/2781 1304/982/2781 2709/2156/2781
f 1304/982/1745 1327/2564/1745 2685/2148/1745
f 2684/2159/2780 1304/982/2780 2685/2148/2780
f 2690/2154/1745 2709/2156/1745 1304/982/1745
f 2684/2159/2782 2688/2155/2782 1304/982/2782
f 2749/2145/1745 2748/2146/1745 2688/2155/1745
f 2748/2146/1745 1294/2560/1745 2708/2157/1745
f 2690/2154/1745 2748/2146/1745 2709/2156/1745
f 1294/2560/1745 2728/2158/1745 2708/2157/1745
f 2708/2157/1745 2709/2156/1745 2748/2146/1745
f 2750/2147/2783 2749/2145/2783 2684/2159/2783
f 2748/2146/1745 2690/2154/1745 2688/2155/1745
f 2684/2159/2770 2685/2148/2770 2750/2147/2770
usemtl col_rem
f 199/175/2784 1336/2573/2784 197/176/2784
f 198/177/2785 1338/2574/2785 195/174/2785
f 190/163/2785 1340/2575/2785 182/156/2785
f 197/176/2784 1341/2576/2784 186/173/2784
f 187/159/2784 1343/2577/2784 196/172/2784
f 193/171/2786 1338/2574/2786 1344/2578/2786
f 178/153/2784 1346/2579/2784 179/154/2784
f 183/157/2786 1340/2575/2786 1347/2580/2786
f 1344/2578/2787 1349/2581/2787 1345/2582/2787
f 1350/2583/2788 1352/2584/2788 1353/2585/2788
f 1355/2586/2789 1357/2587/2789 1354/2588/2789
f 1354/2588/2789 1358/2589/2789 1337/2590/2789
f 1359/2591/2790 1360/2592/2790 1361/2593/2790
f 1335/2594/2788 1353/2585/2788 1362/2595/2788
f 1336/2573/2788 1362/2595/2788 1363/2596/2788
f 1337/2590/2789 1364/2597/2789 1338/2574/2789
f 194/169/2784 1335/2594/2784 199/175/2784
f 189/162/2791 1343/2577/2791 1359/2591/2791
f 200/178/2786 1337/2590/2786 198/177/2786
f 192/167/2786 1354/2588/2786 200/178/2786
f 191/165/2784 1350/2583/2784 194/169/2784
f 193/171/2792 1345/2582/2792 178/153/2792
f 183/157/2786 1355/2586/2786 192/167/2786
f 179/154/2784 1351/2598/2784 191/165/2784
f 190/163/2786 1359/2591/2786 1339/2599/2786
f 186/173/2784 1342/2600/2784 187/159/2784
f 1365/2601/2793 1367/2602/2793 1368/2603/2793
f 1370/2604/2794 1372/2605/2794 1369/2606/2794
f 1373/2607/2793 1374/2608/2793 1375/2609/2793
f 1352/2584/2795 1377/2610/2795 1378/2611/2795
f 1356/2612/2793 1368/2603/2793 1379/2613/2793
f 1348/2614/2796 1381/2615/2796 1349/2581/2796
f 1353/2585/2795 1378/2611/2795 1382/2616/2795
f 1357/2587/2793 1379/2613/2793 1383/2617/2793
f 1347/2580/2789 1356/2612/2789 1355/2586/2789
f 1351/2598/2788 1376/2618/2788 1352/2584/2788
f 1359/2591/2789 1373/2607/2789 1339/2599/2789
f 1342/2600/2788 1370/2604/2788 1369/2606/2788
f 1340/2575/2789 1365/2601/2789 1347/2580/2789
f 1346/2579/2788 1349/2581/2788 1376/2618/2788
f 1338/2574/2789 1348/2614/2789 1344/2578/2789
f 1343/2577/2788 1369/2606/2788 1360/2592/2788
f 1341/2576/2788 1363/2596/2788 1370/2604/2788
f 1339/2599/2789 1366/2619/2789 1340/2575/2789
f 1385/2620/2797 1387/2621/2797 1384/2622/2797
f 1389/2623/2797 1391/2624/2797 1388/2625/2797
f 1393/2626/2798 1395/2627/2798 1392/2628/2798
f 1397/2629/2798 1399/2630/2798 1396/2631/2798
f 1384/2622/2797 1401/2632/2797 1400/2633/2797
f 1403/2634/2798 1405/2635/2798 1402/2636/2798
f 1388/2625/2797 1407/2637/2797 1406/2638/2797
f 1392/2628/2798 1398/2639/2798 1397/2629/2798
f 1376/2618/2799 1381/2615/2799 1377/2610/2799
f 1364/2597/2793 1380/2640/2793 1348/2614/2793
f 1369/2606/2794 1409/2641/2794 1360/2592/2794
f 1363/2596/2794 1371/2642/2794 1370/2604/2794
f 1366/2619/2793 1375/2609/2793 1367/2602/2793
f 1358/2589/2793 1408/2643/2793 1364/2597/2793
f 1363/2596/2795 1412/2644/2795 1410/2645/2795
f 1362/2595/2800 1382/2616/2800 1412/2644/2800
f 1360/2592/2801 1374/2608/2801 1361/2593/2801
f 1357/2587/2793 1411/2646/2793 1358/2589/2793
f 1413/2647/2802 1415/2648/2802 1416/2649/2802
f 1417/2650/2803 1419/2651/2803 1420/2652/2803
f 1417/2650/2803 1421/2653/2803 1386/2654/2803
f 1399/2630/2804 1424/2655/2804 1422/2656/2804
f 1425/2657/2802 1416/2649/2802 1426/2658/2802
f 1394/2659/2802 1426/2658/2802 1427/2660/2802
f 1386/2654/2803 1428/2661/2803 1387/2621/2803
f 1391/2624/2803 1429/2662/2803 1430/2663/2803
f 1431/2664/2798 1394/2659/2798 1393/2626/2798
f 1432/2665/2798 1425/2657/2798 1431/2664/2798
f 1396/2631/2805 1422/2656/2805 1433/2666/2805
f 1434/2667/2797 1386/2654/2797 1385/2620/2797
f 1435/2668/2797 1417/2650/2797 1434/2667/2797
f 1436/2669/2798 1413/2647/2798 1432/2665/2798
f 1403/2634/2806 1401/2632/2806 1404/2670/2806
f 1406/2638/2797 1418/2671/2797 1435/2668/2797
f 1402/2636/2798 1414/2672/2798 1436/2669/2798
f 1433/2666/2797 1390/2673/2797 1389/2623/2797
f 1430/2663/31 1438/2674/31 1437/2675/31
f 1439/2676/31 1437/2675/31 1427/2660/31
f 1419/2651/31 1427/2660/31 1426/2658/31
f 1420/2652/31 1426/2658/31 1416/2649/31
f 1421/2653/1762 1416/2649/1762 1415/2648/1762
f 1428/2661/31 1415/2648/31 1440/2677/31
f 1442/2678/1762 1440/2677/1762 1441/2679/1762
f 1429/2662/31 1423/2680/31 1438/2674/31
f 1401/2632/2807 1441/2679/2807 1404/2670/2807
f 1418/2671/2803 1439/2676/2803 1419/2651/2803
f 1414/2672/2802 1440/2677/2802 1415/2648/2802
f 1390/2673/2803 1424/2655/2803 1429/2662/2803
f 1395/2627/2802 1438/2674/2802 1398/2639/2802
f 1407/2637/2803 1430/2663/2803 1439/2676/2803
f 1405/2635/2802 1441/2679/2802 1440/2677/2802
f 1387/2621/2803 1442/2678/2803 1401/2632/2803
f 1398/2639/2802 1423/2680/2802 1399/2630/2802
f 1394/2659/2802 1437/2675/2802 1395/2627/2802
f 1374/2608/2808 1389/2623/2808 1375/2609/2808
f 1377/2610/2809 1436/2669/2809 1378/2611/2809
f 1368/2603/2808 1435/2668/2808 1379/2613/2808
f 1380/2640/2810 1403/2634/2810 1381/2615/2810
f 1378/2611/2809 1432/2665/2809 1382/2616/2809
f 1379/2613/2808 1434/2667/2808 1383/2617/2808
f 1383/2617/2808 1385/2620/2808 1411/2646/2808
f 1374/2608/2811 1396/2631/2811 1433/2666/2811
f 1382/2616/2809 1431/2664/2809 1412/2644/2809
f 1412/2644/2809 1393/2626/2809 1410/2645/2809
f 1371/2642/2809 1397/2629/2809 1372/2605/2809
f 1367/2602/2808 1406/2638/2808 1368/2603/2808
f 1381/2615/2809 1402/2636/2809 1377/2610/2809
f 1408/2643/2808 1400/2633/2808 1380/2640/2808
f 1372/2605/2809 1396/2631/2809 1409/2641/2809
f 1410/2645/2809 1392/2628/2809 1371/2642/2809
f 1375/2609/2808 1388/2625/2808 1367/2602/2808
f 1411/2646/2808 1384/2622/2808 1408/2643/2808
f 1443/2681/2812 367/340/2812 365/2562/2812
f 1445/2682/2813 366/343/2813 363/339/2813
f 1447/2683/2813 357/338/2813 350/320/2813
f 1449/2684/2812 365/2562/2812 354/337/2812
f 1450/2685/2812 353/322/2812 364/336/2812
f 1452/2686/2813 363/339/2813 361/335/2813
f 1453/2687/2812 347/318/2812 346/329/2812
f 1455/2688/2813 350/320/2813 349/331/2813
f 1456/2689/2814 1452/2686/2814 1454/2690/2814
f 1458/2691/2788 1460/2692/2788 1461/2693/2788
f 1463/2694/2789 1465/2695/2789 1462/2696/2789
f 1466/2697/2789 1462/2696/2789 1446/2698/2789
f 1467/2699/2815 1469/2700/2815 1450/2685/2815
f 1444/2701/2788 1459/2702/2788 1458/2691/2788
f 1443/2681/2788 1470/2703/2788 1444/2701/2788
f 1472/2704/2789 1446/2698/2789 1445/2682/2789
f 1444/2701/2812 362/342/2812 367/340/2812
f 358/326/2816 1450/2685/2816 364/336/2816
f 1446/2698/2813 368/2563/2813 366/343/2813
f 1462/2696/2813 360/344/2813 368/2563/2813
f 1458/2691/2812 359/333/2812 362/342/2812
f 1454/2690/2817 361/335/2817 347/318/2817
f 1465/2695/2813 349/331/2813 360/344/2813
f 1461/2693/2812 346/329/2812 359/333/2812
f 1448/2705/2813 358/326/2813 357/338/2813
f 1451/2706/2812 354/337/2812 353/322/2812
f 1473/2707/2818 1475/2708/2818 1476/2709/2818
f 1478/2710/2819 1480/2711/2819 1477/2712/2819
f 1481/2713/2818 1483/2714/2818 1468/2715/2818
f 1460/2692/2819 1485/2716/2819 1486/2717/2819
f 1464/2718/2818 1474/2719/2818 1473/2707/2818
f 1488/2720/2820 1457/2721/2820 1456/2689/2820
f 1459/2702/2821 1484/2722/2821 1460/2692/2821
f 1463/2694/2818 1487/2723/2818 1464/2718/2818
f 1464/2718/2789 1455/2688/2789 1465/2695/2789
f 1461/2693/2788 1486/2717/2788 1453/2687/2788
f 1481/2713/2789 1467/2699/2789 1448/2705/2789
f 1451/2706/2788 1480/2711/2788 1449/2684/2788
f 1473/2707/2789 1447/2683/2789 1455/2688/2789
f 1453/2687/2788 1456/2689/2788 1454/2690/2788
f 1457/2721/2789 1445/2682/2789 1452/2686/2789
f 1450/2685/2788 1477/2712/2788 1451/2706/2788
f 1449/2684/2788 1471/2724/2788 1443/2681/2788
f 1476/2709/2789 1448/2705/2789 1447/2683/2789
f 1493/2725/2822 1495/2726/2822 1492/2727/2822
f 1497/2728/2822 1499/2729/2822 1496/2730/2822
f 1501/2731/2823 1503/2732/2823 1500/2733/2823
f 1505/2734/2823 1507/2735/2823 1504/2736/2823
f 1509/2737/2822 1492/2727/2822 1508/2738/2822
f 1511/2739/2823 1513/2740/2823 1510/2741/2823
f 1514/2742/2822 1497/2728/2822 1496/2730/2822
f 1506/2743/2823 1500/2733/2823 1507/2735/2823
f 1486/2717/2824 1488/2720/2824 1456/2689/2824
f 1489/2744/2818 1472/2704/2818 1457/2721/2818
f 1517/2745/2819 1477/2712/2819 1469/2700/2819
f 1479/2746/2819 1471/2724/2819 1480/2711/2819
f 1476/2709/2818 1482/2747/2818 1481/2713/2818
f 1516/2748/2818 1466/2697/2818 1472/2704/2818
f 1471/2724/2819 1520/2749/2819 1470/2703/2819
f 1470/2703/2821 1490/2750/2821 1459/2702/2821
f 1483/2714/2825 1469/2700/2825 1468/2715/2825
f 1519/2751/2818 1463/2694/2818 1466/2697/2818
f 1521/2752/2826 1523/2753/2826 1524/2754/2826
f 1525/2755/2827 1527/2756/2827 1528/2757/2827
f 1529/2758/2827 1525/2755/2827 1494/2759/2827
f 1531/2760/2828 1505/2734/2828 1530/2761/2828
f 1533/2762/2826 1522/2763/2826 1521/2752/2826
f 1502/2764/2826 1534/2765/2826 1533/2762/2826
f 1536/2766/2827 1494/2759/2827 1493/2725/2827
f 1497/2728/2827 1538/2767/2827 1498/2768/2827
f 1502/2764/2823 1539/2769/2823 1503/2732/2823
f 1533/2762/2823 1540/2770/2823 1539/2769/2823
f 1530/2761/2829 1504/2736/2829 1541/2771/2829
f 1494/2759/2822 1542/2772/2822 1495/2726/2822
f 1525/2755/2822 1543/2773/2822 1542/2772/2822
f 1521/2752/2823 1544/2774/2823 1540/2770/2823
f 1513/2740/2830 1509/2737/2830 1508/2738/2830
f 1543/2773/2822 1515/2775/2822 1514/2742/2822
f 1524/2754/2823 1510/2741/2823 1544/2774/2823
f 1498/2768/2822 1541/2771/2822 1499/2729/2822
f 1546/2776/120 1537/2777/120 1545/2778/120
f 1545/2778/120 1547/2779/120 1535/2780/120
f 1535/2780/1791 1527/2756/1791 1534/2765/1791
f 1534/2765/1790 1526/2781/1790 1522/2763/1790
f 1522/2763/120 1529/2758/120 1523/2753/120
f 1523/2753/120 1536/2766/120 1548/2782/120
f 1548/2782/120 1550/2783/120 1549/2784/120
f 1532/2785/120 1538/2767/120 1546/2776/120
f 1549/2784/2831 1509/2737/2831 1512/2786/2831
f 1528/2757/2827 1547/2779/2827 1515/2775/2827
f 1524/2754/2826 1548/2782/2826 1511/2739/2826
f 1498/2768/2827 1531/2760/2827 1530/2761/2827
f 1546/2776/2826 1501/2731/2826 1506/2743/2826
f 1515/2775/2827 1537/2777/2827 1497/2728/2827
f 1511/2739/2826 1549/2784/2826 1512/2786/2826
f 1550/2783/2827 1493/2725/2827 1509/2737/2827
f 1532/2785/2826 1506/2743/2826 1505/2734/2826
f 1545/2778/2826 1502/2764/2826 1501/2731/2826
f 1499/2729/2832 1483/2714/2832 1482/2747/2832
f 1544/2774/2833 1485/2716/2833 1484/2722/2833
f 1543/2773/2832 1474/2719/2832 1487/2723/2832
f 1513/2740/2834 1489/2744/2834 1488/2720/2834
f 1540/2770/2833 1484/2722/2833 1490/2750/2833
f 1542/2772/2832 1487/2723/2832 1491/2787/2832
f 1495/2726/2832 1491/2787/2832 1519/2751/2832
f 1483/2714/2835 1504/2736/2835 1517/2745/2835
f 1539/2769/2833 1490/2750/2833 1520/2749/2833
f 1503/2732/2833 1520/2749/2833 1518/2788/2833
f 1478/2710/2833 1500/2733/2833 1479/2746/2833
f 1514/2742/2832 1475/2708/2832 1474/2719/2832
f 1510/2741/2833 1488/2720/2833 1485/2716/2833
f 1508/2738/2832 1516/2748/2832 1489/2744/2832
f 1504/2736/2833 1478/2710/2833 1517/2745/2833
f 1479/2746/2833 1503/2732/2833 1518/2788/2833
f 1496/2730/2832 1482/2747/2832 1475/2708/2832
f 1492/2727/2832 1519/2751/2832 1516/2748/2832
f 199/175/2784 1335/2594/2784 1336/2573/2784
f 198/177/2786 1337/2590/2786 1338/2574/2786
f 190/163/2786 1339/2599/2786 1340/2575/2786
f 197/176/2784 1336/2573/2784 1341/2576/2784
f 187/159/2784 1342/2600/2784 1343/2577/2784
f 193/171/2836 195/174/2836 1338/2574/2836
f 178/153/2784 1345/2582/2784 1346/2579/2784
f 183/157/2836 182/156/2836 1340/2575/2836
f 1344/2578/2787 1348/2614/2787 1349/2581/2787
f 1350/2583/2788 1351/2598/2788 1352/2584/2788
f 1355/2586/2789 1356/2612/2789 1357/2587/2789
f 1354/2588/2789 1357/2587/2789 1358/2589/2789
f 1359/2591/2837 1343/2577/2837 1360/2592/2837
f 1335/2594/2788 1350/2583/2788 1353/2585/2788
f 1336/2573/2788 1335/2594/2788 1362/2595/2788
f 1337/2590/2789 1358/2589/2789 1364/2597/2789
f 194/169/2784 1350/2583/2784 1335/2594/2784
f 189/162/2791 196/172/2791 1343/2577/2791
f 200/178/2786 1354/2588/2786 1337/2590/2786
f 192/167/2786 1355/2586/2786 1354/2588/2786
f 191/165/2784 1351/2598/2784 1350/2583/2784
f 193/171/2792 1344/2578/2792 1345/2582/2792
f 183/157/2786 1347/2580/2786 1355/2586/2786
f 179/154/2784 1346/2579/2784 1351/2598/2784
f 190/163/2836 189/162/2836 1359/2591/2836
f 186/173/2784 1341/2576/2784 1342/2600/2784
f 1365/2601/2793 1366/2619/2793 1367/2602/2793
f 1370/2604/2794 1371/2642/2794 1372/2605/2794
f 1373/2607/2793 1361/2593/2793 1374/2608/2793
f 1352/2584/2794 1376/2618/2794 1377/2610/2794
f 1356/2612/2793 1365/2601/2793 1368/2603/2793
f 1348/2614/2796 1380/2640/2796 1381/2615/2796
f 1353/2585/2799 1352/2584/2799 1378/2611/2799
f 1357/2587/2793 1356/2612/2793 1379/2613/2793
f 1347/2580/2789 1365/2601/2789 1356/2612/2789
f 1351/2598/2788 1346/2579/2788 1376/2618/2788
f 1359/2591/2789 1361/2593/2789 1373/2607/2789
f 1342/2600/2788 1341/2576/2788 1370/2604/2788
f 1340/2575/2789 1366/2619/2789 1365/2601/2789
f 1346/2579/2788 1345/2582/2788 1349/2581/2788
f 1338/2574/2789 1364/2597/2789 1348/2614/2789
f 1343/2577/2788 1342/2600/2788 1369/2606/2788
f 1341/2576/2788 1336/2573/2788 1363/2596/2788
f 1339/2599/2789 1373/2607/2789 1366/2619/2789
f 1385/2620/2797 1386/2654/2797 1387/2621/2797
f 1389/2623/2797 1390/2673/2797 1391/2624/2797
f 1393/2626/2798 1394/2659/2798 1395/2627/2798
f 1397/2629/2798 1398/2639/2798 1399/2630/2798
f 1384/2622/2797 1387/2621/2797 1401/2632/2797
f 1403/2634/2798 1404/2670/2798 1405/2635/2798
f 1388/2625/2797 1391/2624/2797 1407/2637/2797
f 1392/2628/2798 1395/2627/2798 1398/2639/2798
f 1376/2618/2800 1349/2581/2800 1381/2615/2800
f 1364/2597/2793 1408/2643/2793 1380/2640/2793
f 1369/2606/2794 1372/2605/2794 1409/2641/2794
f 1363/2596/2794 1410/2645/2794 1371/2642/2794
f 1366/2619/2793 1373/2607/2793 1375/2609/2793
f 1358/2589/2793 1411/2646/2793 1408/2643/2793
f 1363/2596/2794 1362/2595/2794 1412/2644/2794
f 1362/2595/2799 1353/2585/2799 1382/2616/2799
f 1360/2592/2801 1409/2641/2801 1374/2608/2801
f 1357/2587/2793 1383/2617/2793 1411/2646/2793
f 1413/2647/2802 1414/2672/2802 1415/2648/2802
f 1417/2650/2803 1418/2671/2803 1419/2651/2803
f 1417/2650/2803 1420/2652/2803 1421/2653/2803
f 1399/2630/2804 1423/2680/2804 1424/2655/2804
f 1425/2657/2802 1413/2647/2802 1416/2649/2802
f 1394/2659/2802 1425/2657/2802 1426/2658/2802
f 1386/2654/2803 1421/2653/2803 1428/2661/2803
f 1391/2624/2803 1390/2673/2803 1429/2662/2803
f 1431/2664/2798 1425/2657/2798 1394/2659/2798
f 1432/2665/2798 1413/2647/2798 1425/2657/2798
f 1396/2631/2805 1399/2630/2805 1422/2656/2805
f 1434/2667/2797 1417/2650/2797 1386/2654/2797
f 1435/2668/2797 1418/2671/2797 1417/2650/2797
f 1436/2669/2798 1414/2672/2798 1413/2647/2798
f 1403/2634/2806 1400/2633/2806 1401/2632/2806
f 1406/2638/2797 1407/2637/2797 1418/2671/2797
f 1402/2636/2798 1405/2635/2798 1414/2672/2798
f 1433/2666/2797 1422/2656/2797 1390/2673/2797
f 1430/2663/31 1429/2662/31 1438/2674/31
f 1439/2676/31 1430/2663/31 1437/2675/31
f 1419/2651/1762 1439/2676/1762 1427/2660/1762
f 1420/2652/31 1419/2651/31 1426/2658/31
f 1421/2653/31 1420/2652/31 1416/2649/31
f 1428/2661/1761 1421/2653/1761 1415/2648/1761
f 1442/2678/31 1428/2661/31 1440/2677/31
f 1429/2662/31 1424/2655/31 1423/2680/31
f 1401/2632/2807 1442/2678/2807 1441/2679/2807
f 1418/2671/2803 1407/2637/2803 1439/2676/2803
f 1414/2672/2802 1405/2635/2802 1440/2677/2802
f 1390/2673/2803 1422/2656/2803 1424/2655/2803
f 1395/2627/2802 1437/2675/2802 1438/2674/2802
f 1407/2637/2803 1391/2624/2803 1430/2663/2803
f 1405/2635/2802 1404/2670/2802 1441/2679/2802
f 1387/2621/2803 1428/2661/2803 1442/2678/2803
f 1398/2639/2802 1438/2674/2802 1423/2680/2802
f 1394/2659/2802 1427/2660/2802 1437/2675/2802
f 1374/2608/2808 1433/2666/2808 1389/2623/2808
f 1377/2610/2809 1402/2636/2809 1436/2669/2809
f 1368/2603/2808 1406/2638/2808 1435/2668/2808
f 1380/2640/2810 1400/2633/2810 1403/2634/2810
f 1378/2611/2809 1436/2669/2809 1432/2665/2809
f 1379/2613/2808 1435/2668/2808 1434/2667/2808
f 1383/2617/2808 1434/2667/2808 1385/2620/2808
f 1374/2608/2811 1409/2641/2811 1396/2631/2811
f 1382/2616/2809 1432/2665/2809 1431/2664/2809
f 1412/2644/2809 1431/2664/2809 1393/2626/2809
f 1371/2642/2809 1392/2628/2809 1397/2629/2809
f 1367/2602/2808 1388/2625/2808 1406/2638/2808
f 1381/2615/2809 1403/2634/2809 1402/2636/2809
f 1408/2643/2808 1384/2622/2808 1400/2633/2808
f 1372/2605/2809 1397/2629/2809 1396/2631/2809
f 1410/2645/2809 1393/2626/2809 1392/2628/2809
f 1375/2609/2808 1389/2623/2808 1388/2625/2808
f 1411/2646/2808 1385/2620/2808 1384/2622/2808
f 1443/2681/2812 1444/2701/2812 367/340/2812
f 1445/2682/2813 1446/2698/2813 366/343/2813
f 1447/2683/2813 1448/2705/2813 357/338/2813
f 1449/2684/2812 1443/2681/2812 365/2562/2812
f 1450/2685/2812 1451/2706/2812 353/322/2812
f 1452/2686/2813 1445/2682/2813 363/339/2813
f 1453/2687/2812 1454/2690/2812 347/318/2812
f 1455/2688/2813 1447/2683/2813 350/320/2813
f 1456/2689/2814 1457/2721/2814 1452/2686/2814
f 1458/2691/2788 1459/2702/2788 1460/2692/2788
f 1463/2694/2789 1464/2718/2789 1465/2695/2789
f 1466/2697/2789 1463/2694/2789 1462/2696/2789
f 1467/2699/2838 1468/2715/2838 1469/2700/2838
f 1444/2701/2788 1470/2703/2788 1459/2702/2788
f 1443/2681/2788 1471/2724/2788 1470/2703/2788
f 1472/2704/2789 1466/2697/2789 1446/2698/2789
f 1444/2701/2812 1458/2691/2812 362/342/2812
f 358/326/2816 1467/2699/2816 1450/2685/2816
f 1446/2698/2813 1462/2696/2813 368/2563/2813
f 1462/2696/2813 1465/2695/2813 360/344/2813
f 1458/2691/2812 1461/2693/2812 359/333/2812
f 1454/2690/2817 1452/2686/2817 361/335/2817
f 1465/2695/2813 1455/2688/2813 349/331/2813
f 1461/2693/2812 1453/2687/2812 346/329/2812
f 1448/2705/2813 1467/2699/2813 358/326/2813
f 1451/2706/2812 1449/2684/2812 354/337/2812
f 1473/2707/2818 1474/2719/2818 1475/2708/2818
f 1478/2710/2819 1479/2746/2819 1480/2711/2819
f 1481/2713/2818 1482/2747/2818 1483/2714/2818
f 1460/2692/2839 1484/2722/2839 1485/2716/2839
f 1464/2718/2818 1487/2723/2818 1474/2719/2818
f 1488/2720/2840 1489/2744/2840 1457/2721/2840
f 1459/2702/2841 1490/2750/2841 1484/2722/2841
f 1463/2694/2818 1491/2787/2818 1487/2723/2818
f 1464/2718/2789 1473/2707/2789 1455/2688/2789
f 1461/2693/2788 1460/2692/2788 1486/2717/2788
f 1481/2713/2789 1468/2715/2789 1467/2699/2789
f 1451/2706/2788 1477/2712/2788 1480/2711/2788
f 1473/2707/2789 1476/2709/2789 1447/2683/2789
f 1453/2687/2842 1486/2717/2842 1456/2689/2842
f 1457/2721/2789 1472/2704/2789 1445/2682/2789
f 1450/2685/2788 1469/2700/2788 1477/2712/2788
f 1449/2684/2788 1480/2711/2788 1471/2724/2788
f 1476/2709/2789 1481/2713/2789 1448/2705/2789
f 1493/2725/2822 1494/2759/2822 1495/2726/2822
f 1497/2728/2822 1498/2768/2822 1499/2729/2822
f 1501/2731/2823 1502/2764/2823 1503/2732/2823
f 1505/2734/2823 1506/2743/2823 1507/2735/2823
f 1509/2737/2822 1493/2725/2822 1492/2727/2822
f 1511/2739/2823 1512/2786/2823 1513/2740/2823
f 1514/2742/2822 1515/2775/2822 1497/2728/2822
f 1506/2743/2823 1501/2731/2823 1500/2733/2823
f 1486/2717/2841 1485/2716/2841 1488/2720/2841
f 1489/2744/2818 1516/2748/2818 1472/2704/2818
f 1517/2745/2819 1478/2710/2819 1477/2712/2819
f 1479/2746/2841 1518/2788/2841 1471/2724/2841
f 1476/2709/2818 1475/2708/2818 1482/2747/2818
f 1516/2748/2818 1519/2751/2818 1466/2697/2818
f 1471/2724/2821 1518/2788/2821 1520/2749/2821
f 1470/2703/2841 1520/2749/2841 1490/2750/2841
f 1483/2714/2843 1517/2745/2843 1469/2700/2843
f 1519/2751/2818 1491/2787/2818 1463/2694/2818
f 1521/2752/2826 1522/2763/2826 1523/2753/2826
f 1525/2755/2827 1526/2781/2827 1527/2756/2827
f 1529/2758/2827 1526/2781/2827 1525/2755/2827
f 1531/2760/2844 1532/2785/2844 1505/2734/2844
f 1533/2762/2826 1534/2765/2826 1522/2763/2826
f 1502/2764/2826 1535/2780/2826 1534/2765/2826
f 1536/2766/2827 1529/2758/2827 1494/2759/2827
f 1497/2728/2827 1537/2777/2827 1538/2767/2827
f 1502/2764/2823 1533/2762/2823 1539/2769/2823
f 1533/2762/2823 1521/2752/2823 1540/2770/2823
f 1530/2761/2829 1505/2734/2829 1504/2736/2829
f 1494/2759/2822 1525/2755/2822 1542/2772/2822
f 1525/2755/2822 1528/2757/2822 1543/2773/2822
f 1521/2752/2823 1524/2754/2823 1544/2774/2823
f 1513/2740/2830 1512/2786/2830 1509/2737/2830
f 1543/2773/2822 1528/2757/2822 1515/2775/2822
f 1524/2754/2823 1511/2739/2823 1510/2741/2823
f 1498/2768/2822 1530/2761/2822 1541/2771/2822
f 1546/2776/120 1538/2767/120 1537/2777/120
f 1545/2778/120 1537/2777/120 1547/2779/120
f 1535/2780/1790 1547/2779/1790 1527/2756/1790
f 1534/2765/120 1527/2756/120 1526/2781/120
f 1522/2763/120 1526/2781/120 1529/2758/120
f 1523/2753/120 1529/2758/120 1536/2766/120
f 1548/2782/120 1536/2766/120 1550/2783/120
f 1532/2785/120 1531/2760/120 1538/2767/120
f 1549/2784/2831 1550/2783/2831 1509/2737/2831
f 1528/2757/2827 1527/2756/2827 1547/2779/2827
f 1524/2754/2826 1523/2753/2826 1548/2782/2826
f 1498/2768/2827 1538/2767/2827 1531/2760/2827
f 1546/2776/2826 1545/2778/2826 1501/2731/2826
f 1515/2775/2827 1547/2779/2827 1537/2777/2827
f 1511/2739/2826 1548/2782/2826 1549/2784/2826
f 1550/2783/2827 1536/2766/2827 1493/2725/2827
f 1532/2785/2826 1546/2776/2826 1506/2743/2826
f 1545/2778/2826 1535/2780/2826 1502/2764/2826
f 1499/2729/2832 1541/2771/2832 1483/2714/2832
f 1544/2774/2833 1510/2741/2833 1485/2716/2833
f 1543/2773/2832 1514/2742/2832 1474/2719/2832
f 1513/2740/2834 1508/2738/2834 1489/2744/2834
f 1540/2770/2833 1544/2774/2833 1484/2722/2833
f 1542/2772/2832 1543/2773/2832 1487/2723/2832
f 1495/2726/2832 1542/2772/2832 1491/2787/2832
f 1483/2714/2835 1541/2771/2835 1504/2736/2835
f 1539/2769/2833 1540/2770/2833 1490/2750/2833
f 1503/2732/2833 1539/2769/2833 1520/2749/2833
f 1478/2710/2833 1507/2735/2833 1500/2733/2833
f 1514/2742/2832 1496/2730/2832 1475/2708/2832
f 1510/2741/2833 1513/2740/2833 1488/2720/2833
f 1508/2738/2832 1492/2727/2832 1516/2748/2832
f 1504/2736/2833 1507/2735/2833 1478/2710/2833
f 1479/2746/2833 1500/2733/2833 1503/2732/2833
f 1496/2730/2832 1499/2729/2832 1482/2747/2832
f 1492/2727/2832 1495/2726/2832 1519/2751/2832
usemtl col_pegangan
f 1552/2789/2845 1554/2790/2845 1551/2791/2845
f 1553/2792/2846 1556/2793/2846 1554/2790/2846
f 1555/2794/2847 1558/2795/2847 1556/2793/2847
f 1557/2796/2848 1560/2797/2848 1558/2795/2848
f 1559/2798/2849 1562/2799/2849 1560/2797/2849
f 1561/2800/2850 1564/2801/2850 1562/2799/2850
f 1563/2802/2851 1566/2803/2851 1564/2801/2851
f 1565/2804/2852 1568/2805/2852 1566/2803/2852
f 1567/2806/2853 1570/2807/2853 1568/2805/2853
f 1570/2807/2854 1571/2808/2854 1572/2809/2854
f 1572/2809/2855 1573/2810/2855 1574/2811/2855
f 1574/2811/2856 1575/2812/2856 1576/2813/2856
f 1576/2813/2857 1577/2814/2857 1578/2815/2857
f 1578/2815/2858 1579/2816/2858 1580/2817/2858
f 1580/2817/2859 1581/2818/2859 1582/2819/2859
f 1582/2819/2860 1583/2820/2860 1584/2821/2860
f 1584/2821/2861 1585/2822/2861 1586/2823/2861
f 1586/2823/2862 1587/2824/2862 1588/2825/2862
f 1588/2825/2863 1589/2826/2863 1590/2827/2863
f 1590/2827/2864 1591/2828/2864 1592/2829/2864
f 1592/2829/2865 1593/2830/2865 1594/2831/2865
f 1594/2831/2866 1595/2832/2866 1596/2833/2866
f 1596/2833/2867 1597/2834/2867 1598/2835/2867
f 1598/2835/2868 1599/2836/2868 1600/2837/2868
f 1600/2837/2869 1601/2838/2869 1602/2839/2869
f 1601/2838/2870 1604/2840/2870 1602/2839/2870
f 1603/2841/2871 1606/2842/2871 1604/2840/2871
f 1605/2843/2872 1608/2844/2872 1606/2842/2872
f 1607/2845/2873 1610/2846/2873 1608/2844/2873
f 1609/2847/2874 1612/2848/2874 1610/2846/2874
f 1611/2849/2875 1614/2850/2875 1612/2848/2875
f 1613/2851/2876 1551/2791/2876 1614/2850/2876
f 1609/2847/2877 1616/2852/2877 1611/2849/2877
f 1591/2828/2878 1618/2853/2878 1593/2830/2878
f 1579/2816/2879 1620/2854/2879 1581/2818/2879
f 1561/2800/2880 1622/2855/2880 1563/2802/2880
f 1597/2834/2881 1624/2856/2881 1599/2836/2881
f 1552/2789/2882 1626/2857/2882 1553/2792/2882
f 1601/2838/2883 1624/2856/2883 1627/2858/2883
f 1589/2826/2884 1628/2859/2884 1629/2860/2884
f 1571/2808/2885 1630/2861/2885 1631/2862/2885
f 1607/2845/2886 1632/2863/2886 1633/2864/2886
f 1559/2798/2887 1634/2865/2887 1635/2866/2887
f 1607/2845/2888 1615/2867/2888 1609/2847/2888
f 1552/2789/2889 1636/2868/2889 1625/2869/2889
f 1579/2816/2890 1637/2870/2890 1619/2871/2890
f 1559/2798/2891 1621/2872/2891 1561/2800/2891
f 1595/2832/2892 1623/2873/2892 1597/2834/2892
f 1565/2804/2893 1640/2874/2893 1567/2806/2893
f 1569/2875/2894 1640/2874/2894 1630/2861/2894
f 1603/2841/2895 1632/2863/2895 1605/2843/2895
f 1585/2822/2896 1628/2859/2896 1587/2824/2896
f 1557/2796/2897 1643/2876/2897 1634/2865/2897
f 1575/2812/2898 1644/2877/2898 1645/2878/2898
f 1613/2851/2899 1616/2852/2899 1636/2868/2899
f 1595/2832/2900 1618/2853/2900 1638/2879/2900
f 1575/2812/2901 1637/2870/2901 1577/2814/2901
f 1583/2820/2902 1620/2854/2902 1646/2880/2902
f 1563/2802/2903 1639/2881/2903 1565/2804/2903
f 1603/2841/2904 1627/2858/2904 1641/2882/2904
f 1583/2820/2905 1642/2883/2905 1585/2822/2905
f 1553/2792/2906 1643/2876/2906 1555/2794/2906
f 1591/2828/2907 1629/2860/2907 1617/2884/2907
f 1571/2808/2908 1644/2877/2908 1573/2810/2908
f 1648/2885/2909 1650/2886/2909 1647/2887/2909
f 1651/2888/2910 1649/2889/2910 1648/2885/2910
f 1653/2890/2911 1652/2891/2911 1651/2888/2911
f 1655/2892/2912 1654/2893/2912 1653/2890/2912
f 1657/2894/2913 1656/2895/2913 1655/2892/2913
f 1659/2896/2914 1658/2897/2914 1657/2894/2914
f 1661/2898/2915 1660/2899/2915 1659/2896/2915
f 1663/2900/2916 1662/2901/2916 1661/2898/2916
f 1665/2902/2917 1664/2903/2917 1663/2900/2917
f 1665/2902/2918 1668/2904/2918 1666/2905/2918
f 1667/2906/2919 1670/2907/2919 1668/2904/2919
f 1669/2908/2920 1672/2909/2920 1670/2907/2920
f 1671/2910/2921 1674/2911/2921 1672/2909/2921
f 1673/2912/2922 1676/2913/2922 1674/2911/2922
f 1675/2914/2923 1678/2915/2923 1676/2913/2923
f 1677/2916/2924 1680/2917/2924 1678/2915/2924
f 1679/2918/2925 1682/2919/2925 1680/2917/2925
f 1681/2920/2926 1684/2921/2926 1682/2919/2926
f 1683/2922/2927 1686/2923/2927 1684/2921/2927
f 1685/2924/2928 1688/2925/2928 1686/2923/2928
f 1687/2926/2929 1690/2927/2929 1688/2925/2929
f 1689/2928/2930 1692/2929/2930 1690/2927/2930
f 1691/2930/2931 1694/2931/2931 1692/2929/2931
f 1693/2932/2932 1696/2933/2932 1694/2931/2932
f 1695/2934/2933 1698/2935/2933 1696/2933/2933
f 1699/2936/2934 1698/2935/2934 1697/2937/2934
f 1701/2938/2935 1700/2939/2935 1699/2936/2935
f 1703/2940/2936 1702/2941/2936 1701/2938/2936
f 1705/2942/2937 1704/2943/2937 1703/2940/2937
f 1707/2944/2938 1706/2945/2938 1705/2942/2938
f 1709/2946/2939 1708/2947/2939 1707/2944/2939
f 1647/2887/2940 1710/2948/2940 1709/2946/2940
f 1711/2949/2941 1706/2945/2941 1708/2947/2941
f 1690/2927/2942 1714/2950/2942 1688/2925/2942
f 1715/2951/2943 1676/2913/2943 1678/2915/2943
f 1717/2952/2944 1658/2897/2944 1660/2899/2944
f 1719/2953/2945 1694/2931/2945 1696/2933/2945
f 1649/2889/2946 1722/2954/2946 1650/2886/2946
f 1698/2935/2947 1719/2953/2947 1696/2933/2947
f 1686/2923/2948 1725/2955/2948 1684/2921/2948
f 1668/2904/2949 1727/2956/2949 1666/2905/2949
f 1704/2943/2950 1729/2957/2950 1702/2941/2950
f 1730/2958/2951 1654/2893/2951 1656/2895/2951
f 1712/2959/2952 1704/2943/2952 1706/2945/2952
f 1722/2954/2953 1710/2948/2953 1650/2886/2953
f 1676/2913/2954 1733/2960/2954 1674/2911/2954
f 1658/2897/2955 1730/2958/2955 1656/2895/2955
f 1694/2931/2956 1734/2961/2956 1692/2929/2956
f 1735/2962/2957 1662/2901/2957 1664/2903/2957
f 1727/2956/2958 1664/2903/2958 1666/2905/2958
f 1729/2957/2959 1700/2939/2959 1702/2941/2959
f 1725/2955/2960 1682/2919/2960 1684/2921/2960
f 1654/2893/2961 1739/2963/2961 1652/2891/2961
f 1672/2909/2962 1741/2964/2962 1670/2907/2962
f 1710/2948/2963 1711/2949/2963 1708/2947/2963
f 1734/2961/2964 1690/2927/2964 1692/2929/2964
f 1733/2960/2965 1672/2909/2965 1674/2911/2965
f 1680/2917/2966 1715/2951/2966 1678/2915/2966
f 1736/2965/2967 1660/2899/2967 1662/2901/2967
f 1700/2939/2968 1723/2966/2968 1698/2935/2968
f 1738/2967/2969 1680/2917/2969 1682/2919/2969
f 1739/2963/2970 1649/2889/2970 1652/2891/2970
f 1688/2925/2971 1724/2968/2971 1686/2923/2971
f 1670/2907/2972 1726/2969/2972 1668/2904/2972
f 1552/2789/2973 1553/2792/2973 1554/2790/2973
f 1553/2792/2846 1555/2794/2846 1556/2793/2846
f 1555/2794/2847 1557/2796/2847 1558/2795/2847
f 1557/2796/2974 1559/2798/2974 1560/2797/2974
f 1559/2798/2975 1561/2800/2975 1562/2799/2975
f 1561/2800/2850 1563/2802/2850 1564/2801/2850
f 1563/2802/2976 1565/2804/2976 1566/2803/2976
f 1565/2804/2852 1567/2806/2852 1568/2805/2852
f 1567/2806/2977 1569/2875/2977 1570/2807/2977
f 1570/2807/2854 1569/2875/2854 1571/2808/2854
f 1572/2809/2978 1571/2808/2978 1573/2810/2978
f 1574/2811/2979 1573/2810/2979 1575/2812/2979
f 1576/2813/2980 1575/2812/2980 1577/2814/2980
f 1578/2815/2858 1577/2814/2858 1579/2816/2858
f 1580/2817/2859 1579/2816/2859 1581/2818/2859
f 1582/2819/2860 1581/2818/2860 1583/2820/2860
f 1584/2821/2861 1583/2820/2861 1585/2822/2861
f 1586/2823/2981 1585/2822/2981 1587/2824/2981
f 1588/2825/2863 1587/2824/2863 1589/2826/2863
f 1590/2827/2982 1589/2826/2982 1591/2828/2982
f 1592/2829/2865 1591/2828/2865 1593/2830/2865
f 1594/2831/2866 1593/2830/2866 1595/2832/2866
f 1596/2833/2983 1595/2832/2983 1597/2834/2983
f 1598/2835/2984 1597/2834/2984 1599/2836/2984
f 1600/2837/2985 1599/2836/2985 1601/2838/2985
f 1601/2838/2870 1603/2841/2870 1604/2840/2870
f 1603/2841/2871 1605/2843/2871 1606/2842/2871
f 1605/2843/2986 1607/2845/2986 1608/2844/2986
f 1607/2845/2987 1609/2847/2987 1610/2846/2987
f 1609/2847/2874 1611/2849/2874 1612/2848/2874
f 1611/2849/2988 1613/2851/2988 1614/2850/2988
f 1613/2851/2989 1552/2789/2989 1551/2791/2989
f 1609/2847/2990 1615/2867/2990 1616/2852/2990
f 1591/2828/2878 1617/2884/2878 1618/2853/2878
f 1579/2816/2991 1619/2871/2991 1620/2854/2991
f 1561/2800/2880 1621/2872/2880 1622/2855/2880
f 1597/2834/2881 1623/2873/2881 1624/2856/2881
f 1552/2789/2882 1625/2869/2882 1626/2857/2882
f 1601/2838/2992 1599/2836/2992 1624/2856/2992
f 1589/2826/2884 1587/2824/2884 1628/2859/2884
f 1571/2808/2993 1569/2875/2993 1630/2861/2993
f 1607/2845/2994 1605/2843/2994 1632/2863/2994
f 1559/2798/2887 1557/2796/2887 1634/2865/2887
f 1607/2845/2995 1633/2864/2995 1615/2867/2995
f 1552/2789/2889 1613/2851/2889 1636/2868/2889
f 1579/2816/2996 1577/2814/2996 1637/2870/2996
f 1559/2798/2891 1635/2866/2891 1621/2872/2891
f 1595/2832/2997 1638/2879/2997 1623/2873/2997
f 1565/2804/2893 1639/2881/2893 1640/2874/2893
f 1569/2875/2998 1567/2806/2998 1640/2874/2998
f 1603/2841/2895 1641/2882/2895 1632/2863/2895
f 1585/2822/2999 1642/2883/2999 1628/2859/2999
f 1557/2796/3000 1555/2794/3000 1643/2876/3000
f 1575/2812/3001 1573/2810/3001 1644/2877/3001
f 1613/2851/3002 1611/2849/3002 1616/2852/3002
f 1595/2832/3003 1593/2830/3003 1618/2853/3003
f 1575/2812/2901 1645/2878/2901 1637/2870/2901
f 1583/2820/3004 1581/2818/3004 1620/2854/3004
f 1563/2802/2903 1622/2855/2903 1639/2881/2903
f 1603/2841/2904 1601/2838/2904 1627/2858/2904
f 1583/2820/3005 1646/2880/3005 1642/2883/3005
f 1553/2792/2906 1626/2857/2906 1643/2876/2906
f 1591/2828/3006 1589/2826/3006 1629/2860/3006
f 1571/2808/2908 1631/2862/2908 1644/2877/2908
f 1648/2885/2909 1649/2889/2909 1650/2886/2909
f 1651/2888/2910 1652/2891/2910 1649/2889/2910
f 1653/2890/2911 1654/2893/2911 1652/2891/2911
f 1655/2892/2912 1656/2895/2912 1654/2893/2912
f 1657/2894/2913 1658/2897/2913 1656/2895/2913
f 1659/2896/2914 1660/2899/2914 1658/2897/2914
f 1661/2898/2915 1662/2901/2915 1660/2899/2915
f 1663/2900/3007 1664/2903/3007 1662/2901/3007
f 1665/2902/2917 1666/2905/2917 1664/2903/2917
f 1665/2902/2918 1667/2906/2918 1668/2904/2918
f 1667/2906/2919 1669/2908/2919 1670/2907/2919
f 1669/2908/3008 1671/2910/3008 1672/2909/3008
f 1671/2910/3009 1673/2912/3009 1674/2911/3009
f 1673/2912/2922 1675/2914/2922 1676/2913/2922
f 1675/2914/2923 1677/2916/2923 1678/2915/2923
f 1677/2916/3010 1679/2918/3010 1680/2917/3010
f 1679/2918/2925 1681/2920/2925 1682/2919/2925
f 1681/2920/2926 1683/2922/2926 1684/2921/2926
f 1683/2922/2927 1685/2924/2927 1686/2923/2927
f 1685/2924/2928 1687/2926/2928 1688/2925/2928
f 1687/2926/2929 1689/2928/2929 1690/2927/2929
f 1689/2928/2930 1691/2930/2930 1692/2929/2930
f 1691/2930/3011 1693/2932/3011 1694/2931/3011
f 1693/2932/3012 1695/2934/3012 1696/2933/3012
f 1695/2934/3013 1697/2937/3013 1698/2935/3013
f 1699/2936/3014 1700/2939/3014 1698/2935/3014
f 1701/2938/2935 1702/2941/2935 1700/2939/2935
f 1703/2940/3015 1704/2943/3015 1702/2941/3015
f 1705/2942/3016 1706/2945/3016 1704/2943/3016
f 1707/2944/2938 1708/2947/2938 1706/2945/2938
f 1709/2946/2939 1710/2948/2939 1708/2947/2939
f 1647/2887/2940 1650/2886/2940 1710/2948/2940
f 1711/2949/3017 1712/2959/3017 1706/2945/3017
f 1690/2927/3018 1713/2970/3018 1714/2950/3018
f 1715/2951/3019 1716/2971/3019 1676/2913/3019
f 1717/2952/3020 1718/2972/3020 1658/2897/3020
f 1719/2953/3021 1720/2973/3021 1694/2931/3021
f 1649/2889/3022 1721/2974/3022 1722/2954/3022
f 1698/2935/3023 1723/2966/3023 1719/2953/3023
f 1686/2923/3024 1724/2968/3024 1725/2955/3024
f 1668/2904/3025 1726/2969/3025 1727/2956/3025
f 1704/2943/3026 1728/2975/3026 1729/2957/3026
f 1730/2958/3027 1731/2976/3027 1654/2893/3027
f 1712/2959/3028 1728/2975/3028 1704/2943/3028
f 1722/2954/2953 1732/2977/2953 1710/2948/2953
f 1676/2913/3029 1716/2971/3029 1733/2960/3029
f 1658/2897/3030 1718/2972/3030 1730/2958/3030
f 1694/2931/2956 1720/2973/2956 1734/2961/2956
f 1735/2962/2957 1736/2965/2957 1662/2901/2957
f 1727/2956/2958 1735/2962/2958 1664/2903/2958
f 1729/2957/2959 1737/2978/2959 1700/2939/2959
f 1725/2955/3031 1738/2967/3031 1682/2919/3031
f 1654/2893/3032 1731/2976/3032 1739/2963/3032
f 1672/2909/3033 1740/2979/3033 1741/2964/3033
f 1710/2948/2963 1732/2977/2963 1711/2949/2963
f 1734/2961/3034 1713/2970/3034 1690/2927/3034
f 1733/2960/3035 1740/2979/3035 1672/2909/3035
f 1680/2917/3036 1742/2980/3036 1715/2951/3036
f 1736/2965/3037 1717/2952/3037 1660/2899/3037
f 1700/2939/3038 1737/2978/3038 1723/2966/3038
f 1738/2967/3039 1742/2980/3039 1680/2917/3039
f 1739/2963/3040 1721/2974/3040 1649/2889/3040
f 1688/2925/3041 1714/2950/3041 1724/2968/3041
f 1670/2907/3042 1741/2964/3042 1726/2969/3042
usemtl col_shock
f 1744/2981/1662 1774/2982/1662 1743/2983/1662
f 1746/2984/1654 1744/2981/1654 1745/2985/1654
f 1750/2986/1654 1744/2981/1654 1746/2984/1654
f 1750/2986/1659 1746/2984/1659 1749/2987/1659
f 1753/2988/1655 1754/2989/1655 1752/2990/1655
f 1752/2990/1654 1754/2989/1654 1751/2991/1654
f 1751/2991/1654 1754/2989/1654 1750/2986/1654
f 1754/2989/1654 1774/2982/1654 1750/2986/1654
f 1750/2986/1654 1774/2982/1654 1744/2981/1654
f 1754/2989/1654 1758/2992/1654 1774/2982/1654
f 1758/2992/1654 1762/2993/1654 1774/2982/1654
f 1762/2993/1654 1766/2994/1654 1774/2982/1654
f 1774/2982/1654 1766/2994/1654 1772/2995/1654
f 1774/2982/1664 1772/2995/1664 1773/2996/1664
f 1770/2997/3043 1768/2998/3043 1769/2999/3043
f 1770/2997/3044 1767/3000/3044 1768/2998/3044
f 1764/3001/1654 1766/2994/1654 1763/3002/1654
f 1763/3002/1654 1766/2994/1654 1762/2993/1654
f 1759/3003/1656 1760/3004/1656 1758/2992/1656
f 1757/3005/1656 1758/2992/1656 1756/3006/1656
f 1756/3006/1654 1758/2992/1654 1754/2989/1654
f 1755/3007/1664 1756/3006/1664 1754/2989/1664
f 1760/3004/1655 1762/2993/1655 1758/2992/1655
f 1761/3008/1664 1762/2993/1664 1760/3004/1664
f 1765/3009/3045 1766/2994/3045 1764/3001/3045
f 1770/2997/1653 1766/2994/1653 1767/3000/1653
f 1772/2995/1654 1766/2994/1654 1770/2997/1654
f 1772/2995/1654 1770/2997/1654 1771/3010/1654
f 1749/2987/1728 1746/2984/1728 1748/3011/1728
f 1748/3011/3046 1746/2984/3046 1747/3012/3046
f 1774/2982/365 1016/740/365 1046/755/365
f 2591/2418/356 2590/2419/356 1765/3009/356
f 2584/2416/3047 1764/3001/3047 2532/2401/3047
f 1053/767/356 2591/2418/356 1054/776/356
f 1054/776/356 2591/2418/356 2584/2416/356
f 2552/2407/520 1755/3007/520 2551/2409/520
f 1756/3006/379 2556/2408/379 2171/2339/379
f 2172/2343/379 2556/2408/379 1062/774/379
f 1063/2423/379 2556/2408/379 2552/2407/379
f 1758/2992/3048 2437/2380/3048 2572/2415/3048
f 1759/3003/3049 2370/2366/3049 2371/2367/3049
f 2437/2380/517 2581/2414/517 2572/2415/517
f 1060/753/350 1059/779/350 2371/2367/350
f 1750/2986/373 1749/2987/373 1069/777/373
f 1069/777/3050 1841/2432/3050 1840/2337/3050
f 1840/2337/520 1068/778/520 2156/2336/520
f 2365/2364/517 2372/2368/517 2364/2363/517
f 1759/3003/351 2372/2368/351 1760/3004/351
f 2371/2367/351 1059/779/351 2372/2368/351
f 1059/779/520 2365/2364/520 2364/2363/520
f 1768/2998/360 1049/769/360 1769/2999/360
f 1049/769/360 1768/2998/360 2031/2361/360
f 2031/2361/360 2358/2360/360 1050/2420/360
f 1064/783/377 1753/2988/377 1065/782/377
f 1745/2985/368 1744/2981/368 1074/761/368
f 1745/2985/3051 2089/2397/3051 2517/2395/3051
f 2089/2397/520 2516/2396/520 2517/2395/520
f 1762/2993/1652 1055/2422/1652 1763/3002/1652
f 1762/2993/1652 2426/2374/1652 2129/2375/1652
f 2129/2375/520 2426/2374/520 2425/2373/520
f 1016/740/364 1772/2995/364 1015/763/364
f 2531/2400/427 1764/3001/427 1055/2422/427
f 1763/3002/427 1055/2422/427 1764/3001/427
f 1054/776/427 2531/2400/427 1055/2422/427
f 2239/2350/372 1749/2987/372 2240/2349/372
f 2233/2351/3052 1748/3011/3052 2225/2346/3052
f 1069/777/372 2240/2349/372 1070/2426/372
f 2225/2346/3053 2240/2349/3053 2233/2351/3053
f 1767/3000/358 2542/2404/358 1051/2421/358
f 2405/2406/31 2536/2405/31 2543/2403/31
f 1052/768/358 2543/2403/358 2536/2405/358
f 1051/2421/358 2543/2403/358 1052/768/358
f 1758/2992/3054 2436/2379/3054 2437/2380/3054
f 2446/2378/382 1757/3005/382 2445/2377/382
f 2445/2377/382 1061/765/382 2446/2378/382
f 1061/765/382 1060/753/382 2437/2380/382
f 1743/2983/366 1046/755/366 1045/756/366
f 1767/3000/359 2323/2357/359 2343/2362/359
f 2322/2356/359 1767/3000/359 1051/2421/359
f 2323/2357/3055 2358/2360/3055 2343/2362/3055
f 2323/2357/359 1051/2421/359 1050/2420/359
f 1771/3010/362 1048/770/362 1047/757/362
f 1065/782/376 1753/2988/376 1066/2424/376
f 1752/2990/1648 2512/2394/1648 2511/2393/1648
f 2511/2393/1648 2512/2394/1648 1066/2424/1648
f 1744/2981/367 1045/756/367 1074/761/367
f 1762/2993/353 2568/2412/353 2569/2410/353
f 2568/2412/353 1761/3008/353 2567/2413/353
f 1057/759/353 2568/2412/353 2567/2413/353
f 1056/760/353 2569/2410/353 2568/2412/353
f 1071/762/393 1746/2984/393 1072/2427/393
f 1772/2995/363 1047/757/363 1015/763/363
f 1748/3011/1649 1747/3012/1649 1071/762/1649
f 1748/3011/371 1071/762/371 1815/2345/371
f 1815/2345/371 1070/2426/371 2225/2346/371
f 1766/2994/357 2407/2371/357 2406/2565/357
f 2407/2371/357 1765/3009/357 2386/2370/357
f 1053/767/357 2407/2371/357 2386/2370/357
f 2407/2371/357 1052/768/357 2406/2565/357
f 1757/3005/3047 2188/2342/3047 2445/2377/3047
f 2185/2341/381 1756/3006/381 2172/2343/381
f 1062/774/520 2174/2340/520 2172/2343/520
f 2185/2341/381 1061/765/381 2445/2377/381
f 1839/2335/374 1750/2986/374 2156/2336/374
f 1751/2991/374 1750/2986/374 1067/2425/374
f 1068/778/374 1839/2335/374 2156/2336/374
f 1770/2997/361 1049/769/361 1048/770/361
f 1761/3008/3056 2464/2385/3056 2466/2386/3056
f 2366/2369/3057 1760/3004/3057 2365/2364/3057
f 2366/2369/3058 2365/2364/3058 1058/772/3058
f 2472/2387/3059 2567/2413/3059 2559/2411/3059
f 1752/2990/375 1751/2991/375 1067/2425/375
f 1752/2990/1651 1855/2388/1651 2476/2389/1651
f 1855/2388/1651 1066/2424/1651 2512/2394/1651
f 1754/2989/378 1064/783/378 1755/3007/378
f 1755/3007/378 1917/2383/378 2452/2382/378
f 2453/2381/378 1917/2383/378 1063/2423/378
f 1746/2984/369 1073/2428/369 1072/2427/369
f 2248/2353/369 1896/2352/369 1746/2984/369
f 1896/2352/369 2516/2396/369 1073/2428/369
f 1232/897/1638 2815/2526/1638 2814/2525/1638
f 2810/2542/1638 1228/2545/1638 2809/2524/1638
f 1224/918/1637 2789/2523/1637 2809/2524/1637
f 1224/918/3060 2784/2530/3060 2788/2529/3060
f 1227/2543/1638 1224/918/1638 1228/2545/1638
f 1226/2541/1637 1224/918/1637 1227/2543/1637
f 1225/917/3061 1224/918/3061 1226/2541/3061
f 1232/897/1739 1231/898/1739 2802/2547/1739
f 1230/2544/1638 1228/2545/1638 2817/2546/1638
f 1232/897/3062 2801/2527/3062 2800/2528/3062
f 1232/897/1639 2800/2528/1639 1234/896/1639
f 2800/2528/3063 2801/2527/3063 2814/2525/3063
f 1206/909/1638 2814/2525/1638 2815/2526/1638
f 2815/2526/1638 2809/2524/1638 1206/909/1638
f 1221/901/1638 2766/2532/1638 2788/2529/1638
f 1222/911/3064 1221/901/3064 1224/918/3064
f 2768/2572/1638 1206/909/1638 2809/2524/1638
f 2768/2572/1638 2804/2520/1638 1206/909/1638
f 1207/892/1638 1175/899/1638 1206/909/1638
f 1175/899/1637 1176/875/1637 1206/909/1637
f 1207/892/1637 1206/909/1637 2723/2521/1637
f 2764/2571/1638 2806/2570/1638 2804/2520/1638
f 2765/2540/1637 1218/907/1637 2806/2570/1637
f 1205/891/1637 1234/896/1637 2800/2528/1637
f 1234/896/3065 1233/2549/3065 1232/897/3065
f 2817/2546/1739 2802/2547/1739 1231/898/1739
f 2817/2546/1637 1231/898/1637 1230/2544/1637
f 1230/2544/1644 1229/2548/1644 1228/2545/1644
f 1223/910/1738 1222/911/1738 1224/918/1738
f 1220/889/3060 2767/2531/3060 2766/2532/3060
f 2767/2531/1642 1220/889/1642 2768/2572/1642
f 2768/2572/1639 1220/889/1639 2764/2571/1639
f 2764/2571/3066 1220/889/3066 2765/2540/3066
f 1218/907/1642 2765/2540/1642 1220/889/1642
f 1219/914/3066 1218/907/3066 1220/889/3066
f 1217/908/1637 1216/894/1637 1218/907/1637
f 1216/894/1638 1212/904/1638 1218/907/1638
f 1212/904/1638 2806/2570/1638 1218/907/1638
f 1212/904/1638 2804/2520/1638 2806/2570/1638
f 1208/906/1638 2805/2533/1638 2804/2520/1638
f 2721/2522/3067 2805/2533/3067 1208/906/3067
f 2731/2538/1640 1208/906/1640 1212/904/1640
f 1210/2534/1637 1208/906/1637 2731/2538/1637
f 1210/2534/1640 1209/905/1640 1208/906/1640
f 1212/904/1642 1216/894/1642 2743/2536/1642
f 1214/913/1638 1212/904/1638 2808/2535/1638
f 1213/903/1638 1212/904/1638 1214/913/1638
f 2743/2536/1640 1215/2537/1640 2808/2535/1640
f 2808/2535/1639 1215/2537/1639 1214/913/1639
f 1212/904/1640 1211/2539/1640 2731/2538/1640
f 2731/2538/1640 1211/2539/1640 1210/2534/1640
f 1776/3013/1662 1806/3014/1662 1775/3015/1662
f 1778/3016/1655 1806/3014/1655 1777/3017/1655
f 1777/3017/1656 1806/3014/1656 1776/3013/1656
f 1794/3018/1654 1778/3016/1654 1790/3019/1654
f 1782/3020/1654 1790/3019/1654 1778/3016/1654
f 1782/3020/1654 1778/3016/1654 1779/3021/1654
f 1782/3020/1655 1779/3021/1655 1780/3022/1655
f 1782/3020/3046 1780/3022/3046 1781/3023/3046
f 1784/3024/3068 1782/3020/3068 1783/3025/3068
f 1785/3026/1654 1782/3020/1654 1784/3024/1654
f 1785/3026/1654 1786/3027/1654 1782/3020/1654
f 1786/3027/1654 1790/3019/1654 1782/3020/1654
f 1787/3028/1654 1790/3019/1654 1786/3027/1654
f 1789/3029/1664 1790/3019/1664 1788/3030/1664
f 1788/3030/1656 1790/3019/1656 1787/3028/1656
f 1791/3031/1656 1792/3032/1656 1790/3019/1656
f 1792/3032/1664 1793/3033/1664 1790/3019/1664
f 1793/3033/1654 1794/3018/1654 1790/3019/1654
f 1794/3018/1654 1798/3034/1654 1806/3014/1654
f 1806/3014/1654 1798/3034/1654 1804/3035/1654
f 1806/3014/1654 1804/3035/1654 1805/3036/1654
f 1804/3035/3043 1802/3037/3043 1803/3038/3043
f 1799/3039/1654 1800/3040/1654 1802/3037/1654
f 1798/3034/1654 1799/3039/1654 1802/3037/1654
f 1804/3035/1654 1798/3034/1654 1802/3037/1654
f 1797/3041/1654 1798/3034/1654 1794/3018/1654
f 1796/3042/1656 1797/3041/1656 1794/3018/1656
f 1795/3043/1664 1796/3042/1664 1794/3018/1664
f 1802/3037/3069 1800/3040/3069 1801/3044/3069
f 1176/875/366 1776/3013/366 1206/909/366
f 1786/3027/375 2715/2518/375 2710/2516/375
f 1785/3026/375 2715/2518/375 1786/3027/375
f 2627/2503/375 2715/2518/375 1213/903/375
f 2715/2518/375 2714/2519/375 1213/903/375
f 1795/3043/352 2689/2509/352 2682/2510/352
f 2482/2438/520 1794/3018/520 2481/2439/520
f 1222/911/352 1223/910/352 2689/2509/352
f 2682/2510/520 1223/910/520 2683/2568/520
f 1792/3032/382 2707/2515/382 2705/2514/382
f 2555/2468/3070 1791/3031/3070 2554/2469/3070
f 2707/2515/3071 2580/2479/3071 2705/2514/3071
f 2555/2468/3072 2554/2469/3072 1219/914/3072
f 1801/3044/358 2811/2555/358 1229/2548/358
f 2811/2555/3073 2479/2435/3073 2793/2553/3073
f 1228/2545/358 1229/2548/358 2811/2555/358
f 2812/2556/358 1228/2545/358 2811/2555/358
f 2478/2436/120 1228/2545/120 2793/2553/120
f 2548/2464/3074 1790/3019/3074 2547/2465/3074
f 1791/3031/381 2553/2470/381 2554/2469/381
f 1219/914/381 2554/2469/381 2553/2470/381
f 1218/907/381 2553/2470/381 2548/2464/381
f 2538/2462/371 1782/3020/371 1781/3023/371
f 1781/3023/371 1209/905/371 2539/2463/371
f 2539/2463/371 1210/2534/371 2538/2462/371
f 2537/2566/371 2538/2462/371 1210/2534/371
f 1225/917/354 1796/3042/354 1224/918/354
f 1805/3036/363 2619/2497/363 2622/2499/363
f 1234/896/363 1806/3014/363 1812/2498/363
f 2622/2499/363 1233/2549/363 1812/2498/363
f 1233/2549/520 2618/2496/520 2619/2497/520
f 1788/3030/428 1787/3028/428 1215/2537/428
f 1788/3030/428 1816/2475/428 2570/2477/428
f 2702/2513/3075 2571/2474/3075 1816/2475/3075
f 1176/875/367 1778/3016/367 1777/3017/367
f 1787/3028/376 1786/3027/376 1215/2537/376
f 2643/2500/376 1786/3027/376 2644/2501/376
f 1214/913/376 2643/2500/376 2644/2501/376
f 1801/3044/359 2500/2449/359 2491/2443/359
f 2499/2450/3076 1801/3044/3076 1229/2548/3076
f 2500/2449/359 1229/2548/359 1230/2544/359
f 2500/2449/3077 2495/2445/3077 2491/2443/3077
f 2674/2505/3078 2664/2507/3078 2564/2508/3078
f 1783/3025/373 2673/2506/373 2674/2505/373
f 2564/2508/3079 2664/2507/3079 1212/904/3079
f 1211/2539/373 2674/2505/373 2673/2506/373
f 1793/3033/350 2585/2480/350 2586/2481/350
f 2579/2478/3054 1792/3032/3054 2580/2479/3054
f 1221/901/350 2586/2481/350 2585/2480/350
f 1220/889/350 1221/901/350 2585/2480/350
f 1206/909/365 1775/3015/365 1205/891/365
f 2529/2457/372 1783/3025/372 2530/2458/372
f 2525/2459/3080 1782/3020/3080 2537/2566/3080
f 2530/2458/3081 2525/2459/3081 2537/2566/3081
f 1211/2539/372 2530/2458/372 1210/2534/372
f 1207/892/369 1780/3022/369 1779/3021/369
f 2610/2494/427 1798/3034/427 1225/917/427
f 1797/3041/427 1225/917/427 1798/3034/427
f 2611/2495/3082 2610/2494/3082 1226/2541/3082
f 1205/891/364 1806/3014/364 1234/896/364
f 2704/2512/378 1788/3030/378 2702/2513/378
f 2703/2569/378 1789/3029/378 2704/2512/378
f 2704/2512/378 1217/908/378 2703/2569/378
f 2702/2513/378 1216/894/378 2704/2512/378
f 1231/898/361 1804/3035/361 1803/3038/361
f 1207/892/368 1778/3016/368 1175/899/368
f 1802/3037/360 2495/2445/360 2496/2444/360
f 1803/3038/360 2790/2551/360 1231/898/360
f 2495/2445/360 2790/2551/360 2496/2444/360
f 1230/2544/360 1231/898/360 2790/2551/360
f 1784/3024/374 2566/2472/374 1785/3026/374
f 2714/2519/374 1785/3026/374 2566/2472/374
f 2566/2472/374 2565/2567/374 1212/904/374
f 2566/2472/374 1213/903/374 2714/2519/374
f 2481/2439/520 2485/2440/520 2480/2442/520
f 1794/3018/3074 2586/2481/3074 2486/2441/3074
f 1221/901/520 2481/2439/520 2480/2442/520
f 2586/2481/517 2485/2440/517 2486/2441/517
f 2477/2434/357 1800/3040/357 1227/2543/357
f 1799/3039/357 1227/2543/357 1800/3040/357
f 1228/2545/357 2477/2434/357 1227/2543/357
f 1209/905/393 1780/3022/393 1208/906/393
f 1790/3019/379 2597/2488/379 2546/2466/379
f 2596/2487/379 2597/2488/379 1789/3029/379
f 1218/907/379 2546/2466/379 2597/2488/379
f 2691/2511/379 1217/908/379 2597/2488/379
f 1798/3034/3083 2601/2490/3083 2602/2492/3083
f 1799/3039/356 2797/2554/356 1227/2543/356
f 2601/2490/520 2611/2495/520 1226/2541/520
f 1226/2541/356 1227/2543/356 2797/2554/356
f 1795/3043/353 1224/918/353 1796/3042/353
f 1795/3043/353 2588/2483/353 2592/2482/353
f 2683/2568/353 1223/910/353 2592/2482/353
f 1805/3036/362 2503/2452/362 2506/2454/362
f 1805/3036/362 1804/3035/362 1232/897/362
f 2503/2452/3084 2619/2497/3084 2506/2454/3084
f 1774/2982/365 1773/2996/365 1016/740/365
f 2527/2399/520 2528/2398/520 2584/2416/520
f 2591/2418/356 1765/3009/356 1764/3001/356
f 2532/2401/520 2527/2399/520 2584/2416/520
f 2584/2416/356 2591/2418/356 1764/3001/356
f 1053/767/356 2590/2419/356 2591/2418/356
f 2584/2416/520 2528/2398/520 2527/2399/520
f 2584/2416/520 2527/2399/520 2532/2401/520
f 2584/2416/3085 2532/2401/3085 1054/776/3085
f 2552/2407/379 2556/2408/379 1755/3007/379
f 2171/2339/520 2172/2343/520 1756/3006/520
f 1756/3006/379 1755/3007/379 2556/2408/379
f 2172/2343/3086 2171/2339/3086 2556/2408/3086
f 2552/2407/520 2551/2409/520 1063/2423/520
f 1063/2423/379 1062/774/379 2556/2408/379
f 2572/2415/350 2581/2414/350 1759/3003/350
f 1759/3003/350 1758/2992/350 2572/2415/350
f 1759/3003/350 2581/2414/350 2370/2366/350
f 2437/2380/350 1060/753/350 2581/2414/350
f 2370/2366/3087 2581/2414/3087 2371/2367/3087
f 2581/2414/394 1060/753/394 2371/2367/394
f 1840/2337/520 2156/2336/520 1750/2986/520
f 1069/777/373 1068/778/373 1841/2432/373
f 1840/2337/373 1750/2986/373 1069/777/373
f 1840/2337/3088 1841/2432/3088 1068/778/3088
f 2365/2364/351 1760/3004/351 2372/2368/351
f 1759/3003/351 2371/2367/351 2372/2368/351
f 2364/2363/351 2372/2368/351 1059/779/351
f 1059/779/351 1058/772/351 2365/2364/351
f 2031/2361/360 1050/2420/360 1049/769/360
f 1768/2998/360 2358/2360/360 2031/2361/360
f 1064/783/377 1754/2989/377 1753/2988/377
f 1074/761/368 1073/2428/368 2089/2397/368
f 2517/2395/520 2516/2396/520 1745/2985/520
f 1745/2985/368 1074/761/368 2089/2397/368
f 2089/2397/3051 1073/2428/3051 2516/2396/3051
f 2569/2410/509 2425/2373/509 2426/2374/509
f 2129/2375/1652 1055/2422/1652 1762/2993/1652
f 1762/2993/3089 2569/2410/3089 2426/2374/3089
f 2425/2373/3090 2569/2410/3090 2129/2375/3090
f 2569/2410/1652 1056/760/1652 2129/2375/1652
f 1056/760/1652 1055/2422/1652 2129/2375/1652
f 1016/740/364 1773/2996/364 1772/2995/364
f 2531/2400/427 2532/2401/427 1764/3001/427
f 1054/776/427 2532/2401/427 2531/2400/427
f 2239/2350/3091 1069/777/3091 1749/2987/3091
f 2212/2344/520 2211/2347/520 2233/2351/520
f 2240/2349/372 1749/2987/372 1748/3011/372
f 2225/2346/520 2212/2344/520 2233/2351/520
f 2233/2351/372 2240/2349/372 1748/3011/372
f 1069/777/372 2239/2350/372 2240/2349/372
f 2233/2351/520 2211/2347/520 2212/2344/520
f 2225/2346/372 1070/2426/372 2240/2349/372
f 2233/2351/520 2212/2344/520 2225/2346/520
f 1767/3000/358 2543/2403/358 2542/2404/358
f 2543/2403/358 1767/3000/358 1766/2994/358
f 1766/2994/358 2406/2565/358 2543/2403/358
f 2406/2565/31 2405/2406/31 2543/2403/31
f 2536/2405/3092 2405/2406/3092 1052/768/3092
f 2405/2406/3093 2406/2565/3093 1052/768/3093
f 1051/2421/358 2542/2404/358 2543/2403/358
f 1758/2992/3094 2446/2378/3094 2436/2379/3094
f 2446/2378/382 1758/2992/382 1757/3005/382
f 2436/2379/517 2446/2378/517 2437/2380/517
f 2446/2378/3094 1061/765/3094 2437/2380/3094
f 1743/2983/366 1774/2982/366 1046/755/366
f 2358/2360/3095 1768/2998/3095 2343/2362/3095
f 1768/2998/359 1767/3000/359 2343/2362/359
f 2295/2358/520 2296/2355/520 2343/2362/520
f 2323/2357/3096 2295/2358/3096 2343/2362/3096
f 2322/2356/359 2323/2357/359 1767/3000/359
f 2343/2362/520 2296/2355/520 2295/2358/520
f 2323/2357/359 1050/2420/359 2358/2360/359
f 2343/2362/517 2295/2358/517 2323/2357/517
f 2323/2357/359 2322/2356/359 1051/2421/359
f 1771/3010/362 1770/2997/362 1048/770/362
f 2511/2393/376 1066/2424/376 1753/2988/376
f 1753/2988/376 1752/2990/376 2511/2393/376
f 1744/2981/367 1743/2983/367 1045/756/367
f 1762/2993/353 1761/3008/353 2568/2412/353
f 1057/759/353 1056/760/353 2568/2412/353
f 1071/762/393 1747/3012/393 1746/2984/393
f 1772/2995/363 1771/3010/363 1047/757/363
f 1815/2345/371 2225/2346/371 1748/3011/371
f 1071/762/371 1070/2426/371 1815/2345/371
f 1766/2994/357 1765/3009/357 2407/2371/357
f 2590/2419/520 2385/2372/520 2386/2370/520
f 1765/3009/520 2590/2419/520 2386/2370/520
f 1053/767/357 1052/768/357 2407/2371/357
f 2386/2370/520 2385/2372/520 2590/2419/520
f 2386/2370/520 2590/2419/520 1053/767/520
f 1757/3005/381 2185/2341/381 2188/2342/381
f 2172/2343/963 2174/2340/963 2185/2341/963
f 2185/2341/381 1757/3005/381 1756/3006/381
f 1062/774/381 2185/2341/381 2174/2340/381
f 2445/2377/3097 2188/2342/3097 2185/2341/3097
f 2185/2341/381 1062/774/381 1061/765/381
f 1839/2335/374 1067/2425/374 1750/2986/374
f 1068/778/374 1067/2425/374 1839/2335/374
f 1770/2997/361 1769/2999/361 1049/769/361
f 2559/2411/3098 2567/2413/3098 1761/3008/3098
f 1761/3008/352 1760/3004/352 2472/2387/352
f 1761/3008/352 2472/2387/352 2464/2385/352
f 2466/2386/3099 2559/2411/3099 1761/3008/3099
f 2366/2369/352 2472/2387/352 1760/3004/352
f 1057/759/352 2472/2387/352 1058/772/352
f 2472/2387/352 2366/2369/352 1058/772/352
f 2466/2386/2615 2464/2385/2615 2472/2387/2615
f 2472/2387/352 1057/759/352 2567/2413/352
f 2559/2411/3100 2466/2386/3100 2472/2387/3100
f 2476/2389/520 2475/2391/520 2512/2394/520
f 1752/2990/375 1067/2425/375 1855/2388/375
f 2476/2389/520 2512/2394/520 1752/2990/520
f 1855/2388/375 1067/2425/375 1066/2424/375
f 2512/2394/520 2475/2391/520 2476/2389/520
f 2512/2394/520 2476/2389/520 1855/2388/520
f 1064/783/378 1063/2423/378 1917/2383/378
f 2452/2382/520 2453/2381/520 2551/2409/520
f 1755/3007/378 1064/783/378 1917/2383/378
f 2452/2382/520 2551/2409/520 1755/3007/520
f 1063/2423/520 2551/2409/520 2453/2381/520
f 2453/2381/520 2452/2382/520 1917/2383/520
f 1896/2352/369 1073/2428/369 1746/2984/369
f 1746/2984/369 1745/2985/369 2248/2353/369
f 1745/2985/3101 2516/2396/3101 2248/2353/3101
f 1896/2352/3102 2248/2353/3102 2516/2396/3102
f 1232/897/1638 1228/2545/1638 2815/2526/1638
f 2810/2542/1638 2815/2526/1638 1228/2545/1638
f 1228/2545/1638 1224/918/1638 2809/2524/1638
f 1224/918/1637 2788/2529/1637 2789/2523/1637
f 2802/2547/3103 2817/2546/3103 1232/897/3103
f 2817/2546/3104 1228/2545/3104 1232/897/3104
f 1232/897/1636 2814/2525/1636 2801/2527/1636
f 2814/2525/1642 1206/909/1642 1205/891/1642
f 1205/891/1639 2800/2528/1639 2814/2525/1639
f 2815/2526/1638 2810/2542/1638 2809/2524/1638
f 2784/2530/3105 1224/918/3105 1221/901/3105
f 1221/901/1639 1220/889/1639 2766/2532/1639
f 2766/2532/3106 2767/2531/3106 2788/2529/3106
f 2788/2529/1743 2784/2530/1743 1221/901/1743
f 2809/2524/1640 2789/2523/1640 2788/2529/1640
f 2788/2529/1637 2767/2531/1637 2809/2524/1637
f 2767/2531/1638 2768/2572/1638 2809/2524/1638
f 2764/2571/1638 2804/2520/1638 2768/2572/1638
f 2804/2520/1638 2805/2533/1638 1206/909/1638
f 2721/2522/1637 1208/906/1637 1207/892/1637
f 1206/909/1638 2805/2533/1638 2723/2521/1638
f 2723/2521/1638 2721/2522/1638 1207/892/1638
f 2764/2571/3066 2765/2540/3066 2806/2570/3066
f 1212/904/1638 1208/906/1638 2804/2520/1638
f 2721/2522/3107 2723/2521/3107 2805/2533/3107
f 2743/2536/1735 2808/2535/1735 1212/904/1735
f 1216/894/3066 1215/2537/3066 2743/2536/3066
f 1794/3018/1654 1806/3014/1654 1778/3016/1654
f 1176/875/366 1777/3017/366 1776/3013/366
f 2710/2516/520 2628/2502/520 2627/2503/520
f 2710/2516/520 2627/2503/520 2644/2501/520
f 2710/2516/3047 2644/2501/3047 1786/3027/3047
f 1785/3026/375 2714/2519/375 2715/2518/375
f 1213/903/375 1214/913/375 2627/2503/375
f 1214/913/3085 2644/2501/3085 2627/2503/3085
f 2627/2503/520 2628/2502/520 2710/2516/520
f 2627/2503/520 2710/2516/520 2715/2518/520
f 2682/2510/520 2683/2568/520 1795/3043/520
f 1795/3043/352 1794/3018/352 2689/2509/352
f 2482/2438/352 2689/2509/352 1794/3018/352
f 2689/2509/963 2482/2438/963 2481/2439/963
f 2481/2439/352 1222/911/352 2689/2509/352
f 2682/2510/352 2689/2509/352 1223/910/352
f 2705/2514/3054 2580/2479/3054 1792/3032/3054
f 1792/3032/382 1791/3031/382 2707/2515/382
f 2555/2468/382 2707/2515/382 1791/3031/382
f 2707/2515/382 1220/889/382 2580/2479/382
f 1220/889/382 2707/2515/382 1219/914/382
f 2707/2515/382 2555/2468/382 1219/914/382
f 2811/2555/358 1801/3044/358 2479/2435/358
f 1801/3044/358 1800/3040/358 2479/2435/358
f 2479/2435/520 2478/2436/520 2793/2553/520
f 2793/2553/358 1228/2545/358 2812/2556/358
f 2812/2556/358 2811/2555/358 2793/2553/358
f 2478/2436/520 2479/2435/520 1228/2545/520
f 2548/2464/381 2553/2470/381 1790/3019/381
f 1791/3031/381 1790/3019/381 2553/2470/381
f 2548/2464/3108 2547/2465/3108 1218/907/3108
f 1218/907/381 1219/914/381 2553/2470/381
f 2538/2462/371 2537/2566/371 1782/3020/371
f 2539/2463/371 2538/2462/371 1781/3023/371
f 1209/905/371 1210/2534/371 2539/2463/371
f 1225/917/1652 1797/3041/1652 1796/3042/1652
f 2622/2499/363 1806/3014/363 1805/3036/363
f 2619/2497/520 2618/2496/520 2622/2499/520
f 1806/3014/363 2622/2499/363 1812/2498/363
f 1812/2498/363 1233/2549/363 1234/896/363
f 1233/2549/363 2622/2499/363 2618/2496/363
f 2570/2477/517 2571/2474/517 2702/2513/517
f 1788/3030/428 1215/2537/428 1816/2475/428
f 2570/2477/3109 2702/2513/3109 1788/3030/3109
f 2571/2474/520 2570/2477/520 1816/2475/520
f 1816/2475/428 1215/2537/428 1216/894/428
f 1216/894/428 2702/2513/428 1816/2475/428
f 1176/875/367 1175/899/367 1778/3016/367
f 2643/2500/376 1215/2537/376 1786/3027/376
f 1214/913/376 1215/2537/376 2643/2500/376
f 2495/2445/3110 1802/3037/3110 2491/2443/3110
f 1802/3037/359 1801/3044/359 2491/2443/359
f 2498/2451/520 2490/2446/520 2491/2443/520
f 2500/2449/520 2498/2451/520 2491/2443/520
f 2499/2450/359 2500/2449/359 1801/3044/359
f 2500/2449/359 2499/2450/359 1229/2548/359
f 2500/2449/359 1230/2544/359 2495/2445/359
f 2491/2443/520 2490/2446/520 2498/2451/520
f 2491/2443/520 2498/2451/520 2500/2449/520
f 2564/2508/3111 2565/2567/3111 2674/2505/3111
f 2565/2567/373 1784/3024/373 2674/2505/373
f 1784/3024/373 1783/3025/373 2674/2505/373
f 1783/3025/373 1211/2539/373 2673/2506/373
f 1212/904/3112 2565/2567/3112 2564/2508/3112
f 2664/2507/373 2674/2505/373 1212/904/373
f 1211/2539/373 1212/904/373 2674/2505/373
f 1793/3033/350 1792/3032/350 2585/2480/350
f 2579/2478/394 2585/2480/394 1792/3032/394
f 2579/2478/517 2580/2479/517 2585/2480/517
f 2580/2479/394 1220/889/394 2585/2480/394
f 1206/909/365 1776/3013/365 1775/3015/365
f 2529/2457/372 1211/2539/372 1783/3025/372
f 2533/2461/520 2526/2456/520 2525/2459/520
f 2530/2458/372 1783/3025/372 1782/3020/372
f 2537/2566/520 2533/2461/520 2525/2459/520
f 2525/2459/372 2530/2458/372 1782/3020/372
f 2525/2459/520 2526/2456/520 2533/2461/520
f 2537/2566/372 1210/2534/372 2530/2458/372
f 2525/2459/520 2533/2461/520 2537/2566/520
f 1211/2539/372 2529/2457/372 2530/2458/372
f 1207/892/369 1208/906/369 1780/3022/369
f 2610/2494/3082 2611/2495/3082 1798/3034/3082
f 1225/917/427 1226/2541/427 2610/2494/427
f 1205/891/364 1775/3015/364 1806/3014/364
f 2704/2512/378 1789/3029/378 1788/3030/378
f 2704/2512/378 1216/894/378 1217/908/378
f 1231/898/361 1232/897/361 1804/3035/361
f 1207/892/368 1779/3021/368 1778/3016/368
f 2790/2551/360 1803/3038/360 2496/2444/360
f 1803/3038/360 1802/3037/360 2496/2444/360
f 2495/2445/360 1230/2544/360 2790/2551/360
f 1784/3024/374 2565/2567/374 2566/2472/374
f 2558/2471/520 2557/2473/520 2714/2519/520
f 2566/2472/520 2558/2471/520 2714/2519/520
f 2566/2472/374 1212/904/374 1213/903/374
f 2714/2519/520 2557/2473/520 2558/2471/520
f 2714/2519/520 2558/2471/520 2566/2472/520
f 2481/2439/351 1794/3018/351 2485/2440/351
f 2486/2441/351 2485/2440/351 1794/3018/351
f 1794/3018/351 1793/3033/351 2586/2481/351
f 2480/2442/351 2485/2440/351 1221/901/351
f 1221/901/351 1222/911/351 2481/2439/351
f 2586/2481/351 1221/901/351 2485/2440/351
f 2477/2434/357 2479/2435/357 1800/3040/357
f 1228/2545/357 2479/2435/357 2477/2434/357
f 1209/905/393 1781/3023/393 1780/3022/393
f 2546/2466/3057 2547/2465/3057 1790/3019/3057
f 1790/3019/379 1789/3029/379 2597/2488/379
f 1789/3029/3113 2703/2569/3113 2691/2511/3113
f 2596/2487/517 2595/2486/517 2597/2488/517
f 1789/3029/3114 2691/2511/3114 2596/2487/3114
f 1218/907/3058 2547/2465/3058 2546/2466/3058
f 2691/2511/3115 2703/2569/3115 1217/908/3115
f 1217/908/379 1218/907/379 2597/2488/379
f 2597/2488/3116 2595/2486/3116 2596/2487/3116
f 2596/2487/120 2691/2511/120 2597/2488/120
f 2797/2554/356 1799/3039/356 2602/2492/356
f 1799/3039/356 1798/3034/356 2602/2492/356
f 2611/2495/520 2600/2491/520 2601/2490/520
f 1798/3034/520 2611/2495/520 2601/2490/520
f 1226/2541/356 2797/2554/356 2601/2490/356
f 2797/2554/3083 2602/2492/3083 2601/2490/3083
f 2601/2490/520 2600/2491/520 2611/2495/520
f 2683/2568/520 2589/2484/520 2588/2483/520
f 2592/2482/353 1223/910/353 1224/918/353
f 1795/3043/520 2683/2568/520 2588/2483/520
f 2592/2482/353 1224/918/353 1795/3043/353
f 2588/2483/520 2589/2484/520 2683/2568/520
f 2592/2482/963 2588/2483/963 2683/2568/963
f 1232/897/362 1233/2549/362 2503/2452/362
f 2506/2454/3117 2619/2497/3117 1805/3036/3117
f 1805/3036/3118 1232/897/3118 2503/2452/3118
f 2503/2452/3118 1233/2549/3118 2619/2497/3118
